cell,stand,n_px,row,col
1,ADW1,128,371.34375,249.8984375
2,ADW1,105,386.26666666666665,255.94285714285715
3,ADW1,106,390.6320754716981,335.12264150943395
4,ADW1,242,392.6900826446281,347.56198347107437
5,ADW1,75,397.56,368.62666666666667
6,ADW1,106,414.92452830188677,253.12264150943398
7,ADW1,176,410.64204545454544,272.0113636363636
8,ADW1,375,410.048,289.04533333333336
9,ADW1,310,411.7096774193548,309.5838709677419
10,ADW1,352,410.40340909090907,329.9005681818182
11,ADW1,352,408.93465909090907,350.5
12,ADW1,365,408.827397260274,368.8684931506849
13,ADW1,328,408.1951219512195,389.3932926829268
14,ADW1,306,411.1372549019608,408.1503267973856
15,ADW1,135,426.0444444444444,254.73333333333332
16,ADW1,200,430.2,271.85
17,ADW1,151,431.9933774834437,286.112582781457
18,ADW1,86,425.98837209302326,314.19767441860466
19,ADW1,269,427.8884758364312,330.182156133829
20,ADW1,114,425.37719298245617,345.9298245614035
21,ADW1,66,421.45454545454544,370.27272727272725
22,ADW1,372,429.6720430107527,389.1801075268817
23,ADW1,345,430.4173913043478,410.53333333333336
24,ADW1,222,429.5810810810811,425.06756756756755
25,ADW1,179,445.54748603351953,392.78212290502796
26,ADW1,347,448.2564841498559,410.02017291066284
27,ADW1,255,450.2352941176471,425.9921568627451
28,ADW1,369,469.97831978319783,428.80216802168025
29,ADW1,260,487.39230769230767,432.09615384615387
30,ADW1,201,492.07960199004975,445.8059701492537
31,ADW1,285,508.9122807017544,450.3929824561404
32,ADW1,234,528.9358974358975,453.46153846153845
33,ADW1,146,532.2054794520548,467.33561643835617
34,ADW1,68,544.2352941176471,456.2647058823529
35,ADW1,285,548.9578947368421,471.0105263157895
36,ADW1,398,549.5477386934673,489.45477386934675
37,ADW1,284,552.137323943662,508.40492957746477
38,ADW1,128,576.171875,430.484375
39,ADW1,217,573.9677419354839,450.21198156682027
40,ADW1,292,572.0890410958904,470.11986301369865
41,ADW1,396,569.5757575757576,489.59343434343435
42,ADW1,400,569.5,509.5
43,ADW1,267,569.3258426966293,526.5168539325842
44,ADW1,98,594.7857142857143,354.7857142857143
45,ADW1,306,591.8202614379085,369.69934640522877
46,ADW1,254,593.0748031496063,388.9527559055118
47,ADW1,311,591.3247588424438,410.7170418006431
48,ADW1,326,587.7760736196319,428.8312883435583
49,ADW1,235,585.4297872340426,448.98297872340424
50,ADW1,159,583.7358490566038,468.062893081761
51,ADW1,100,582.03,489.95
52,ADW1,180,584.1944444444445,510.6722222222222
53,ADW1,66,584.0757575757576,522.7272727272727
54,ADW1,249,608.7068273092369,352.55823293172693
55,ADW1,330,607.7636363636364,369.3060606060606
56,ADW1,254,605.9606299212599,388.7795275590551
57,ADW1,181,604.3370165745856,408.0939226519337
58,ADW10,161,575.3105590062112,290.6149068322981
59,ADW10,163,575.0552147239264,307.90184049079755
60,ADW10,85,586.3058823529411,276.1764705882353
61,ADW10,277,586.4476534296028,289.7509025270758
62,ADW10,315,587.7746031746032,309.9555555555556
63,ADW10,114,589.2982456140351,323.4561403508772
64,ADW10,123,604.0650406504066,311.7317073170732
65,ADW10,118,606.0508474576271,324.2457627118644
66,ADW11,162,491.1296296296296,1195.0987654320988
67,ADW11,108,492.462962962963,1202.9537037037037
68,ADW11,233,508.0042918454936,1193.0643776824033
69,ADW11,345,510.5275362318841,1208.4666666666667
70,ADW11,116,522.8103448275862,1211.5689655172414
71,ADW12,96,836.3020833333334,109.29166666666667
72,ADW12,128,844.1328125,112.0078125
73,ADW12,236,846.7966101694915,131.30084745762713
74,ADW12,116,853.1465517241379,143.60344827586206
75,ADW12,82,864.9512195121952,146.2560975609756
76,ADW13,177,872.9774011299435,112.68926553672317
77,ADW13,111,875.0450450450451,125.24324324324324
78,ADW13,103,883.1844660194175,112.57281553398059
79,ADW14,222,330.52252252252254,586.8693693693693
80,ADW15,117,413.46153846153845,208.33333333333334
81,ADW15,156,427.87179487179486,208.8397435897436
82,ADW16,104,552.4230769230769,775.375
83,ADW16,147,550.8231292517007,787.8639455782313
84,ADW17,111,884.6576576576576,214.65765765765767
85,ADW17,124,888.9193548387096,225.17741935483872
86,ADW18,86,492.01162790697674,635.3953488372093
87,ADW18,129,505.968992248062,647.2325581395348
88,ADW19,175,590.2228571428572,553.3657142857143
89,ADW19,60,588.7666666666667,562.2333333333333
90,ADW2,118,236.5,468.99152542372883
91,ADW2,69,244.55072463768116,456.42028985507244
92,ADW2,392,249.33928571428572,469.6862244897959
93,ADW2,284,251.56338028169014,487.58098591549293
94,ADW2,91,256.7142857142857,510.31868131868134
95,ADW2,196,254.57142857142858,529.7142857142857
96,ADW2,117,255.8034188034188,546.6324786324786
97,ADW2,144,264.4513888888889,472.8333333333333
98,ADW2,369,268.869918699187,490.0975609756098
99,ADW2,400,269.5,509.5
100,ADW2,400,269.5,529.5
101,ADW2,399,269.5238095238095,549.4761904761905
102,ADW2,94,272.2340425531915,562.4574468085107
103,ADW2,226,289.89823008849555,489.0353982300885
104,ADW2,396,289.40656565656565,509.58838383838383
105,ADW2,400,289.5,529.5
106,ADW2,400,289.5,549.5
107,ADW2,124,288.55645161290323,562.7258064516129
108,ADW2,196,307.46938775510205,493.7551020408163
109,ADW2,384,309.8177083333333,509.8307291666667
110,ADW2,375,309.06666666666666,528.9866666666667
111,ADW2,210,305.0809523809524,548.1666666666666
112,ADW2,321,328.3208722741433,511.0373831775701
113,ADW2,398,329.54522613065325,529.4522613065327
114,ADW2,86,342.45348837209303,512.1279069767442
115,ADW20,63,416.57142857142856,233.52380952380952
116,ADW20,109,424.29357798165137,230.348623853211
117,ADW21,110,647.4545454545455,691.7363636363636
118,ADW21,63,644.6666666666666,703.1746031746031
119,ADW3,82,435.6951219512195,454.4512195121951
120,ADW3,63,436.76190476190476,464.6507936507937
121,ADW3,245,448.58367346938775,453.1795918367347
122,ADW3,397,449.57178841309826,469.4433249370277
123,ADW3,190,451.8421052631579,485.0578947368421
124,ADW3,117,467.2478632478632,456.04273504273505
125,ADW3,400,469.5,469.5
126,ADW3,269,469.2156133828996,486.5501858736059
127,ADW3,278,488.1474820143885,472.1546762589928
128,ADW3,381,489.81627296587925,489.0603674540682
129,ADW3,224,493.52232142857144,509.73660714285717
130,ADW3,101,506.8910891089109,476.43564356435644
131,ADW3,400,509.5,489.5
132,ADW3,400,509.5,509.5
133,ADW3,307,511.09771986970685,527.8045602605863
134,ADW3,109,522.5137614678899,491.348623853211
135,ADW3,256,526.16015625,510.6484375
136,ADW3,398,529.4547738693467,529.5477386934673
137,ADW3,345,530.431884057971,548.3826086956522
138,ADW3,130,544.0769230769231,533.1461538461539
139,ADW3,276,547.3949275362319,547.6304347826087
140,ADW4,230,513.1608695652174,291.24782608695654
141,ADW4,343,510.91253644314867,309.6705539358601
142,ADW4,202,512.8811881188119,327.76237623762376
143,ADW4,102,530.4117647058823,276.87254901960785
144,ADW4,400,529.5,289.5
145,ADW4,400,529.5,309.5
146,ADW4,390,529.7051282051282,329.56410256410254
147,ADW4,391,549.304347826087,289.69820971867006
148,ADW4,400,549.5,309.5
149,ADW4,323,548.2321981424149,328.03095975232196
150,ADW4,95,561.9368421052632,308.90526315789475
151,ADW5,199,173.58291457286433,451.0100502512563
152,ADW5,196,174.4030612244898,470.17857142857144
153,ADW5,117,176.2991452991453,487.8034188034188
154,ADW5,183,186.33879781420765,453.5027322404372
155,ADW5,369,188.79132791327913,469.06233062330625
156,ADW5,296,187.13851351351352,488.7128378378378
157,ADW5,151,187.43046357615893,509.87417218543044
158,ADW5,179,194.94972067039106,529.1899441340782
159,ADW5,67,196.7910447761194,545.9701492537314
160,ADW5,362,208.75138121546962,530.2265193370166
161,ADW5,394,209.40862944162436,549.3807106598985
162,ADW5,104,208.73076923076923,563.0576923076923
163,ADW6,105,475.0761904761905,190.66666666666666
164,ADW6,85,476.32941176470587,208.57647058823528
165,ADW6,81,486.9753086419753,175.6172839506173
166,ADW6,305,488.05245901639347,190.88852459016394
167,ADW6,387,489.61240310077517,209.1886304909561
168,ADW6,307,510.64820846905536,189.7915309446254
169,ADW6,248,509.41129032258067,208.70967741935485
170,ADW6,181,527.3425414364641,194.30939226519337
171,ADW6,384,529.8645833333334,209.22135416666666
172,ADW6,85,530.7647058823529,222.12941176470588
173,ADW6,341,548.1847507331378,210.0
174,ADW7,163,473.2760736196319,232.82208588957056
175,ADW7,119,475.0504201680672,245.53781512605042
176,ADW7,196,489.4591836734694,234.53571428571428
177,ADW7,389,489.71979434447303,249.24935732647816
178,ADW7,274,509.5255474452555,232.6021897810219
179,ADW7,390,509.3025641025641,249.26923076923077
180,ADW7,111,525.1441441441441,234.97297297297297
181,ADW7,123,523.9349593495934,245.71544715447155
182,ADW8,189,393.84656084656086,708.4550264550264
183,ADW8,393,409.33842239185753,709.64631043257
184,ADW8,169,411.8757396449704,724.4733727810651
185,ADW8,77,422.76623376623377,714.1558441558442
186,ADW8,357,429.57703081232495,729.5518207282913
187,ADW8,75,435.53333333333336,743.7333333333333
188,ADW8,123,445.0894308943089,734.569105691057
189,ADW8,115,445.69565217391306,743.695652173913
190,ADW9,180,674.2888888888889,690.6
191,ADW9,271,672.7121771217712,709.5239852398524
192,ADW9,200,674.16,728.03
193,ADW9,68,677.4264705882352,747.25
194,ADW9,209,684.7894736842105,710.0
195,ADW9,269,686.2379182156134,729.7211895910781
196,ADW9,235,685.8851063829787,748.0
