block,stand,cell,area_ha,condition,ndvi_change_pct,ndmi_change_pct
ADW,ADW1,1,1.28,stable,-7.6,-6.5
ADW,ADW1,2,1.05,stable,-2.5,-5.1
ADW,ADW1,3,1.06,stable,0.2,-3.6
ADW,ADW1,4,2.42,stable,0.1,-2.0
ADW,ADW1,5,0.75,stable,-3.2,-7.3
ADW,ADW1,6,1.06,stable,7.2,3.7
ADW,ADW1,7,1.76,stable,-3.9,-5.6
ADW,ADW1,8,3.75,stable,-2.3,-5.0
ADW,ADW1,9,3.1,stable,-3.4,-6.6
ADW,ADW1,10,3.52,stable,-2.2,-6.6
ADW,ADW1,11,3.52,stable,-4.1,-9.5
ADW,ADW1,12,3.65,stable,-4.2,-8.4
ADW,ADW1,13,3.2800000000000002,stable,-5.9,-12.5
ADW,ADW1,14,3.06,stable,-3.3,-6.1
ADW,ADW1,15,1.35,stable,-0.0,-4.6
ADW,ADW1,16,2.0,stable,-2.3,-7.2
ADW,ADW1,17,1.51,stable,-0.1,-5.7
ADW,ADW1,18,0.86,stable,3.4,23.1
ADW,ADW1,19,2.69,stable,-3.2,-8.9
ADW,ADW1,20,1.1400000000000001,stable,-8.3,-16.4
ADW,ADW1,21,0.66,stable,-0.8,-3.5
ADW,ADW1,22,3.72,stable,10.4,27.1
ADW,ADW1,23,3.45,stable,-1.7,-4.8
ADW,ADW1,24,2.22,stable,-6.0,-11.0
ADW,ADW1,25,1.79,stable,8.1,9.1
ADW,ADW1,26,3.47,stable,6.1,6.2
ADW,ADW1,27,2.5500000000000003,stable,-3.3,-6.4
ADW,ADW1,28,3.69,stable,-3.7,-5.9
ADW,ADW1,29,2.6,stable,-9.3,-11.0
ADW,ADW1,30,2.0100000000000002,stable,-4.9,-10.4
ADW,ADW1,31,2.85,stable,-7.0,-11.8
ADW,ADW1,32,2.34,stable,-3.5,-8.9
ADW,ADW1,33,1.46,stable,-1.7,-7.1
ADW,ADW1,34,0.68,stable,-1.7,-6.7
ADW,ADW1,35,2.85,stable,-2.3,-4.9
ADW,ADW1,36,3.98,stable,0.6,-3.3
ADW,ADW1,37,2.84,stable,-5.2,-9.4
ADW,ADW1,38,1.28,stable,-2.8,-6.3
ADW,ADW1,39,2.17,stable,-2.9,-6.4
ADW,ADW1,40,2.92,stable,-3.3,-7.3
ADW,ADW1,41,3.96,stable,-3.5,-8.4
ADW,ADW1,42,4.0,stable,-3.7,-8.2
ADW,ADW1,43,2.67,stable,-3.9,-12.2
ADW,ADW1,44,0.98,stable,-6.7,-15.8
ADW,ADW1,45,3.06,stable,-7.1,-12.8
ADW,ADW1,46,2.54,stable,-6.9,-14.2
ADW,ADW1,47,3.11,stable,-4.6,-11.4
ADW,ADW1,48,3.2600000000000002,stable,-5.8,-12.7
ADW,ADW1,49,2.35,stable,-5.0,-11.2
ADW,ADW1,50,1.59,stable,-7.1,-12.5
ADW,ADW1,51,1.0,stable,-7.8,-14.3
ADW,ADW1,52,1.8,stable,-9.3,-14.4
ADW,ADW1,53,0.66,stable,-6.2,-9.7
ADW,ADW1,54,2.49,stable,-7.4,-16.3
ADW,ADW1,55,3.3000000000000003,stable,-13.2,-20.6
ADW,ADW1,56,2.54,stable,-9.6,-19.0
ADW,ADW1,57,1.81,stable,-5.8,-14.0
ADW,ADW10,58,1.61,stable,-7.5,-16.4
ADW,ADW10,59,1.6300000000000001,stable,-6.3,-14.8
ADW,ADW10,60,0.85,stable,-8.6,-19.1
ADW,ADW10,61,2.77,stable,-6.0,-14.5
ADW,ADW10,62,3.15,stable,-5.8,-13.8
ADW,ADW10,63,1.1400000000000001,stable,-5.9,-11.5
ADW,ADW10,64,1.23,stable,-4.8,-11.2
ADW,ADW10,65,1.18,stable,-5.5,-14.2
ADW,ADW11,66,1.62,stable,2.4,-11.9
ADW,ADW11,67,1.08,stable,-0.8,-14.3
ADW,ADW11,68,2.33,stable,-0.1,-9.9
ADW,ADW11,69,3.45,stable,-1.3,-13.9
ADW,ADW11,70,1.16,stable,0.2,-13.5
ADW,ADW12,71,0.96,stable,-3.1,-5.9
ADW,ADW12,72,1.28,stable,-1.8,-5.0
ADW,ADW12,73,2.36,stable,2.1,-2.3
ADW,ADW12,74,1.16,stable,3.8,-0.6
ADW,ADW12,75,0.8200000000000001,stable,3.0,1.6
ADW,ADW13,76,1.77,stable,-1.9,-7.7
ADW,ADW13,77,1.11,stable,-2.0,-9.5
ADW,ADW13,78,1.03,stable,0.7,-4.4
ADW,ADW14,79,2.22,stable,-1.5,-11.8
ADW,ADW15,80,1.17,stable,-7.8,-18.6
ADW,ADW15,81,1.56,stable,-4.9,-6.1
ADW,ADW16,82,1.04,stable,-4.8,-13.4
ADW,ADW16,83,1.47,stable,-1.6,-13.3
ADW,ADW17,84,1.11,stable,-0.7,-6.4
ADW,ADW17,85,1.24,stable,10.3,9.6
ADW,ADW18,86,0.86,stable,-0.8,-6.5
ADW,ADW18,87,1.29,stable,-1.6,-8.6
ADW,ADW19,88,1.75,stable,-3.9,-10.4
ADW,ADW19,89,0.6,stable,-2.7,-8.4
ADW,ADW2,90,1.18,stable,4.3,5.0
ADW,ADW2,91,0.6900000000000001,stable,3.6,-4.6
ADW,ADW2,92,3.92,stable,0.0,-1.5
ADW,ADW2,93,2.84,stable,-0.2,-5.9
ADW,ADW2,94,0.91,stable,11.6,7.7
ADW,ADW2,95,1.96,stable,7.4,4.9
ADW,ADW2,96,1.17,stable,1.0,1.4
ADW,ADW2,97,1.44,stable,-3.4,-9.6
ADW,ADW2,98,3.69,stable,-1.4,-2.4
ADW,ADW2,99,4.0,stable,3.7,3.1
ADW,ADW2,100,4.0,stable,12.1,-1.0
ADW,ADW2,101,3.99,stable,7.7,-0.9
ADW,ADW2,102,0.9400000000000001,stable,-2.3,-7.2
ADW,ADW2,103,2.2600000000000002,stable,-4.8,-9.1
ADW,ADW2,104,3.96,stable,-5.2,-6.1
ADW,ADW2,105,4.0,stable,2.8,-0.3
ADW,ADW2,106,4.0,stable,3.2,-0.1
ADW,ADW2,107,1.24,stable,-9.7,-13.6
ADW,ADW2,108,1.96,stable,-4.6,-8.5
ADW,ADW2,109,3.84,stable,-2.2,-6.3
ADW,ADW2,110,3.75,stable,-0.4,-3.1
ADW,ADW2,111,2.1,stable,0.9,-0.5
ADW,ADW2,112,3.21,stable,0.2,-4.8
ADW,ADW2,113,3.98,stable,-4.1,-8.2
ADW,ADW2,114,0.86,stable,-5.3,-7.9
ADW,ADW20,115,0.63,stable,-8.2,-9.5
ADW,ADW20,116,1.09,stable,-3.9,-12.1
ADW,ADW21,117,1.1,stable,-9.0,-17.6
ADW,ADW21,118,0.63,stable,-17.7,-30.5
ADW,ADW3,119,0.8200000000000001,stable,-5.9,-9.3
ADW,ADW3,120,0.63,stable,-7.9,-8.5
ADW,ADW3,121,2.45,stable,-4.6,-9.6
ADW,ADW3,122,3.97,stable,-3.4,-9.3
ADW,ADW3,123,1.9000000000000001,stable,-4.0,-9.2
ADW,ADW3,124,1.17,stable,-8.9,-15.1
ADW,ADW3,125,4.0,stable,-2.7,-7.3
ADW,ADW3,126,2.69,stable,-4.4,-11.1
ADW,ADW3,127,2.7800000000000002,stable,-2.5,-8.2
ADW,ADW3,128,3.81,stable,-4.5,-6.6
ADW,ADW3,129,2.24,stable,-3.5,-9.6
ADW,ADW3,130,1.01,stable,-2.4,-6.9
ADW,ADW3,131,4.0,stable,-6.4,-9.8
ADW,ADW3,132,4.0,stable,-2.0,-6.6
ADW,ADW3,133,3.0700000000000003,stable,2.8,-2.1
ADW,ADW3,134,1.09,stable,-10.6,-15.6
ADW,ADW3,135,2.56,stable,-8.6,-14.4
ADW,ADW3,136,3.98,stable,-4.5,-9.6
ADW,ADW3,137,3.45,stable,2.4,-3.7
ADW,ADW3,138,1.3,stable,-5.7,-11.8
ADW,ADW3,139,2.7600000000000002,stable,-3.8,-10.9
ADW,ADW4,140,2.3000000000000003,stable,-2.6,-8.5
ADW,ADW4,141,3.43,stable,-3.4,-10.1
ADW,ADW4,142,2.02,stable,-1.9,-8.8
ADW,ADW4,143,1.02,stable,0.7,0.3
ADW,ADW4,144,4.0,stable,-2.3,1.4
ADW,ADW4,145,4.0,stable,1.1,-6.7
ADW,ADW4,146,3.9,stable,-2.1,-10.4
ADW,ADW4,147,3.91,stable,-4.6,-3.5
ADW,ADW4,148,4.0,stable,-0.4,4.1
ADW,ADW4,149,3.23,stable,-5.3,-4.4
ADW,ADW4,150,0.9500000000000001,stable,0.6,3.5
ADW,ADW5,151,1.99,stable,-2.9,-12.2
ADW,ADW5,152,1.96,stable,0.1,-6.1
ADW,ADW5,153,1.17,stable,-2.4,-13.4
ADW,ADW5,154,1.83,stable,-0.0,-9.1
ADW,ADW5,155,3.69,stable,0.4,-6.1
ADW,ADW5,156,2.96,stable,-3.7,-10.7
ADW,ADW5,157,1.51,stable,-2.9,-8.7
ADW,ADW5,158,1.79,stable,-4.6,-10.3
ADW,ADW5,159,0.67,stable,-5.1,-12.2
ADW,ADW5,160,3.62,stable,-4.6,-11.2
ADW,ADW5,161,3.94,stable,-5.5,-12.6
ADW,ADW5,162,1.04,stable,-10.9,-20.8
ADW,ADW6,163,1.05,stable,-4.4,-10.8
ADW,ADW6,164,0.85,stable,-7.5,-16.0
ADW,ADW6,165,0.81,stable,-3.9,-11.4
ADW,ADW6,166,3.0500000000000003,stable,-2.1,-9.8
ADW,ADW6,167,3.87,stable,-5.6,-11.4
ADW,ADW6,168,3.0700000000000003,stable,1.3,-6.5
ADW,ADW6,169,2.48,stable,-1.7,-5.1
ADW,ADW6,170,1.81,stable,-2.2,-9.2
ADW,ADW6,171,3.84,stable,-3.7,-11.7
ADW,ADW6,172,0.85,stable,-0.3,-4.2
ADW,ADW6,173,3.41,stable,-5.3,-13.7
ADW,ADW7,174,1.6300000000000001,stable,-5.3,-12.3
ADW,ADW7,175,1.19,stable,2.2,8.3
ADW,ADW7,176,1.96,stable,-3.7,-11.9
ADW,ADW7,177,3.89,stable,-7.3,-18.6
ADW,ADW7,178,2.74,stable,-1.9,-11.0
ADW,ADW7,179,3.9,stable,-6.9,-17.4
ADW,ADW7,180,1.11,stable,1.9,-9.4
ADW,ADW7,181,1.23,stable,-0.6,-11.0
ADW,ADW8,182,1.8900000000000001,stable,-7.4,-14.1
ADW,ADW8,183,3.93,stable,-2.9,-14.2
ADW,ADW8,184,1.69,stable,-5.1,-12.8
ADW,ADW8,185,0.77,stable,1.5,-7.7
ADW,ADW8,186,3.5700000000000003,stable,-5.4,-12.9
ADW,ADW8,187,0.75,stable,-11.2,-20.3
ADW,ADW8,188,1.23,stable,-2.4,-10.5
ADW,ADW8,189,1.1500000000000001,stable,-4.5,-11.4
ADW,ADW9,190,1.8,stable,-0.5,-3.9
ADW,ADW9,191,2.71,stable,0.3,-4.3
ADW,ADW9,192,2.0,stable,0.2,-4.3
ADW,ADW9,193,0.68,stable,13.9,9.9
ADW,ADW9,194,2.09,stable,4.5,-0.2
ADW,ADW9,195,2.69,stable,1.6,-6.5
ADW,ADW9,196,2.35,stable,4.4,3.2
