block,stand,start,end
ADN,ADN1,2024-03-11,2024-03-11
ADN,ADN1,2024-05-07,2024-05-22
ADN,ADN1,2024-12-16,2025-12-30
ADN,ADN10,2022-02-02,2022-02-05
ADN,ADN10,2022-03-17,2022-03-17
ADN,ADN10,2023-11-24,2023-11-27
ADN,ADN10,2024-12-16,2024-12-28
ADN,ADN10,2025-07-21,2025-07-26
ADN,ADN10,2025-11-03,2025-11-11
ADN,ADN11,2022-06-20,2022-07-15
ADN,ADN11,2024-10-29,2024-11-06
ADN,ADN11,2024-12-26,2025-09-02
ADN,ADN11,2025-11-11,2025-12-01
ADN,ADN12,2022-04-23,2022-05-01
ADN,ADN12,2022-06-02,2022-07-22
ADN,ADN12,2025-01-30,2025-09-04
ADN,ADN12,2025-11-11,2025-12-01
ADN,ADN13,2022-01-31,2022-03-22
ADN,ADN13,2022-05-18,2022-08-04
ADN,ADN13,2024-02-27,2024-07-16
ADN,ADN13,2024-12-26,2025-01-12
ADN,ADN13,2025-12-06,2026-01-07
ADN,ADN14,2022-05-31,2022-08-04
ADN,ADN14,2023-09-28,2023-10-03
ADN,ADN14,2024-11-01,2025-07-09
ADN,ADN15,2022-06-20,2022-08-04
ADN,ADN15,2024-12-06,2025-09-24
ADN,ADN15,2025-11-08,2025-12-23
ADN,ADN16,2022-03-17,2022-03-17
ADN,ADN16,2024-05-22,2024-05-22
ADN,ADN16,2024-12-16,2025-01-12
ADN,ADN16,2025-03-16,2025-05-27
ADN,ADN16,2025-07-19,2025-07-24
ADN,ADN16,2025-11-06,2026-01-07
ADN,ADN16,2026-04-07,2026-04-07
ADN,ADN17,2022-02-05,2022-08-04
ADN,ADN17,2023-09-23,2024-04-20
ADN,ADN17,2024-11-16,2025-05-30
ADN,ADN18,2024-12-28,2025-01-05
ADN,ADN18,2025-07-19,2025-07-26
ADN,ADN18,2025-11-08,2025-12-10
ADN,ADN19,2024-10-27,2024-11-03
ADN,ADN19,2024-12-06,2025-09-04
ADN,ADN19,2025-11-11,2025-12-23
ADN,ADN2,2022-02-02,2022-02-15
ADN,ADN2,2022-05-28,2022-05-31
ADN,ADN2,2024-04-07,2024-06-21
ADN,ADN20,2022-03-19,2022-03-22
ADN,ADN20,2022-06-15,2022-06-20
ADN,ADN20,2024-11-01,2025-06-16
ADN,ADN20,2025-07-19,2025-07-26
ADN,ADN20,2025-11-08,2025-12-01
ADN,ADN21,2022-01-26,2022-03-17
ADN,ADN21,2022-04-28,2022-07-25
ADN,ADN21,2024-04-27,2024-05-27
ADN,ADN21,2024-12-28,2025-01-27
ADN,ADN21,2026-05-27,2026-06-06
ADN,ADN22,2022-03-17,2022-03-17
ADN,ADN22,2024-05-22,2024-05-22
ADN,ADN22,2024-12-26,2025-01-02
ADN,ADN22,2025-03-26,2025-10-17
ADN,ADN22,2025-12-03,2025-12-13
ADN,ADN22,2026-03-28,2026-04-07
ADN,ADN23,2024-03-11,2024-04-07
ADN,ADN23,2024-11-16,2025-08-23
ADN,ADN23,2025-11-03,2025-12-13
ADN,ADN24,2022-03-17,2022-03-17
ADN,ADN24,2024-09-29,2025-02-11
ADN,ADN24,2025-03-31,2025-04-20
ADN,ADN25,2022-03-17,2022-03-17
ADN,ADN25,2022-04-28,2022-04-28
ADN,ADN25,2022-07-05,2022-07-15
ADN,ADN25,2024-11-23,2024-12-28
ADN,ADN25,2025-03-16,2025-03-16
ADN,ADN25,2025-04-17,2025-07-29
ADN,ADN25,2025-11-08,2025-12-10
ADN,ADN26,2022-06-02,2022-08-04
ADN,ADN26,2023-09-30,2023-10-03
ADN,ADN26,2024-10-09,2025-07-21
ADN,ADN27,2023-09-28,2023-10-08
ADN,ADN27,2024-03-28,2024-04-07
ADN,ADN27,2024-10-12,2025-07-21
ADN,ADN27,2025-11-16,2025-12-10
ADN,ADN28,2022-03-19,2022-03-29
ADN,ADN28,2022-06-02,2022-08-29
ADN,ADN28,2023-09-18,2023-10-23
ADN,ADN28,2024-11-26,2025-07-09
ADN,ADN29,2022-02-15,2022-03-29
ADN,ADN29,2022-05-06,2022-06-02
ADN,ADN29,2024-06-11,2025-04-20
ADN,ADN3,2022-03-17,2022-03-17
ADN,ADN3,2022-06-15,2022-07-15
ADN,ADN3,2024-11-23,2025-09-02
ADN,ADN3,2025-11-06,2025-12-13
ADN,ADN30,2022-05-13,2022-05-31
ADN,ADN30,2022-07-05,2022-07-15
ADN,ADN30,2025-02-04,2025-04-02
ADN,ADN30,2025-05-15,2025-09-02
ADN,ADN30,2025-11-06,2025-12-30
ADN,ADN31,2022-05-18,2022-05-18
ADN,ADN31,2023-09-28,2023-10-08
ADN,ADN31,2024-10-24,2025-02-06
ADN,ADN32,2022-06-15,2022-06-20
ADN,ADN32,2023-09-28,2023-09-28
ADN,ADN32,2024-10-04,2025-03-08
ADN,ADN32,2025-04-22,2025-09-04
ADN,ADN32,2025-12-01,2025-12-01
ADN,ADN33,2022-07-15,2022-08-06
ADN,ADN33,2024-12-16,2024-12-26
ADN,ADN33,2025-07-21,2025-08-05
ADN,ADN33,2025-11-18,2025-12-10
ADN,ADN34,2022-03-19,2022-03-27
ADN,ADN34,2022-05-31,2022-08-06
ADN,ADN34,2024-12-06,2025-09-04
ADN,ADN34,2025-11-08,2025-12-30
ADN,ADN35,2024-12-16,2024-12-28
ADN,ADN36,2023-09-23,2023-09-28
ADN,ADN36,2024-08-13,2025-04-10
ADN,ADN4,2022-03-17,2022-03-17
ADN,ADN4,2022-05-18,2022-05-18
ADN,ADN4,2022-06-20,2022-07-22
ADN,ADN4,2024-02-27,2024-07-16
ADN,ADN4,2024-10-17,2024-11-08
ADN,ADN4,2024-12-26,2025-02-04
ADN,ADN5,2024-02-22,2024-05-22
ADN,ADN5,2024-12-28,2025-01-05
ADN,ADN5,2025-12-06,2025-12-10
ADN,ADN6,2022-05-18,2022-08-01
ADN,ADN6,2024-03-11,2024-04-07
ADN,ADN6,2024-11-16,2025-08-28
ADN,ADN6,2025-11-06,2025-11-26
ADN,ADN7,2022-06-25,2022-07-15
ADN,ADN7,2024-10-29,2024-11-01
ADN,ADN7,2024-12-26,2024-12-28
ADN,ADN7,2025-01-30,2025-09-02
ADN,ADN8,2024-11-16,2025-01-15
ADN,ADN8,2025-03-31,2025-04-10
ADN,ADN8,2025-05-17,2025-06-14
ADN,ADN8,2025-12-06,2025-12-13
ADN,ADN9,2022-03-17,2022-03-17
ADN,ADN9,2024-03-28,2024-04-07
ADN,ADN9,2024-11-03,2025-08-13
ADN,ADN9,2025-11-03,2025-11-23
ADW,ADW1,2022-05-08,2022-08-06
ADW,ADW1,2024-12-13,2025-09-29
ADW,ADW1,2025-11-08,2025-12-28
ADW,ADW10,2022-06-25,2022-08-04
ADW,ADW10,2024-12-28,2025-12-28
ADW,ADW11,2022-03-27,2022-03-29
ADW,ADW11,2022-07-05,2022-08-01
ADW,ADW11,2024-11-26,2025-08-23
ADW,ADW11,2025-11-11,2025-11-16
ADW,ADW12,2022-06-25,2022-08-04
ADW,ADW12,2023-09-25,2023-11-02
ADW,ADW12,2025-01-10,2025-10-02
ADW,ADW12,2025-11-08,2026-01-05
ADW,ADW13,2025-01-10,2025-09-12
ADW,ADW13,2025-11-08,2026-01-05
ADW,ADW14,2022-03-14,2022-05-01
ADW,ADW14,2022-07-05,2022-08-06
ADW,ADW14,2024-11-16,2025-09-24
ADW,ADW14,2025-12-01,2025-12-23
ADW,ADW15,2022-01-31,2022-01-31
ADW,ADW15,2024-10-24,2025-07-24
ADW,ADW16,2024-10-22,2025-07-21
ADW,ADW17,2022-06-25,2022-08-01
ADW,ADW17,2023-09-03,2023-11-02
ADW,ADW17,2024-12-28,2025-09-04
ADW,ADW17,2025-11-23,2025-12-28
ADW,ADW18,2024-12-11,2025-09-04
ADW,ADW18,2025-11-11,2025-12-10
ADW,ADW19,2022-06-25,2022-08-06
ADW,ADW19,2024-12-28,2025-12-28
ADW,ADW2,2022-03-27,2022-03-29
ADW,ADW2,2022-05-06,2022-07-22
ADW,ADW2,2024-11-18,2025-09-04
ADW,ADW2,2025-11-28,2025-12-23
ADW,ADW20,2022-07-15,2022-07-25
ADW,ADW20,2024-12-21,2025-08-23
ADW,ADW20,2025-11-16,2025-12-23
ADW,ADW21,2022-07-25,2022-07-25
ADW,ADW21,2024-12-21,2025-12-28
ADW,ADW3,2022-03-17,2022-03-22
ADW,ADW3,2022-06-25,2022-08-06
ADW,ADW3,2024-12-26,2025-09-24
ADW,ADW3,2025-11-08,2025-12-28
ADW,ADW4,2022-06-25,2022-08-06
ADW,ADW4,2024-11-28,2025-09-24
ADW,ADW5,2022-03-29,2022-03-29
ADW,ADW5,2022-05-06,2022-08-04
ADW,ADW5,2024-11-16,2025-09-12
ADW,ADW5,2025-11-16,2025-12-23
ADW,ADW6,2022-03-17,2022-08-04
ADW,ADW6,2024-12-08,2025-09-04
ADW,ADW6,2025-11-08,2026-01-02
ADW,ADW7,2022-06-20,2022-08-04
ADW,ADW7,2025-01-20,2025-09-19
ADW,ADW7,2025-11-06,2026-01-02
ADW,ADW8,2022-05-18,2022-06-02
ADW,ADW8,2022-07-15,2022-08-04
ADW,ADW8,2023-09-23,2023-10-08
ADW,ADW8,2024-10-29,2025-08-23
ADW,ADW8,2025-12-08,2025-12-23
ADW,ADW9,2022-06-25,2022-08-01
ADW,ADW9,2024-12-26,2025-12-28
TRT,TRT1,2022-02-11,2022-03-25
TRT,TRT1,2022-04-27,2022-06-03
TRT,TRT1,2024-07-12,2024-08-14
TRT,TRT1,2025-04-28,2025-07-30
TRT,TRT1,2025-11-19,2025-12-14
TRT,TRT1,2026-05-26,2026-05-26
TRT,TRT2,2022-02-11,2022-08-02
TRT,TRT2,2025-04-08,2025-07-20
TRT,TRT2,2026-05-26,2026-05-26
TRT,TRT3,2022-05-27,2022-06-01
TRT,TRT3,2022-07-21,2022-08-05
TRT,TRT3,2023-08-20,2023-08-22
TRT,TRT3,2023-09-24,2023-10-31
TRT,TRT3,2024-08-11,2024-08-14
TRT,TRT3,2025-05-26,2025-05-31
TRT,TRT3,2025-07-02,2025-07-15
TRT,TRT4,2022-04-07,2022-05-29
TRT,TRT4,2025-01-03,2025-01-03
TRT,TRT4,2025-02-10,2025-02-10
TRT,TRT4,2025-04-08,2025-08-08
TRT,TRT5,2022-03-25,2022-03-25
TRT,TRT5,2022-05-02,2022-08-05
TRT,TRT5,2023-09-16,2023-11-05
TRT,TRT5,2025-04-18,2025-07-22
TRT,TRT6,2023-12-15,2024-02-18
TRT,TRT6,2025-04-10,2025-08-11
TRT,TRT6,2025-10-03,2025-10-05
TRT,TRT7,2022-05-24,2022-06-01
TRT,TRT7,2024-11-14,2025-02-22
TRT,TRT7,2025-04-10,2025-06-05
TRT,TRT7,2025-07-07,2025-08-16
TRT,TRT7,2025-11-27,2025-12-19
TRT,TRT9,2022-03-23,2022-03-30
TRT,TRT9,2022-05-02,2022-08-05
TRT,TRT9,2023-08-27,2023-11-10
TRT,TRT9,2025-04-18,2025-04-21
