stand,area_ha,interior_px,lon,lat
1,205.4,13929,54.49282,24.49562
2,195.4,13809,54.56069,24.48865
3,190.3,13850,54.47221,24.55307
4,178.9,12605,54.52289,24.50272
5,176.5,12408,54.53525,24.5342
6,165.0,11034,54.48314,24.51397
7,126.0,8689,54.49129,24.54411
8,119.6,8319,54.54558,24.49113
9,99.2,6966,54.50894,24.53924
10,79.6,5649,54.50568,24.529
11,79.2,5634,54.4688,24.5436
12,75.9,5369,54.52531,24.54758
13,68.0,4737,54.511,24.51667
14,59.4,4164,54.48127,24.55814
15,59.4,4155,54.48088,24.49513
16,55.6,3946,54.46817,24.53654
17,52.8,3684,54.53878,24.50722
18,50.6,3617,54.51446,24.54732
19,48.5,3368,54.46065,24.51707
20,46.9,3055,54.47902,24.52419
21,31.2,2254,54.50252,24.48885
22,30.9,2140,54.55779,24.53062
23,30.8,2041,54.4685,24.51191
24,28.6,1757,54.51917,24.49643
25,27.3,1838,54.46612,24.47807
