Site,Ecosystem,Plot,soil_full,soil_oc,soil_depth_cm,n_sections,key,tree_c,n_trees,total_c,lat,lon
Al Khor,mangrove,1,217.55224588439395,100.5181473320294,100.0,5,al khor,103.17550711001998,62,203.69365444204936,25.19062,55.32697
Al Khor,mangrove,2,328.2742677480713,157.33388482305622,100.0,5,al khor,104.02522543779672,58,261.35911026085296,25.19062,55.32697
Al Khor,mangrove,3,290.4820335488713,157.1194230451985,100.0,5,al khor,99.4235563053808,72,256.5429793505793,25.19062,55.32697
Al Khor,mangrove,4,135.18490829282035,130.14505015706885,100.0,5,al khor,71.22663504559976,73,201.37168520266863,25.19062,55.32697
Al Khor,mangrove,5,115.46419817733737,71.54331618821271,100.0,5,al khor,118.82936838159031,137,190.37268456980303,25.19062,55.32697
Al Khor,mangrove,6,385.0560245840847,337.86981351342115,100.0,5,al khor,91.09441180191806,128,428.9642253153392,25.19062,55.32697
Al Rams,mangrove,1,50.68342304629237,50.68342304629237,50.0,3,al rams,46.10552230123393,88,96.7889453475263,25.8981,56.03976
Al Rams,mangrove,2,25.810738935362856,25.810738935362856,30.0,2,al rams,48.20494273844708,85,74.01568167380994,25.8981,56.03976
Al Rams,mangrove,3,103.24515802867668,103.24515802867668,50.0,3,al rams,60.724312551758594,84,163.96947058043529,25.8981,56.03976
Al Rams,mangrove,4,221.3174051249296,221.3174051249296,50.0,3,al rams,59.45474380566478,91,280.77214893059437,25.8981,56.03976
Al Rams,mangrove,5,59.22390751950084,59.22390751950084,50.0,3,al rams,51.18747990657859,75,110.41138742607943,25.8981,56.03976
Al Rams,mangrove,6,67.58283217403321,67.58283217403321,50.0,3,al rams,69.83840891930467,92,137.42124109333787,25.8981,56.03976
Al Shalila,mangrove,1,225.4327267944388,89.50296564963858,200.0,5,al shalila,7.632095788274821,23,97.13506143791341,24.65542,54.672732
Al Shalila,mangrove,2,56.583402760843974,56.583402760843974,52.0,3,al shalila,11.694764215487622,24,68.27816697633159,24.655574,54.672672
Al Shalila,mangrove,3,74.42970713368952,74.42970713368952,44.0,3,al shalila,9.85585281689585,20,84.28555995058537,24.655773,54.672681
Al Shalila,mangrove,4,234.92420201726532,137.1238658333695,200.0,5,al shalila,14.58141802107167,26,151.70528385444118,24.655967,54.672651
Al Shalila,mangrove,5,176.47118647578702,97.25788063909347,200.0,5,al shalila,8.198402297403122,23,105.45628293649659,24.656125,54.672637
Al Shalila,mangrove,6,268.8688963517435,108.66452569525492,200.0,5,al shalila,11.806127477268493,27,120.47065317252341,24.656292,54.672616
Ajman Al Zorah,mangrove,1,86.24164211729514,86.24164211729514,100.0,4,al zorah,106.16903739109767,115,192.41067950839283,25.4354,55.47844
Ajman Al Zorah,mangrove,2,84.74500461877383,84.74500461877383,100.0,4,al zorah,105.5095887639429,87,190.25459338271673,25.4354,55.47844
Ajman Al Zorah,mangrove,3,140.77617703804842,140.77617703804842,100.0,4,al zorah,100.08960052668955,85,240.86577756473798,25.4354,55.47844
Ajman Al Zorah,mangrove,4,71.90826959336667,71.90826959336667,100.0,4,al zorah,61.28782680643393,40,133.19609639980058,25.4354,55.47844
Ajman Al Zorah,mangrove,5,103.27306451122693,103.27306451122693,100.0,4,al zorah,105.96266034006995,32,209.23572485129688,25.4354,55.47844
Ajman Al Zorah,mangrove,6,119.23759357292798,119.23759357292798,100.0,4,al zorah,64.90298091340539,48,184.14057448633338,25.4354,55.47844
Bu Tinah Jaoub,mangrove,1,54.75120237485011,54.75120237485011,35.0,2,bu tinah janoub,88.46157636017767,42,143.21277873502777,24.628174,53.053825
Bu Tinah Jaoub,mangrove,2,40.3412979856741,40.3412979856741,33.0,2,bu tinah janoub,34.63124370729648,19,74.97254169297058,24.628021,53.053821
Bu Tinah Jaoub,mangrove,3,20.37267152081163,20.37267152081163,12.0,1,bu tinah janoub,33.905729532314005,16,54.278401053125634,24.627844,53.053816
Bu Tinah Jaoub,mangrove,4,39.62114613334124,39.62114613334124,15.0,2,bu tinah janoub,51.4261626030746,30,91.04730873641584,24.627711,53.053844
Bu Tinah Jaoub,mangrove,5,55.75941656038841,55.75941656038841,22.0,1,bu tinah janoub,56.93931810549693,51,112.69873466588534,24.627495,53.053875
Bu Tinah Jaoub,mangrove,6,9.204283765693523,9.204283765693523,19.0,1,bu tinah janoub,12.056179676085085,5,21.260463441778608,24.627358,53.053896
Bu Tinah Shamal,mangrove,1,87.14640015469445,87.14640015469445,25.0,2,bu tinah shamal,27.25317848590952,53,114.39957864060396,24.631528,53.051491
Bu Tinah Shamal,mangrove,2,77.28427071964931,77.28427071964931,24.0,2,bu tinah shamal,40.61468981495855,48,117.89896053460787,,
Bu Tinah Shamal,mangrove,3,166.86878804504312,166.86878804504312,45.0,2,bu tinah shamal,31.134508454151288,33,198.0032964991944,24.631548502251,53.0518286486615
Bu Tinah Shamal,mangrove,4,79.49785623704236,79.49785623704236,27.0,2,bu tinah shamal,29.90987191851094,35,109.4077281555533,24.6316520498026,53.0519930995336
Bu Tinah Shamal,mangrove,5,25.774309183515026,25.774309183515026,14.0,2,bu tinah shamal,8.069511311507107,11,33.84382049502213,24.631773,53.0521274124327
Bu Tinah Shamal,mangrove,6,101.6964963846354,101.6964963846354,33.0,2,bu tinah shamal,39.81119980628078,41,141.5076961909162,24.6318758589332,53.0522721497143
Eastern Mangrove,mangrove,1,27.495124934454306,27.495124934454306,38.0,2,eastern mangrove,11.016368600381519,26,38.51149353483582,24.453835272633697,54.43735077754695
Eastern Mangrove,mangrove,2,30.51643877352762,30.51643877352762,36.0,2,eastern mangrove,7.720668617446728,12,38.23710739097435,24.453987160263253,54.43731966229795
Eastern Mangrove,mangrove,3,46.83376623632455,46.83376623632455,33.0,2,eastern mangrove,8.185182329211758,25,55.018948565536306,24.45413664309315,54.437295883900546
Eastern Mangrove,mangrove,4,54.080841356485934,54.080841356485934,33.0,2,eastern mangrove,13.153153676221189,29,67.23399503270713,24.4542684465742,54.437261839939254
Eastern Mangrove,mangrove,5,58.23907088928847,58.23907088928847,32.0,2,eastern mangrove,33.596358475113206,60,91.83542936440168,24.45441883394065,54.43721072428205
Eastern Mangrove,mangrove,6,151.99160763057088,151.99160763057088,37.0,2,eastern mangrove,32.142134165983606,52,184.1337417965545,24.454537125917348,54.43720377151125
Jubail Island,mangrove,1,238.19173463760117,75.72636791805277,300.0,5,jubail is.,34.48595752947082,48,110.2123254475236,24.519029500000002,54.4702755
Jubail Island,mangrove,2,234.5066306460622,77.02061029079475,300.0,5,jubail is.,25.615838367412966,55,102.63644865820771,24.5191865,54.470287
Jubail Island,mangrove,3,179.62261141856396,53.982521943181425,300.0,5,jubail is.,41.5984108517558,65,95.58093279493723,24.519356000000002,54.470291
Jubail Island,mangrove,4,225.85502219884492,71.75984336781602,300.0,5,jubail is.,13.256316487642753,20,85.01615985545877,24.519511,54.470302000000004
Jubail Island,mangrove,5,329.65105313568705,61.3627116614834,300.0,5,jubail is.,32.8877463104036,42,94.250457971887,24.519683,54.470329500000005
Jubail Island,mangrove,6,231.32754482878323,85.6479771962453,300.0,5,jubail is.,21.608994822691166,43,107.25697201893647,24.5198605,54.470306
Jubail Island East,mangrove,1,78.39704585597086,78.39704585597086,39.0,3,jubail is. east,11.699857864962604,21,90.09690372093347,24.5003615,54.5330565
Jubail Island East,mangrove,2,85.0102744904815,85.0102744904815,40.0,3,jubail is. east,12.981395417170036,18,97.99166990765154,24.500491,54.532912
Jubail Island East,mangrove,3,49.81669328997325,49.81669328997325,39.0,3,jubail is. east,7.988396698529186,19,57.80508998850244,24.500582,54.532786
Jubail Island East,mangrove,4,77.40178614019888,77.40178614019888,45.0,3,jubail is. east,7.833319590657652,11,85.23510573085653,24.5007485,54.532629
Jubail Island East,mangrove,5,43.682107240640384,43.682107240640384,40.0,3,jubail is. east,1.5211089664892181,3,45.2032162071296,24.500846,54.5325355
Jubail Island East,mangrove,6,86.42521328110558,86.42521328110558,51.0,3,jubail is. east,1.9654224092613393,2,88.39063569036692,24.5009595,54.532359
Kalba East,mangrove,1,386.13501586541764,186.46919594924395,100.0,5,khalba east,116.58690943079134,47,303.0561053800353,,
Kalba East,mangrove,2,282.33753940866166,180.1693201955466,100.0,5,khalba east,70.76596271554605,32,250.93528291109266,,
Kalba East,mangrove,3,204.43075417540305,194.2880948026319,100.0,5,khalba east,71.58882766950475,74,265.87692247213664,,
Kalba East,mangrove,4,178.7171916637298,178.7171916637298,100.0,4,khalba east,70.49029598126515,76,249.20748764499496,,
Kalba East,mangrove,5,168.66705217754105,168.66705217754105,100.0,4,khalba east,91.6675293537992,86,260.33458153134023,,
Kalba East,mangrove,6,205.96544775918835,190.35243751051735,100.0,5,khalba east,107.31827834706336,106,297.6707158575807,,
Kalba North,mangrove,1,208.1868650561902,157.74465921260048,100.0,5,khalba north,68.7021673789142,105,226.44682659151468,25.01736,56.35649
Kalba North,mangrove,2,110.96664899295897,110.96664899295897,100.0,4,khalba north,74.32984018956479,127,185.29648918252377,25.01736,56.35649
Kalba North,mangrove,3,225.52045025140066,225.52045025140066,100.0,4,khalba north,146.28697506332992,207,371.8074253147306,25.01736,56.35649
Kalba North,mangrove,4,116.25801318748074,116.25801318748074,100.0,4,khalba north,59.335620520381575,88,175.59363370786232,25.01736,56.35649
Kalba North,mangrove,5,80.68603601359251,80.68603601359251,100.0,4,khalba north,101.97397712258206,140,182.66001313617457,25.01736,56.35649
Kalba North,mangrove,6,149.5974215777671,149.5974215777671,100.0,4,khalba north,29.987340146824813,38,179.5847617245919,25.01736,56.35649
Kalba South,mangrove,1,258.27680046862463,239.86888630708245,100.0,5,khalba south,116.39262630532593,70,356.2615126124084,,
Kalba South,mangrove,2,201.26013953804318,163.6292204868277,100.0,5,khalba south,105.0315735909819,45,268.6607940778096,,
Kalba South,mangrove,3,505.9926870141635,237.57065690861359,100.0,5,khalba south,129.35817608141105,51,366.9288329900246,,
Kalba South,mangrove,4,257.27907564221994,215.80759121003726,100.0,5,khalba south,187.35875076320914,50,403.1663419732464,,
Kalba South,mangrove,5,469.1900026194913,94.03496821136655,100.0,5,khalba south,136.32891894609017,60,230.3638871574567,,
Kalba South,mangrove,6,510.1577619639466,197.0570560746075,100.0,5,khalba south,157.04169102128293,61,354.0987470958904,,
Kalba West,mangrove,1,194.59014269880782,194.59014269880782,100.0,4,khalba west,104.89947686804894,30,299.48961956685673,25.00956,56.35998
Kalba West,mangrove,2,137.5888572147607,137.5888572147607,100.0,4,khalba west,67.15693141691868,46,204.74578863167937,25.00956,56.35998
Kalba West,mangrove,3,112.48726727583269,112.48726727583269,100.0,4,khalba west,153.26667205534036,44,265.75393933117306,25.00956,56.35998
Kalba West,mangrove,4,192.620686779727,192.620686779727,100.0,4,khalba west,112.00257275069845,32,304.62325953042546,25.00956,56.35998
Kalba West,mangrove,5,256.45361327362434,220.34339295346822,100.0,5,khalba west,30.173947570766423,25,250.51734052423464,25.00956,56.35998
Kalba West,mangrove,6,373.57884893002296,286.83719485725703,100.0,5,khalba west,126.9635995260584,49,413.8007943833154,25.00956,56.35998
Marawah Island,mangrove,1,94.3364506765601,94.3364506765601,27.0,2,marawah is.,10.167676053433498,16,104.5041267299936,24.281846,53.3132765
Marawah Island,mangrove,2,53.38010096382956,53.38010096382956,24.0,2,marawah is.,20.33070488940884,38,73.7108058532384,24.2818325,53.3133995
Marawah Island,mangrove,3,127.19290105222316,127.19290105222316,27.0,2,marawah is.,39.62011319520578,69,166.81301424742895,24.2818255,53.3135295
Marawah Island,mangrove,4,46.10681160181326,46.10681160181326,21.0,2,marawah is.,20.707314996691846,43,66.81412659850511,24.2818405,53.3136655
Marawah Island,mangrove,5,95.2959122136859,95.2959122136859,29.0,2,marawah is.,21.152970777920544,44,116.44888299160644,24.281862500000003,53.3138235
Marawah Island,mangrove,6,84.91510591411961,84.91510591411961,26.0,2,marawah is.,16.21400033692832,24,101.12910625104793,24.281852999999998,53.313945
Ras Al Kaimah,mangrove,1,376.1473158481352,179.19436229702652,100.0,5,ras al kaimah,103.33761397535376,92,282.5319762723803,25.77278,55.94654
Ras Al Kaimah,mangrove,2,220.29881425014383,148.6323260187183,100.0,5,ras al kaimah,100.27173826815391,168,248.9040642868722,25.77278,55.94654
Ras Al Kaimah,mangrove,3,366.258053329662,217.80318803049568,100.0,5,ras al kaimah,113.02495444503883,183,330.8281424755345,25.77278,55.94654
Ras Al Kaimah,mangrove,4,460.33661042466804,154.9190460281566,100.0,5,ras al kaimah,86.30409003591228,120,241.22313606406888,25.77278,55.94654
Ras Al Kaimah,mangrove,5,232.37711755483826,99.79500946419112,100.0,5,ras al kaimah,112.22632412851972,184,212.02133359271085,25.77278,55.94654
Ras Al Kaimah,mangrove,6,176.53449943568387,67.1354722134032,100.0,5,ras al kaimah,137.3642856752404,212,204.49975788864361,25.77278,55.94654
Salaam,mangrove,1,179.06292150062353,107.22628385940263,200.0,5,salaam,17.351756010310215,35,124.57803986971284,24.450327,54.409469
Salaam,mangrove,2,209.89768392333087,136.96969338028742,200.0,5,salaam,11.372629660915296,19,148.34232304120272,24.450346,54.409641
Salaam,mangrove,3,242.46735524344683,165.83295056320173,190.0,5,salaam,24.99896298365394,47,190.83191354685567,24.450385,54.409799
Salaam,mangrove,4,204.20961571185362,176.2785375122931,190.0,5,salaam,28.42413243629316,56,204.70266994858625,24.45046,54.409987
Salaam,mangrove,5,231.25277999391403,169.05512887579937,161.0,5,salaam,40.371894874212224,53,209.42702375001159,24.450522,54.41014
Salaam,mangrove,6,169.07992614646068,164.6826783686299,190.0,5,salaam,24.16651638221007,45,188.84919475083996,24.450527,54.410346
Sinnia,mangrove,1,60.173645202807535,60.173645202807535,30.0,2,sinnia,38.87482740133723,43,99.04847260414476,25.56217,55.60479
Sinnia,mangrove,2,93.39250944408639,93.39250944408639,50.0,3,sinnia,35.5610312553657,47,128.95354069945208,25.56217,55.60479
Sinnia,mangrove,3,96.58551808785872,96.58551808785872,50.0,3,sinnia,28.378963946466357,54,124.96448203432507,25.56217,55.60479
Sinnia,mangrove,4,19.148456707693093,19.148456707693093,30.0,2,sinnia,52.2316462803164,64,71.3801029880095,25.56217,55.60479
Sinnia,mangrove,5,64.08610039182716,64.08610039182716,50.0,3,sinnia,37.96704426950676,43,102.05314466133392,25.56217,55.60479
Sinnia,mangrove,6,96.39000180625175,96.39000180625175,50.0,3,sinnia,53.68944074383253,78,150.07944255008428,25.56217,55.60479
Umm al Quwain,mangrove,1,53.310718443736675,53.310718443736675,50.0,3,umm al quwain,9.457489859326635,23,62.76820830306331,25.53793,55.617665
Umm al Quwain,mangrove,2,23.514380199327896,23.514380199327896,30.0,2,umm al quwain,25.08870623099391,49,48.60308643032181,25.53793,55.617665
Umm al Quwain,mangrove,3,199.33293539640556,199.33293539640556,50.0,3,umm al quwain,31.733779838458858,51,231.06671523486443,25.53793,55.617665
Umm al Quwain,mangrove,4,109.76214753687245,109.76214753687245,100.0,4,umm al quwain,29.689488417771447,80,139.4516359546439,25.53793,55.617665
Umm al Quwain,mangrove,5,54.782470645087145,54.782470645087145,50.0,3,umm al quwain,45.53143052047883,77,100.31390116556597,25.53793,55.617665
Umm al Quwain,mangrove,6,18.83437765820741,18.83437765820741,30.0,2,umm al quwain,25.32683399065781,58,44.16121164886522,25.53317,55.59277
