stand,area_ha,loss_ha,loss_pct,median_dNDVI,median_dNDMI
5,137.8,26.1,18.9,-0.119,-0.226
9,77.2,13.5,17.5,0.046,-0.186
18,39.6,5.3,13.3,0.025,-0.178
12,59.2,4.0,6.7,0.034,-0.173
6,128.7,4.1,3.2,0.093,-0.17
10,62.3,1.9,3.1,0.116,-0.187
25,21.2,0.5,2.3,0.192,-0.193
20,36.9,0.7,1.9,0.132,-0.195
3,149.0,1.6,1.1,0.091,-0.193
1,160.4,0.8,0.5,0.048,-0.17
7,98.3,0.4,0.4,0.097,-0.166
21,24.4,0.1,0.3,0.075,-0.178
14,46.5,0.2,0.3,0.08,-0.197
11,61.8,0.2,0.2,0.073,-0.139
8,93.4,0.2,0.2,0.097,-0.161
22,24.0,0.0,0.0,0.053,-0.144
16,43.3,0.0,0.0,0.133,-0.182
17,41.1,0.0,0.0,0.109,-0.152
23,24.1,0.0,0.0,0.098,-0.15
19,37.8,0.0,0.0,0.123,-0.13
13,53.1,0.0,0.0,0.126,-0.182
15,46.3,0.0,0.0,0.078,-0.129
24,22.4,0.0,0.0,0.148,-0.187
4,139.4,0.0,0.0,0.089,-0.191
2,152.5,0.0,0.0,0.036,-0.144
