stand,n,en_ndvi,en_ndmi,en_ndre,en_mndwi,s2_ndvi,s2_ndmi,s2_ndre,s2_mndwi,scene
14,481,0.3881357390148581,0.4034445264771689,0.23121252930536887,0.06295862523343147,0.3481447398662567,0.3836804628372192,0.1803761571645736,0.0787704922258853,e20221101
3,1575,0.33699781696558817,0.3819778924854182,0.1996030430703235,0.0988080287541103,0.300248846411705,0.3572553396224975,0.1539240777492523,0.0854012593626976,e20221101
12,613,0.46633409411473564,0.41307118412155236,0.25873273708624545,-0.0630043326166214,0.3933926820755005,0.4039874374866485,0.1998791396617889,-0.0098631810396909,e20221101
18,407,0.3580035888631257,0.3995770778224532,0.20088324867783788,0.08082638618544774,0.3414406776428222,0.3844236433506012,0.1717990040779113,0.037149216979742,e20221101
11,644,0.3447887638123917,0.2963265200468068,0.20617904455763747,0.014788594166451334,0.2804105579853058,0.287615418434143,0.15271657705307,0.0273965140804648,e20221101
7,982,0.46193231792284234,0.3707602820621063,0.27604865158494796,-0.06646876321308909,0.3768360018730163,0.3494676351547241,0.2016891986131668,0.0130869382992386,e20221101
16,455,0.42566780772678603,0.2361755137265035,0.27130971649106317,-0.16069004300359926,0.3333326429128647,0.226823404431343,0.1997095793485641,-0.1032067164778709,e20221101
9,778,0.5527879148640817,0.40363449969210985,0.33022481150918304,-0.15950271268941785,0.4762436598539352,0.3856286406517029,0.2649502158164978,-0.114950992166996,e20221101
22,246,0.8227089575816933,0.43004699514076505,0.5204533157250907,-0.4495207744418057,0.596855103969574,0.414354920387268,0.3712499737739563,-0.2742751538753509,e20221101
5,1458,0.3324761916961296,0.36531210108730816,0.1849529658185654,0.024090682736311417,0.2929142266511917,0.3491046726703644,0.1431246623396873,0.0410512089729309,e20221101
10,623,0.4388600826771874,0.3118790309388063,0.2559654082272481,-0.10727468442366851,0.3609725832939148,0.2888728976249695,0.1966288089752197,-0.0578193478286266,e20221101
20,366,0.41031394720692016,0.15427103864079084,0.2608509808943964,-0.24137801075646745,0.3202874958515167,0.1555095165967941,0.1947512626647949,-0.1809563338756561,e20221101
13,552,0.4946668194379944,0.3730516339445031,0.2633503476309182,-0.0664342208198054,0.3957174122333526,0.3340722322463989,0.2027499079704284,-0.0261755175888538,e20221101
19,322,0.347034178065923,0.2682229776019895,0.21175738714459816,-0.09285435744026882,0.3047939389944076,0.2693436443805694,0.1692582964897155,-0.0819744989275932,e20221101
23,247,0.4786185111644494,0.3547138206206044,0.2877509450897569,-0.1421780003041457,0.415110170841217,0.3268032670021057,0.2273430377244949,-0.1228576228022575,e20221101
17,427,0.4648811218886827,0.3914909049079695,0.2583111412107016,-0.03929886703911643,0.3566866219043731,0.3672118186950683,0.1738714575767517,0.0423078350722789,e20221101
6,1308,0.33778636025691094,0.27235821050813425,0.20355918887735863,-0.02547739630505485,0.2879208624362945,0.26675745844841,0.1614314019680023,-0.0286103310063481,e20221101
4,1462,0.42422492143625445,0.35229409318897453,0.240686774080378,-0.03299570709091861,0.3229201138019562,0.3408689498901367,0.1608143299818039,0.0360442698001861,e20221101
24,169,0.32537005034224353,0.35023935771731507,0.16781923975649538,0.1701406415768421,0.3011485636234283,0.1932098269462585,0.1673429608345031,-0.0459920093417167,e20221101
15,478,0.42590771449617426,0.3445715855699142,0.24861507004220545,-0.04606124294185789,0.367379754781723,0.3312442600727081,0.2036260813474655,-0.0212889574468135,e20221101
1,1633,0.3540405184030723,0.3227586807142107,0.21309355588262707,-0.022877153282090047,0.3106853663921356,0.3093189597129822,0.1780748069286346,-0.0264295190572738,e20221101
21,257,0.3199592844423528,0.4148517088490016,0.18599686895403894,0.060830970374265735,0.3146365135908127,0.3755030632019043,0.169553205370903,0.0166698284447193,e20221101
8,932,0.6280275131571491,0.40301980563873563,0.35258844651416815,-0.2614695529845719,0.4326097369194031,0.3884095847606659,0.2275855541229248,-0.0428334213793277,e20221101
2,1566,0.593233749933356,0.39458155961752983,0.33702832804728644,-0.24958790547006476,0.4484626650810241,0.3893617987632751,0.2255565375089645,-0.0654404014348983,e20221101
25,41,0.9243954825722912,0.2421021691913159,0.5220627055589493,-0.7670920501142457,0.7284174561500549,0.3376460671424866,0.4516392350196838,-0.4401285201311111,e20221101
12,618,0.30019196544810434,0.32118855872735974,0.17570709783995886,-0.011347797615235612,0.2786582112312317,0.331074595451355,0.138332337141037,-0.0253621935844421,e20250414
18,416,0.2748831191294616,0.38668532013123325,0.16952984844864344,0.11898850423988297,0.2656918168067932,0.3952695727348327,0.1340204030275344,0.1303379386663437,e20250414
9,639,0.3188866793261307,0.2718223759495417,0.2047899943723284,-0.0113218548906566,0.3700699657201767,0.3316419720649719,0.2153078764677047,-0.063880480825901,e20250414
22,248,0.5357418927124686,0.3660092345361425,0.32776033769442964,-0.17715698845171457,0.5585342049598694,0.3597026169300079,0.3282616436481476,-0.309634730219841,e20250414
5,1458,0.03321196008998874,0.0541066645295723,0.01883145833540245,0.011040800370748127,0.0373142324388027,0.0665863119065761,-0.0078669274225831,0.0095024891197681,e20250414
10,560,0.30194116805834414,0.2686563644350335,0.19420707554005412,-0.04718484393367617,0.3061217963695526,0.2815050482749939,0.1701700836420059,-0.0736617296934127,e20250414
13,552,0.3336623936895198,0.2911958468964335,0.20628187912788765,-0.040866255378092194,0.3445940017700195,0.2947325110435486,0.1803325414657592,-0.0561796464025974,e20250414
17,427,0.30803320874657913,0.36861828607992886,0.18410963343811146,0.08589407112737776,0.3137074559926986,0.3766016960144043,0.1514514535665512,0.0822270885109901,e20250414
4,1462,0.29021284476814324,0.2789556883974967,0.19027075171325036,-0.0063763577613985154,0.2888884246349334,0.2870441377162933,0.1598140597343444,-0.0142539981752634,e20250414
24,217,0.24199458267685217,0.11096543976574111,0.16907304527362732,-0.09765157103456286,0.2468129992485046,0.1070492193102836,0.1492488831281662,-0.1611907631158828,e20250414
1,728,0.1867787300958392,0.11797395660272643,0.12853687231072447,-0.03551777051921333,0.2148372679948806,0.2126568257808685,0.1146073043346405,-0.024824908003211,e20250414
21,257,0.2680141787855434,0.2679314134200262,0.17977066962495497,-0.03206611562637414,0.2834924757480621,0.2974938452243805,0.1560167372226715,-0.0284103481099009,e20250414
8,970,0.3663899520655514,0.3484738429340055,0.21984970088132771,-0.01273707818879139,0.38237264752388,0.3583387434482574,0.1938503831624984,-0.0364858619868755,e20250414
2,1601,0.36929867491589347,0.3547513622421207,0.2237424542781842,0.011975166105168085,0.3934719264507293,0.3628913760185241,0.1997728198766708,-0.0320825427770614,e20250414
