Site,Plot,tree_c,soil_oc,total_c,ndvi,ndmi,ndre,mndwi
Ajman Al Zorah,1,106.16903739109767,86.24164211729514,192.41067950839283,0.7881504,0.47147876,0.5987022,-0.37069786
Ajman Al Zorah,2,105.5095887639429,84.74500461877383,190.25459338271676,0.7881504,0.47147876,0.5987022,-0.37069786
Ajman Al Zorah,3,100.08960052668957,140.77617703804842,240.865777564738,0.7881504,0.47147876,0.5987022,-0.37069786
Ajman Al Zorah,4,61.28782680643393,71.90826959336667,133.19609639980058,0.7881504,0.47147876,0.5987022,-0.37069786
Ajman Al Zorah,5,105.96266034006996,103.27306451122692,209.23572485129688,0.7881504,0.47147876,0.5987022,-0.37069786
Ajman Al Zorah,6,64.90298091340539,119.23759357292798,184.14057448633335,0.7881504,0.47147876,0.5987022,-0.37069786
Al Khor,1,103.17550711001998,100.5181473320294,203.69365444204936,0.64852035,0.46535102,0.48097765,-0.27815384
Al Khor,2,104.02522543779672,157.33388482305622,261.35911026085296,0.64852035,0.46535102,0.48097765,-0.27815384
Al Khor,3,99.4235563053808,157.1194230451985,256.5429793505793,0.64852035,0.46535102,0.48097765,-0.27815384
Al Khor,4,71.22663504559976,130.14505015706885,201.37168520266863,0.64852035,0.46535102,0.48097765,-0.27815384
Al Khor,5,118.82936838159031,71.54331618821271,190.37268456980303,0.64852035,0.46535102,0.48097765,-0.27815384
Al Khor,6,91.09441180191806,337.86981351342115,428.9642253153392,0.64852035,0.46535102,0.48097765,-0.27815384
Al Rams,1,46.10552230123393,50.68342304629237,96.7889453475263,0.61420786,0.37492815,0.38987556,-0.17570882
Al Rams,2,48.20494273844708,25.810738935362856,74.01568167380994,0.61420786,0.37492815,0.38987556,-0.17570882
Al Rams,3,60.724312551758594,103.24515802867668,163.96947058043529,0.61420786,0.37492815,0.38987556,-0.17570882
Al Rams,4,59.45474380566478,221.3174051249296,280.7721489305944,0.61420786,0.37492815,0.38987556,-0.17570882
Al Rams,5,51.18747990657859,59.22390751950084,110.41138742607944,0.61420786,0.37492815,0.38987556,-0.17570882
Al Rams,6,69.83840891930467,67.58283217403321,137.42124109333787,0.61420786,0.37492815,0.38987556,-0.17570882
Al Shalila,1,7.632095788274821,89.50296564963858,97.1350614379134,0.7162763,0.43097463,0.43705073,-0.28680605
Al Shalila,2,11.694764215487622,56.58340276084397,68.27816697633159,0.72707003,0.41029865,0.4315124,-0.31532827
Al Shalila,3,9.85585281689585,74.42970713368952,84.28555995058537,0.7340896,0.39228263,0.42432487,-0.35760638
Al Shalila,4,14.58141802107167,137.1238658333695,151.70528385444118,0.69557726,0.32482252,0.40391603,-0.39074898
Al Shalila,5,8.198402297403122,97.25788063909349,105.4562829364966,0.6894866,0.28678402,0.3953469,-0.3995443
Al Shalila,6,11.806127477268491,108.66452569525492,120.4706531725234,0.68592715,0.280107,0.3944293,-0.4090452
Bu Tinah Jaoub,1,88.46157636017767,54.75120237485011,143.21277873502777,0.43260854,0.272573,0.04250401,0.35217446
Bu Tinah Jaoub,2,34.63124370729648,40.3412979856741,74.97254169297058,0.5414283,0.28015643,0.11554819,0.14990404
Bu Tinah Jaoub,3,33.905729532314005,20.37267152081163,54.278401053125634,0.58293366,0.28449735,0.11554819,0.106389716
Bu Tinah Jaoub,4,51.4261626030746,39.62114613334124,91.04730873641584,0.57832754,0.28449735,0.25727183,-0.22934678
Bu Tinah Jaoub,5,56.93931810549693,55.75941656038841,112.69873466588534,0.60650617,0.29247138,0.2609663,-0.23256937
Bu Tinah Jaoub,6,12.056179676085083,9.204283765693525,21.260463441778608,0.5931288,0.2989848,0.2618491,-0.15327947
Bu Tinah Shamal,1,27.25317848590952,87.14640015469445,114.39957864060396,0.77593946,0.49376112,0.48105413,-0.25059533
Bu Tinah Shamal,3,31.134508454151288,166.86878804504312,198.0032964991944,0.7576065,0.4580564,0.45194027,-0.25763547
Bu Tinah Shamal,4,29.90987191851094,79.49785623704236,109.4077281555533,0.72829753,0.4429742,0.43847087,-0.24778575
Bu Tinah Shamal,5,8.069511311507107,25.774309183515022,33.84382049502213,0.6814393,0.42416254,0.4183985,-0.24241108
Bu Tinah Shamal,6,39.81119980628078,101.6964963846354,141.5076961909162,0.6849258,0.42416254,0.4183985,-0.24271473
Eastern Mangrove,1,11.01636860038152,27.495124934454303,38.51149353483582,0.7629484,0.48299763,0.48162726,-0.2632562
Eastern Mangrove,2,7.720668617446728,30.51643877352762,38.23710739097435,0.79144347,0.49404302,0.4899245,-0.2838549
Eastern Mangrove,3,8.185182329211758,46.83376623632455,55.01894856553631,0.7731403,0.49279422,0.4899245,-0.27232343
Eastern Mangrove,4,13.153153676221187,54.080841356485934,67.23399503270713,0.7390933,0.48229045,0.48030138,-0.2761094
Eastern Mangrove,5,33.596358475113206,58.23907088928847,91.83542936440168,0.7349782,0.46686047,0.46455035,-0.2927414
Eastern Mangrove,6,32.142134165983606,151.99160763057088,184.1337417965545,0.6839553,0.45787218,0.46267235,-0.28170842
Jubail Island,1,34.48595752947082,75.72636791805277,110.2123254475236,0.13163625,0.18834294,0.090388894,0.069091156
Jubail Island,2,25.61583836741297,77.02061029079475,102.63644865820773,0.07894846,0.08645498,0.042849056,-0.004599221
Jubail Island,3,41.5984108517558,53.98252194318143,95.58093279493724,0.07779305,0.08898584,0.041108467,-0.07800679
Jubail Island,4,13.256316487642753,71.75984336781602,85.01615985545877,0.095053956,0.099276535,0.055207543,-0.05517193
Jubail Island,5,32.8877463104036,61.3627116614834,94.250457971887,0.18629336,0.24333626,0.10115576,0.03587517
Jubail Island,6,21.60899482269117,85.6479771962453,107.25697201893648,0.20020834,0.23183772,0.097290814,0.09952912
Jubail Island East,1,11.699857864962604,78.39704585597086,90.09690372093348,0.35005987,0.40967435,0.18554276,-0.029358579
Jubail Island East,2,12.981395417170036,85.0102744904815,97.99166990765154,0.30996442,0.4063171,0.12048684,0.16410087
Jubail Island East,3,7.988396698529186,49.81669328997325,57.80508998850244,0.32997876,0.43843424,0.097253144,0.2704295
Jubail Island East,4,7.833319590657652,77.40178614019888,85.23510573085653,0.3527289,0.48016047,0.096386775,0.26770258
Jubail Island East,5,1.521108966489218,43.682107240640384,45.2032162071296,0.4146446,0.46472335,0.079178914,0.25695765
Jubail Island East,6,1.9654224092613397,86.42521328110558,88.39063569036692,0.28462553,0.46795198,0.09772464,0.31154734
Kalba North,1,68.7021673789142,157.74465921260048,226.44682659151468,0.578381,0.29044446,0.3758312,-0.2910146
Kalba North,2,74.32984018956479,110.96664899295897,185.29648918252377,0.578381,0.29044446,0.3758312,-0.2910146
Kalba North,3,146.28697506332992,225.52045025140063,371.8074253147306,0.578381,0.29044446,0.3758312,-0.2910146
Kalba North,4,59.335620520381575,116.25801318748074,175.59363370786232,0.578381,0.29044446,0.3758312,-0.2910146
Kalba North,5,101.97397712258206,80.68603601359251,182.66001313617457,0.578381,0.29044446,0.3758312,-0.2910146
Kalba North,6,29.987340146824813,149.5974215777671,179.5847617245919,0.578381,0.29044446,0.3758312,-0.2910146
Kalba West,1,104.89947686804894,194.59014269880785,299.48961956685673,0.56794524,0.2546025,0.30859095,-0.14141858
Kalba West,2,67.15693141691868,137.5888572147607,204.74578863167935,0.56794524,0.2546025,0.30859095,-0.14141858
Kalba West,3,153.26667205534036,112.48726727583268,265.75393933117306,0.56794524,0.2546025,0.30859095,-0.14141858
Kalba West,4,112.00257275069843,192.620686779727,304.62325953042546,0.56794524,0.2546025,0.30859095,-0.14141858
Kalba West,5,30.173947570766423,220.34339295346825,250.51734052423464,0.56794524,0.2546025,0.30859095,-0.14141858
Kalba West,6,126.9635995260584,286.83719485725703,413.8007943833154,0.56794524,0.2546025,0.30859095,-0.14141858
Marawah Island,1,10.167676053433498,94.3364506765601,104.5041267299936,0.24289125,0.21502227,0.10518624,0.041391466
Marawah Island,2,20.33070488940884,53.38010096382956,73.7108058532384,0.23188102,0.24511027,0.044779126,0.09865297
Marawah Island,3,39.62011319520578,127.19290105222316,166.81301424742895,0.2765578,0.2744829,0.081266105,0.053989872
Marawah Island,4,20.70731499669185,46.10681160181326,66.81412659850511,0.36195254,0.23116101,0.049897593,-0.0069433823
Marawah Island,5,21.152970777920544,95.2959122136859,116.44888299160644,0.38041657,0.21560755,0.11302957,-0.089364424
Marawah Island,6,16.21400033692832,84.91510591411961,101.12910625104792,0.24746048,0.11338399,0.14606452,-0.1616479
Ras Al Kaimah,1,103.33761397535376,179.19436229702652,282.5319762723803,0.7670538,0.47743738,0.56028986,-0.31491435
Ras Al Kaimah,2,100.27173826815392,148.6323260187183,248.9040642868722,0.7670538,0.47743738,0.56028986,-0.31491435
Ras Al Kaimah,3,113.02495444503884,217.80318803049568,330.8281424755345,0.7670538,0.47743738,0.56028986,-0.31491435
Ras Al Kaimah,4,86.30409003591228,154.9190460281566,241.22313606406888,0.7670538,0.47743738,0.56028986,-0.31491435
Ras Al Kaimah,5,112.22632412851972,99.79500946419112,212.02133359271085,0.7670538,0.47743738,0.56028986,-0.31491435
Ras Al Kaimah,6,137.3642856752404,67.1354722134032,204.4997578886436,0.7670538,0.47743738,0.56028986,-0.31491435
Salaam,1,17.351756010310215,107.22628385940264,124.57803986971284,0.8092029,0.45440564,0.51673865,-0.3259536
Salaam,2,11.372629660915296,136.96969338028742,148.34232304120272,0.8043251,0.46352386,0.52831566,-0.33677655
Salaam,3,24.99896298365394,165.8329505632017,190.83191354685567,0.8173749,0.47330976,0.543737,-0.35684773
Salaam,4,28.42413243629316,176.2785375122931,204.70266994858625,0.8193363,0.48752102,0.5568764,-0.3670238
Salaam,5,40.371894874212224,169.05512887579937,209.4270237500116,0.8210429,0.49509877,0.5615895,-0.36860818
Salaam,6,24.16651638221007,164.6826783686299,188.84919475084,0.8221787,0.49216282,0.5542833,-0.34528905
Sinnia,1,38.87482740133723,60.173645202807535,99.04847260414476,0.5882126,0.4923414,0.35849565,-0.07118444
Sinnia,2,35.5610312553657,93.3925094440864,128.95354069945208,0.5882126,0.4923414,0.35849565,-0.07118444
Sinnia,3,28.37896394646636,96.58551808785872,124.96448203432509,0.5882126,0.4923414,0.35849565,-0.07118444
Sinnia,4,52.2316462803164,19.148456707693093,71.3801029880095,0.5882126,0.4923414,0.35849565,-0.07118444
Sinnia,5,37.96704426950676,64.08610039182716,102.05314466133392,0.5882126,0.4923414,0.35849565,-0.07118444
Sinnia,6,53.68944074383253,96.39000180625176,150.07944255008428,0.5882126,0.4923414,0.35849565,-0.07118444
Umm al Quwain,1,9.457489859326635,53.31071844373668,62.76820830306331,0.65303177,0.49603146,0.4222278,-0.1634559
Umm al Quwain,2,25.08870623099391,23.514380199327896,48.60308643032181,0.65303177,0.49603146,0.4222278,-0.1634559
Umm al Quwain,3,31.733779838458855,199.3329353964056,231.06671523486443,0.65303177,0.49603146,0.4222278,-0.1634559
Umm al Quwain,4,29.689488417771447,109.76214753687243,139.4516359546439,0.65303177,0.49603146,0.4222278,-0.1634559
Umm al Quwain,5,45.53143052047883,54.782470645087145,100.31390116556597,0.65303177,0.49603146,0.4222278,-0.1634559
Umm al Quwain,6,25.32683399065781,18.83437765820741,44.16121164886522,0.685783,0.44597316,0.43141335,-0.22780758
