stand,wc2021_ha,rf2021_ha,rf2025_ha,change_ha,change_pct
1,160.4,152.0,22.1,-129.9,-85.5
2,152.5,145.8,41.8,-104.0,-71.3
3,149.0,145.7,90.3,-55.4,-38.0
4,139.4,136.4,21.0,-115.4,-84.6
5,137.8,127.8,19.4,-108.4,-84.8
6,128.7,122.4,17.3,-105.1,-85.9
7,98.3,93.9,32.2,-61.7,-65.7
8,93.4,86.8,13.2,-73.6,-84.8
9,77.2,72.1,5.5,-66.6,-92.4
10,62.3,59.8,6.4,-53.4,-89.3
11,61.8,61.0,29.5,-31.5,-51.6
12,59.2,55.4,11.1,-44.3,-80.0
13,53.1,51.2,1.9,-49.3,-96.3
14,46.5,45.4,28.2,-17.2,-37.9
15,46.3,44.0,9.6,-34.4,-78.2
16,43.3,42.7,0.3,-42.4,-99.3
17,41.1,38.7,15.3,-23.4,-60.5
18,39.6,36.9,18.8,-18.1,-49.1
19,37.8,35.0,5.8,-29.2,-83.4
20,36.9,34.8,0.0,-34.8,-100.0
21,24.4,24.0,4.6,-19.4,-80.8
22,24.0,22.2,2.2,-20.0,-90.1
23,24.1,21.2,1.9,-19.3,-91.0
24,22.4,18.5,3.0,-15.5,-83.8
25,21.2,19.5,0.0,-19.5,-100.0
