stand,area_ha,last_obs,obs_gap_days,z_comp_now,z_ndmi_now,z_ndvi_now,alert_now,alerts_2022_2026,trend_ndvi_per_yr,trend_ndvi_pct_per_yr,trend_ndre_per_yr,trend_ndre_pct_per_yr,trend_ndmi_per_yr,trend_ndmi_pct_per_yr,stock_tC_p10,stock_tC_p50,stock_tC_p90,stock_tCO2e_p50,ndvi_base,ndvi_now,ndvi_change_pct,ndvi_change_sigma,ndmi_base,ndmi_now,ndmi_change_pct,ndmi_change_sigma,condition,carbon_source
1,205.4,2026-09-17,2,0.39,0.9,0.64,False,3,-0.0087,-3.87,-0.0076,-6.61,-0.0185,-6.81,16172,22263,28442,81633,0.242,0.189,-21.7,-2.1,0.332,0.23,-31.0,-2.3,stable,"Schile et al. 2016 field plots (Dryad), 24 plots / 4 sites near Jubail-Eastern Mangroves; soil top 1 m"
2,195.4,2026-09-17,2,-0.21,-0.26,-0.5,False,3,-0.0007,-0.18,-0.0024,-1.32,-0.0008,-0.22,15385,21180,27058,77658,0.405,0.377,-7.0,-0.6,0.378,0.346,-8.5,-0.5,stable,"Schile et al. 2016 field plots (Dryad), 24 plots / 4 sites near Jubail-Eastern Mangroves; soil top 1 m"
3,190.3,2026-09-17,2,0.5,0.87,0.14,False,5,0.0089,3.76,0.0043,3.76,0.0019,0.51,14983,20627,26352,75631,0.206,0.236,15.0,1.7,0.377,0.372,-1.4,-0.3,stable,"Schile et al. 2016 field plots (Dryad), 24 plots / 4 sites near Jubail-Eastern Mangroves; soil top 1 m"
4,178.9,2026-09-17,2,0.27,0.59,0.39,False,6,0.0039,1.4,0.0011,0.78,-0.0049,-1.54,14086,19391,24773,71101,0.252,0.258,2.2,0.1,0.334,0.301,-10.0,-0.8,stable,"Schile et al. 2016 field plots (Dryad), 24 plots / 4 sites near Jubail-Eastern Mangroves; soil top 1 m"
5,176.5,2026-09-17,2,0.84,1.48,0.41,False,5,-0.0586,-32.65,-0.0353,-46.49,-0.0731,-28.78,13897,19131,24441,70147,0.273,-0.03,-110.9,-22.6,0.383,-0.018,-104.7,-10.3,severe decline,"Schile et al. 2016 field plots (Dryad), 24 plots / 4 sites near Jubail-Eastern Mangroves; soil top 1 m"
6,165.0,2026-09-17,2,0.94,1.31,0.4,False,6,0.0038,1.63,0.002,1.64,-0.0051,-1.9,12991,17884,22848,65576,0.201,0.196,-2.9,-0.2,0.294,0.25,-14.8,-1.6,stable,"Schile et al. 2016 field plots (Dryad), 24 plots / 4 sites near Jubail-Eastern Mangroves; soil top 1 m"
7,126.0,2026-09-17,2,0.73,0.69,0.7,False,4,0.0049,1.63,0.003,1.99,0.0011,0.32,9921,13657,17448,50077,0.281,0.276,-2.0,-0.2,0.369,0.348,-5.6,-0.6,stable,"Schile et al. 2016 field plots (Dryad), 24 plots / 4 sites near Jubail-Eastern Mangroves; soil top 1 m"
8,119.6,2026-09-17,2,0.12,0.15,0.04,False,3,0.0062,1.68,0.0005,0.27,-0.0017,-0.46,9417,12964,16561,47533,0.351,0.355,1.0,0.1,0.375,0.337,-10.2,-0.6,stable,"Schile et al. 2016 field plots (Dryad), 24 plots / 4 sites near Jubail-Eastern Mangroves; soil top 1 m"
9,99.2,2026-09-17,2,0.11,0.15,0.41,False,7,-0.004,-1.06,-0.0027,-1.4,-0.0073,-2.05,7810,10752,13737,39425,0.404,0.347,-14.2,-1.4,0.382,0.312,-18.2,-1.4,stable,"Schile et al. 2016 field plots (Dryad), 24 plots / 4 sites near Jubail-Eastern Mangroves; soil top 1 m"
10,79.6,2026-09-17,2,0.74,0.76,1.08,False,5,0.0063,2.16,0.0018,1.23,0.0046,1.55,6267,8628,11023,31636,0.249,0.277,11.4,0.6,0.301,0.302,0.3,0.0,stable,"Schile et al. 2016 field plots (Dryad), 24 plots / 4 sites near Jubail-Eastern Mangroves; soil top 1 m"
11,79.2,2026-09-17,2,0.36,0.54,-0.13,False,5,0.003,1.37,0.001,0.91,0.0009,0.31,6236,8585,10967,31477,0.166,0.179,7.7,0.6,0.322,0.313,-3.0,-0.5,stable,"Schile et al. 2016 field plots (Dryad), 24 plots / 4 sites near Jubail-Eastern Mangroves; soil top 1 m"
12,75.9,2026-09-17,2,1.01,0.86,1.49,False,4,-0.0144,-4.7,-0.0107,-7.57,-0.0127,-3.7,5976,8227,10510,30165,0.351,0.266,-24.2,-1.5,0.389,0.299,-23.3,-1.4,stable,"Schile et al. 2016 field plots (Dryad), 24 plots / 4 sites near Jubail-Eastern Mangroves; soil top 1 m"
13,68.0,2026-09-17,2,0.19,0.13,0.23,False,6,0.0056,1.68,0.0016,1.01,-0.0003,-0.1,5354,7371,9416,27025,0.293,0.315,7.3,0.5,0.316,0.302,-4.5,-0.3,stable,"Schile et al. 2016 field plots (Dryad), 24 plots / 4 sites near Jubail-Eastern Mangroves; soil top 1 m"
14,59.4,2026-09-17,2,0.96,0.9,0.92,False,6,0.0058,2.16,0.0042,3.13,0.001,0.25,4677,6438,8225,23608,0.233,0.25,7.6,0.7,0.416,0.404,-3.0,-0.5,stable,"Schile et al. 2016 field plots (Dryad), 24 plots / 4 sites near Jubail-Eastern Mangroves; soil top 1 m"
15,59.4,2026-09-17,2,0.25,0.35,0.34,False,4,0.004,1.35,0.0002,0.16,0.0006,0.19,4677,6438,8225,23608,0.279,0.27,-3.4,-0.3,0.345,0.329,-4.6,-0.3,stable,"Schile et al. 2016 field plots (Dryad), 24 plots / 4 sites near Jubail-Eastern Mangroves; soil top 1 m"
16,55.6,2026-09-17,2,0.63,0.91,0.44,False,6,0.0112,4.19,0.0074,4.96,0.0039,1.68,4378,6027,7699,22097,0.193,0.241,24.8,1.2,0.242,0.252,4.0,0.2,stable,"Schile et al. 2016 field plots (Dryad), 24 plots / 4 sites near Jubail-Eastern Mangroves; soil top 1 m"
17,52.8,2026-09-17,2,-0.3,-0.23,-0.17,False,2,0.0063,2.02,0.0002,0.16,0.0008,0.21,4157,5723,7311,20984,0.272,0.286,5.0,0.4,0.377,0.367,-2.6,-0.5,stable,"Schile et al. 2016 field plots (Dryad), 24 plots / 4 sites near Jubail-Eastern Mangroves; soil top 1 m"
18,50.6,2026-09-17,2,0.56,0.36,0.55,False,2,-0.001,-0.36,-0.002,-1.6,-0.0076,-2.09,3984,5485,7007,20110,0.27,0.242,-10.4,-1.2,0.388,0.327,-15.7,-2.3,stable,"Schile et al. 2016 field plots (Dryad), 24 plots / 4 sites near Jubail-Eastern Mangroves; soil top 1 m"
19,48.5,2026-09-17,2,0.82,0.72,1.26,False,5,0.0153,6.16,0.0018,1.53,0.0079,2.94,3819,5257,6716,19275,0.192,0.268,39.8,2.1,0.255,0.301,18.1,1.8,stable,"Schile et al. 2016 field plots (Dryad), 24 plots / 4 sites near Jubail-Eastern Mangroves; soil top 1 m"
20,46.9,2026-09-17,2,0.55,0.82,0.26,False,4,0.0099,3.99,0.0066,4.66,-0.0029,-1.83,3693,5084,6494,18640,0.197,0.236,19.7,1.1,0.183,0.162,-11.0,-0.5,stable,"Schile et al. 2016 field plots (Dryad), 24 plots / 4 sites near Jubail-Eastern Mangroves; soil top 1 m"
21,31.2,2026-09-17,2,0.51,0.9,0.48,False,2,0.006,2.22,0.0031,2.27,-0.0049,-1.44,2457,3382,4320,12400,0.237,0.256,8.1,0.5,0.353,0.332,-6.1,-0.5,stable,"Schile et al. 2016 field plots (Dryad), 24 plots / 4 sites near Jubail-Eastern Mangroves; soil top 1 m"
22,30.9,2026-09-17,2,0.67,0.05,0.84,False,6,-0.0068,-1.29,-0.0075,-2.47,-0.0041,-1.09,2433,3349,4279,12281,0.553,0.504,-8.9,-0.7,0.395,0.342,-13.4,-0.7,stable,"Schile et al. 2016 field plots (Dryad), 24 plots / 4 sites near Jubail-Eastern Mangroves; soil top 1 m"
23,30.8,2026-09-17,2,0.66,0.5,0.67,False,3,0.0078,2.38,0.0023,1.39,0.004,1.32,2425,3338,4265,12241,0.304,0.326,7.4,0.5,0.296,0.308,4.0,0.2,stable,"Schile et al. 2016 field plots (Dryad), 24 plots / 4 sites near Jubail-Eastern Mangroves; soil top 1 m"
24,28.6,2026-09-17,2,-0.53,-0.79,-0.28,False,5,0.0059,2.55,0.0041,3.2,0.0039,2.52,2252,3100,3960,11367,0.215,0.229,6.3,0.4,0.168,0.187,11.2,1.6,stable,"Schile et al. 2016 field plots (Dryad), 24 plots / 4 sites near Jubail-Eastern Mangroves; soil top 1 m"
25,27.3,2026-09-17,2,1.09,0.77,1.11,False,5,-0.0061,-1.12,-0.0045,-1.49,-0.0081,-2.73,2149,2959,3780,10850,0.574,0.518,-9.8,-0.7,0.324,0.259,-20.1,-0.8,stable,"Schile et al. 2016 field plots (Dryad), 24 plots / 4 sites near Jubail-Eastern Mangroves; soil top 1 m"
