stand,start,end,days,min_z_comp,min_z_ndmi
1,2023-06-10,2024-02-27,262,-3.44,-4.14
1,2024-12-28,2025-01-20,23,-2.32,0.35
1,2026-04-07,2026-04-07,0,-1.48,-1.25
2,2022-06-20,2022-07-15,25,-1.58,-0.93
2,2024-12-26,2025-09-24,272,-3.29,-3.43
2,2025-12-06,2026-01-05,30,-1.69,-2.42
3,2022-03-17,2022-03-17,0,-4.51,-5.14
3,2022-04-23,2022-08-09,108,-3.36,-3.47
3,2024-05-17,2024-05-20,3,-1.33,-1.03
3,2024-10-02,2025-03-16,165,-6.73,-6.56
3,2025-11-06,2025-11-11,5,-2.23,-2.59
4,2022-05-18,2022-05-28,10,-1.35,-1.72
4,2022-12-07,2022-12-07,0,-1.37,-0.84
4,2024-03-11,2024-03-16,5,-1.73,-1.66
4,2024-11-28,2025-01-27,60,-2.85,-2.26
4,2025-07-19,2025-08-23,35,-1.76,-0.94
4,2025-12-01,2025-12-13,12,-1.65,-1.38
5,2022-05-13,2022-08-06,85,-2.29,-2.19
5,2022-12-07,2022-12-22,15,-1.53,-0.21
5,2023-03-17,2023-04-16,30,-2.26,-2.14
5,2023-05-23,2024-02-27,280,-8.68,-7.79
5,2024-11-16,2025-10-22,340,-4.21,-10.4
6,2022-02-02,2022-02-15,13,-1.59,-1.44
6,2022-05-18,2022-07-12,55,-1.75,-1.48
6,2024-12-03,2025-02-04,63,-5.48,-3.01
6,2025-07-21,2025-07-26,5,-1.6,-1.08
6,2025-11-23,2025-12-03,10,-1.55,-1.44
6,2026-03-28,2026-04-19,22,-1.72,-1.76
7,2022-03-17,2022-03-17,0,-2.57,-2.45
7,2022-05-18,2022-05-31,13,-1.44,-1.35
7,2024-10-14,2025-03-08,145,-3.43,-2.9
7,2025-07-21,2025-07-26,5,-1.3,-0.94
8,2022-06-12,2022-07-05,23,-1.66,-0.89
8,2024-10-29,2025-09-04,310,-3.98,-3.2
8,2025-11-13,2025-12-23,40,-1.68,-2.42
9,2022-06-02,2022-06-20,18,-1.44,-1.05
9,2022-07-22,2022-07-22,0,-1.31,-1.15
9,2023-09-23,2023-11-09,47,-2.1,-2.37
9,2024-01-01,2024-01-16,15,-1.7,-2.35
9,2024-12-26,2025-03-06,70,-2.24,-2.39
9,2025-05-17,2025-06-01,15,-1.77,-1.04
9,2025-07-11,2025-07-24,13,-1.42,-1.39
10,2022-05-18,2022-07-15,58,-1.61,-1.45
10,2024-02-15,2024-02-27,12,-1.42,-1.56
10,2024-04-07,2024-04-07,0,-1.36,-2.02
10,2024-11-03,2025-07-26,265,-3.85,-3.65
10,2025-11-08,2025-12-10,32,-2.78,-3.34
11,2022-02-02,2022-02-02,0,-1.8,-1.76
11,2024-02-15,2024-02-27,12,-1.87,-1.84
11,2024-05-12,2024-05-27,15,-1.63,-1.17
11,2024-10-02,2025-02-04,125,-5.49,-5.97
11,2026-03-28,2026-04-07,10,-3.58,-3.02
12,2023-03-07,2023-05-08,62,-2.7,-1.43
12,2023-09-30,2023-10-03,3,-1.42,-2.53
12,2024-12-11,2025-03-01,80,-2.33,-2.77
12,2025-11-06,2025-12-01,25,-1.62,-2.41
13,2022-07-05,2022-07-15,10,-1.43,-1.25
13,2023-04-03,2023-04-03,0,-1.35,-2.04
13,2024-11-28,2025-02-04,68,-2.61,-2.68
13,2025-03-26,2025-05-30,65,-1.88,-1.28
13,2025-07-09,2025-09-19,72,-2.66,-1.87
13,2025-11-23,2025-12-13,20,-1.65,-1.27
14,2022-02-02,2022-02-02,0,-1.54,-0.93
14,2022-03-14,2022-05-18,65,-5.05,-3.36
14,2022-07-05,2022-07-12,7,-1.92,-1.46
14,2024-10-14,2025-03-16,153,-3.9,-3.15
14,2025-11-06,2025-11-11,5,-1.32,-0.93
14,2026-03-28,2026-04-07,10,-2.97,0.19
15,2022-01-31,2022-01-31,0,-1.35,-0.69
15,2022-05-18,2022-05-31,13,-1.52,-1.06
15,2024-10-29,2025-07-26,270,-2.62,-2.65
15,2025-11-16,2025-12-23,37,-1.51,-2.19
16,2022-01-31,2022-02-02,2,-2.47,-1.34
16,2023-02-10,2023-03-02,20,-1.86,-2.48
16,2024-09-29,2025-02-04,128,-4.37,-4.16
16,2025-08-23,2025-08-23,0,-1.38,-0.76
16,2025-12-03,2025-12-03,0,-1.42,-1.5
16,2026-03-28,2026-04-07,10,-2.1,-1.79
17,2022-06-20,2022-09-30,102,-2.83,-3.82
17,2024-10-27,2025-08-23,300,-5.15,-5.09
18,2022-04-23,2022-09-05,135,-3.01,-2.97
18,2024-10-27,2025-12-23,422,-7.11,-6.23
19,2022-01-31,2022-02-15,15,-1.6,-1.69
19,2022-05-18,2022-05-18,0,-1.37,-1.31
19,2024-10-02,2025-04-02,182,-3.71,-3.44
19,2025-05-20,2025-05-25,5,-1.36,-1.39
19,2025-07-09,2025-08-23,45,-1.78,-1.21
20,2022-01-31,2022-02-15,15,-2.01,-1.8
20,2023-01-11,2023-06-17,157,-4.11,-4.61
20,2023-08-14,2023-10-15,62,-1.91,-2.76
20,2024-12-28,2025-01-15,18,-1.51,-1.04
21,2022-03-17,2022-03-22,5,-1.55,-1.06
21,2024-10-14,2025-07-26,285,-2.66,-2.88
22,2022-04-21,2022-04-28,7,-1.31,-0.2
22,2022-06-02,2022-07-25,53,-2.57,-2.34
22,2022-08-29,2022-08-29,0,-1.63,-1.78
22,2023-09-25,2023-10-05,10,-1.77,-2.16
22,2024-12-06,2025-09-04,272,-4.18,-3.82
22,2025-11-23,2026-01-05,43,-1.61,-1.52
23,2022-03-17,2022-03-17,0,-2.09,-1.21
23,2024-11-03,2025-08-28,298,-3.83,-3.82
23,2025-10-29,2025-12-13,45,-2.35,-2.39
24,2022-12-02,2022-12-02,0,-1.43,-1.04
24,2023-01-16,2023-03-07,50,-2.38,-2.94
24,2023-11-19,2024-03-01,103,-2.09,-3.67
24,2024-04-07,2024-04-07,0,-1.36,-1.47
24,2025-01-12,2025-01-27,15,-1.98,-0.79
25,2022-03-19,2022-08-06,140,-3.94,-4.03
25,2023-09-23,2023-10-03,10,-1.71,-1.4
25,2023-12-27,2024-01-01,5,-1.31,-1.54
25,2024-10-29,2025-09-12,318,-5.66,-5.83
25,2025-11-08,2025-12-10,32,-1.91,-1.43
