stand,area_ha,last_obs,obs_gap_days,z_comp_now,z_ndmi_now,z_ndvi_now,alert_now,alerts_2022_2026,trend_ndvi_per_yr,trend_ndvi_pct_per_yr,trend_ndre_per_yr,trend_ndre_pct_per_yr,trend_ndmi_per_yr,trend_ndmi_pct_per_yr,stock_tC_p10,stock_tC_p50,stock_tC_p90,stock_tCO2e_p50,ndvi_base,ndvi_now,ndvi_change_pct,ndvi_change_sigma,ndmi_base,ndmi_now,ndmi_change_pct,ndmi_change_sigma,condition,carbon_source,condition_window_days
1,205.4,2026-09-17,2,0.39,0.9,0.64,False,3,-0.0087,-3.87,-0.0076,-6.61,-0.0185,-6.81,16172,22263,28442,81633,0.249,0.199,-19.9,-1.6,0.335,0.239,-28.8,-2.8,stable,"Schile et al. 2016 field plots (Dryad), 24 plots / 4 sites near Jubail-Eastern Mangroves; soil top 1 m",365
2,195.4,2026-09-17,2,-0.21,-0.26,-0.5,False,3,-0.0007,-0.18,-0.0024,-1.32,-0.0008,-0.22,15385,21180,27058,77658,0.405,0.374,-7.6,-1.0,0.381,0.349,-8.4,-1.2,stable,"Schile et al. 2016 field plots (Dryad), 24 plots / 4 sites near Jubail-Eastern Mangroves; soil top 1 m",365
3,190.3,2026-09-17,2,0.5,0.87,0.14,False,5,0.0089,3.76,0.0043,3.76,0.0019,0.51,14983,20627,26352,75631,0.211,0.247,17.0,1.9,0.382,0.38,-0.4,-0.1,stable,"Schile et al. 2016 field plots (Dryad), 24 plots / 4 sites near Jubail-Eastern Mangroves; soil top 1 m",365
4,178.9,2026-09-17,2,0.27,0.59,0.39,False,6,0.0039,1.4,0.0011,0.78,-0.0049,-1.54,14086,19391,24773,71101,0.261,0.264,1.2,0.1,0.338,0.3,-11.3,-1.3,stable,"Schile et al. 2016 field plots (Dryad), 24 plots / 4 sites near Jubail-Eastern Mangroves; soil top 1 m",365
5,176.5,2026-09-17,2,0.84,1.48,0.41,False,5,-0.0586,-32.65,-0.0353,-46.49,-0.0731,-28.78,13897,19131,24441,70147,0.274,-0.03,-111.0,-5.9,0.382,-0.015,-104.0,-5.7,severe decline,"Schile et al. 2016 field plots (Dryad), 24 plots / 4 sites near Jubail-Eastern Mangroves; soil top 1 m",365
6,165.0,2026-09-17,2,0.94,1.31,0.4,False,6,0.0038,1.63,0.002,1.64,-0.0051,-1.9,12991,17884,22848,65576,0.205,0.217,5.6,0.5,0.294,0.26,-11.6,-1.3,stable,"Schile et al. 2016 field plots (Dryad), 24 plots / 4 sites near Jubail-Eastern Mangroves; soil top 1 m",365
7,126.0,2026-09-17,2,0.73,0.69,0.7,False,4,0.0049,1.63,0.003,1.99,0.0011,0.32,9921,13657,17448,50077,0.281,0.283,0.8,0.1,0.365,0.358,-1.9,-0.2,stable,"Schile et al. 2016 field plots (Dryad), 24 plots / 4 sites near Jubail-Eastern Mangroves; soil top 1 m",365
8,119.6,2026-09-17,2,0.12,0.15,0.04,False,3,0.0062,1.68,0.0005,0.27,-0.0017,-0.46,9417,12964,16561,47533,0.362,0.362,-0.1,-0.0,0.379,0.341,-10.1,-1.4,stable,"Schile et al. 2016 field plots (Dryad), 24 plots / 4 sites near Jubail-Eastern Mangroves; soil top 1 m",365
9,99.2,2026-09-17,2,0.11,0.15,0.41,False,7,-0.004,-1.06,-0.0027,-1.4,-0.0073,-2.05,7810,10752,13737,39425,0.402,0.36,-10.4,-1.3,0.389,0.331,-14.8,-1.8,stable,"Schile et al. 2016 field plots (Dryad), 24 plots / 4 sites near Jubail-Eastern Mangroves; soil top 1 m",365
10,79.6,2026-09-17,2,0.74,0.76,1.08,False,5,0.0063,2.16,0.0018,1.23,0.0046,1.55,6267,8628,11023,31636,0.265,0.279,5.3,0.5,0.301,0.309,2.7,0.3,stable,"Schile et al. 2016 field plots (Dryad), 24 plots / 4 sites near Jubail-Eastern Mangroves; soil top 1 m",365
11,79.2,2026-09-17,2,0.36,0.54,-0.13,False,5,0.003,1.37,0.001,0.91,0.0009,0.31,6236,8585,10967,31477,0.173,0.185,6.8,0.6,0.324,0.317,-2.1,-0.4,stable,"Schile et al. 2016 field plots (Dryad), 24 plots / 4 sites near Jubail-Eastern Mangroves; soil top 1 m",365
12,75.9,2026-09-17,2,1.01,0.86,1.49,False,4,-0.0144,-4.7,-0.0107,-7.57,-0.0127,-3.7,5976,8227,10510,30165,0.358,0.273,-23.8,-2.7,0.396,0.301,-24.1,-3.5,stable,"Schile et al. 2016 field plots (Dryad), 24 plots / 4 sites near Jubail-Eastern Mangroves; soil top 1 m",365
13,68.0,2026-09-17,2,0.19,0.13,0.23,False,6,0.0056,1.68,0.0016,1.01,-0.0003,-0.1,5354,7371,9416,27025,0.306,0.319,4.0,0.4,0.319,0.302,-5.4,-0.5,stable,"Schile et al. 2016 field plots (Dryad), 24 plots / 4 sites near Jubail-Eastern Mangroves; soil top 1 m",365
14,59.4,2026-09-17,2,0.96,0.9,0.92,False,6,0.0058,2.16,0.0042,3.13,0.001,0.25,4677,6438,8225,23608,0.238,0.256,7.9,0.8,0.417,0.408,-2.2,-0.3,stable,"Schile et al. 2016 field plots (Dryad), 24 plots / 4 sites near Jubail-Eastern Mangroves; soil top 1 m",365
15,59.4,2026-09-17,2,0.25,0.35,0.34,False,4,0.004,1.35,0.0002,0.16,0.0006,0.19,4677,6438,8225,23608,0.278,0.277,-0.2,-0.0,0.343,0.327,-4.6,-0.6,stable,"Schile et al. 2016 field plots (Dryad), 24 plots / 4 sites near Jubail-Eastern Mangroves; soil top 1 m",365
16,55.6,2026-09-17,2,0.63,0.91,0.44,False,6,0.0112,4.19,0.0074,4.96,0.0039,1.68,4378,6027,7699,22097,0.206,0.251,22.0,1.8,0.251,0.259,3.2,0.3,stable,"Schile et al. 2016 field plots (Dryad), 24 plots / 4 sites near Jubail-Eastern Mangroves; soil top 1 m",365
17,52.8,2026-09-17,2,-0.3,-0.23,-0.17,False,2,0.0063,2.02,0.0002,0.16,0.0008,0.21,4157,5723,7311,20984,0.279,0.297,6.6,0.7,0.379,0.37,-2.3,-0.4,stable,"Schile et al. 2016 field plots (Dryad), 24 plots / 4 sites near Jubail-Eastern Mangroves; soil top 1 m",365
18,50.6,2026-09-17,2,0.56,0.36,0.55,False,2,-0.001,-0.36,-0.002,-1.6,-0.0076,-2.09,3984,5485,7007,20110,0.27,0.249,-8.0,-0.9,0.39,0.328,-15.8,-2.3,stable,"Schile et al. 2016 field plots (Dryad), 24 plots / 4 sites near Jubail-Eastern Mangroves; soil top 1 m",365
19,48.5,2026-09-17,2,0.82,0.72,1.26,False,5,0.0153,6.16,0.0018,1.53,0.0079,2.94,3819,5257,6716,19275,0.206,0.275,33.3,3.0,0.263,0.287,9.2,0.8,stable,"Schile et al. 2016 field plots (Dryad), 24 plots / 4 sites near Jubail-Eastern Mangroves; soil top 1 m",365
20,46.9,2026-09-17,2,0.55,0.82,0.26,False,4,0.0099,3.99,0.0066,4.66,-0.0029,-1.83,3693,5084,6494,18640,0.199,0.242,21.3,1.7,0.187,0.17,-9.2,-0.6,stable,"Schile et al. 2016 field plots (Dryad), 24 plots / 4 sites near Jubail-Eastern Mangroves; soil top 1 m",365
21,31.2,2026-09-17,2,0.51,0.9,0.48,False,2,0.006,2.22,0.0031,2.27,-0.0049,-1.44,2457,3382,4320,12400,0.247,0.262,6.3,0.6,0.361,0.323,-10.6,-0.9,stable,"Schile et al. 2016 field plots (Dryad), 24 plots / 4 sites near Jubail-Eastern Mangroves; soil top 1 m",365
22,30.9,2026-09-17,2,0.67,0.05,0.84,False,6,-0.0068,-1.29,-0.0075,-2.47,-0.0041,-1.09,2433,3349,4279,12281,0.552,0.503,-8.8,-1.1,0.39,0.356,-8.7,-1.0,stable,"Schile et al. 2016 field plots (Dryad), 24 plots / 4 sites near Jubail-Eastern Mangroves; soil top 1 m",365
23,30.8,2026-09-17,2,0.66,0.5,0.67,False,3,0.0078,2.38,0.0023,1.39,0.004,1.32,2425,3338,4265,12241,0.317,0.328,3.3,0.4,0.31,0.305,-1.7,-0.2,stable,"Schile et al. 2016 field plots (Dryad), 24 plots / 4 sites near Jubail-Eastern Mangroves; soil top 1 m",365
24,28.6,2026-09-17,2,-0.53,-0.79,-0.28,False,5,0.0059,2.55,0.0041,3.2,0.0039,2.52,2252,3100,3960,11367,0.218,0.26,19.1,1.3,0.169,0.19,12.5,0.8,stable,"Schile et al. 2016 field plots (Dryad), 24 plots / 4 sites near Jubail-Eastern Mangroves; soil top 1 m",365
25,27.3,2026-09-17,2,1.09,0.77,1.11,False,5,-0.0061,-1.12,-0.0045,-1.49,-0.0081,-2.73,2149,2959,3780,10850,0.577,0.517,-10.5,-1.1,0.341,0.259,-24.2,-2.0,stable,"Schile et al. 2016 field plots (Dryad), 24 plots / 4 sites near Jubail-Eastern Mangroves; soil top 1 m",365
