stand,alert_now,alerts_2022_2026,last_date,cells_alerting_now,stand_z_now,worst_cell_z_now
1,False,3,2026-09-17,,0.46,-1.61
2,False,3,2026-09-17,,0.04,-0.97
3,False,6,2026-09-17,,0.61,-0.79
4,False,8,2026-09-17,,0.87,-1.28
5,False,3,2026-09-17,,0.9,-3.52
6,False,4,2026-09-17,,0.95,-0.61
7,False,5,2026-09-17,,0.7,-0.49
8,False,4,2026-09-17,,0.61,-0.83
9,False,4,2026-09-17,,0.38,-0.53
10,False,5,2026-09-17,,0.44,-0.46
11,False,6,2026-09-17,,0.55,-0.29
12,False,5,2026-09-17,,0.79,-0.52
13,False,5,2026-09-17,,-0.08,-0.65
14,False,4,2026-09-17,,1.15,0.45
15,False,5,2026-09-17,,0.52,-0.03
16,False,7,2026-09-17,,0.62,0.05
17,False,4,2026-09-17,,0.34,-0.46
18,False,6,2026-09-17,,1.08,-0.97
19,False,4,2026-09-17,,1.35,0.2
20,False,4,2026-09-17,,0.47,-0.4
21,False,1,2026-09-17,,0.9,-1.06
22,False,4,2026-09-17,,0.74,0.53
23,False,4,2026-09-17,,0.69,-0.04
24,False,3,2026-09-17,,-0.65,-1.24
25,False,5,2026-09-17,,1.04,0.68
