stand,start,end,days,source,cells,min_stand_z,min_cell_z
1,2023-01-21,2024-03-08,412,both,1 2 3 4 5 6 7 8 13 14 15 16 17 20 22 23 25 26 27 29 31 32 33 34 35 37 42 43 44 45 48,-2.71,-19.24
1,2024-12-11,2025-01-27,47,both,1 2 3 6 8 23 24 30 33 52 53,-3.03,-10.48
1,2026-03-28,2026-04-17,20,cells,1 24 30 38,-1.25,-6.36
2,2022-06-20,2022-07-25,35,both,89,-1.63,-3.75
2,2024-11-16,2025-09-24,312,both,57 58 63 66 68 69 70 71 76 77 78 79 83 85 87 90 91 92 93 94 95 96 100 101 102 104 105,-3.2,-4.72
2,2025-12-06,2025-12-31,25,stand,,-1.74,-3.16
3,2022-03-17,2022-03-17,0,both,116 117 118 123 124 125 126 130 132 133 134 135 138 139 140 141 142 147 148 149 153 154 155 157,-4.51,-8.94
3,2022-04-28,2022-07-25,88,both,134 135 140 141 142 146 147 148 149 153 154 155 157 158,-2.87,-8.18
3,2023-11-09,2025-03-16,493,both,111 113 114 117 118 121 123 124 125 126 127 128 129 132 133 134 135 136 137 138 139 141 142 144 146 147 148 149 150 152 153 154 155 156 157 158,-3.42,-16.52
3,2025-12-06,2025-12-10,4,cells,118 135,0.09,-4.08
3,2026-02-14,2026-02-16,2,cells,124,-0.13,-4.56
3,2026-03-28,2026-04-07,10,cells,116 117 118 124 132 134 135 146,-0.17,-10.83
4,2022-05-18,2022-05-28,10,stand,,-1.52,-1.71
4,2022-11-09,2023-06-22,225,cells,179 186 194 197 203 204 205,-1.33,-11.13
4,2024-03-11,2024-03-16,5,stand,,-2.2,-2.85
4,2024-12-16,2025-02-04,50,cells,167 168 169 171 173 174 175 176 179 180 181 182 185 189,-1.49,-6.32
4,2025-05-25,2025-05-30,5,cells,171,-1.27,-3.57
4,2025-07-21,2025-08-23,33,stand,,-2.5,-3.32
4,2025-11-08,2025-12-01,23,stand,,-1.77,-2.92
4,2026-03-16,2026-04-02,17,cells,169 175,0.63,-4.43
5,2022-05-13,2022-05-31,18,stand,,-2.4,-2.32
5,2022-10-25,2024-02-10,473,both,207 208 209 210 211 212 213 215 216 217 218 219 221 222 223 226 227 231 232 233 239 240 241,-3.83,-14.17
5,2024-10-14,2026-09-12,698,both,213 214 217 219 220 223 224 225 227 228 229 230 234 235 236 237 238 242 243 244 245 246 247 248 249 250,-4.52,-26.67
6,2022-02-02,2022-03-17,43,both,252 253 261 267,-1.58,-6.06
6,2023-02-17,2023-11-14,270,cells,284 287 288 291 292 293 294 295 296 297 298,-1.09,-10.41
6,2024-04-27,2024-06-26,60,cells,284 288,-0.39,-6.18
6,2024-09-04,2026-04-17,590,both,254 258 260 261 263 265 266 267 268 269 271 272 273 274 283 287 288 289 290 291 292 293 294 295 296 297 298,-3.99,-10.29
7,2022-01-31,2022-01-31,0,cells,299,0.07,-3.51
7,2022-03-17,2022-03-17,0,both,308 312 314 317 322 325 326 327 329 330,-2.07,-11.69
7,2022-10-05,2022-10-10,5,cells,326,0.32,-3.62
7,2024-12-03,2025-03-08,95,both,307 308 310 312 314 315 317 319 320 325 326 327 329 330 331,-3.39,-7.14
7,2026-03-28,2026-04-07,10,cells,307 308,-1.01,-3.86
8,2022-05-18,2022-08-01,75,both,341 342,-1.98,-4.32
8,2024-03-08,2024-03-08,0,cells,342,0.07,-3.78
8,2024-11-26,2025-09-04,282,both,338 339 342 344 345 348 349 352 353 354 355 360 361 362,-3.75,-5.31
8,2025-12-01,2025-12-31,30,stand,,-1.84,-2.67
9,2022-12-07,2024-02-22,442,both,384 385 386 387 388 389 390 391 392,-4.4,-18.08
9,2024-04-27,2024-04-27,0,cells,389,-0.34,-3.97
9,2024-10-12,2025-05-07,207,cells,374 376 378 381 385 393,-1.38,-14.44
9,2025-07-16,2025-07-24,8,cells,377,0.05,-3.75
10,2022-02-15,2022-03-17,30,both,394 397,-2.01,-5.8
10,2022-05-28,2022-07-12,45,both,405,-1.53,-4.39
10,2024-02-15,2024-02-17,2,stand,,-1.57,-2.17
10,2024-10-29,2025-07-26,270,both,394 396 400 401 404 405 406 408 410 411 412 413 414 415,-3.84,-17.95
10,2025-12-06,2025-12-10,4,both,411,-2.22,-4.22
11,2022-02-02,2022-02-02,0,stand,,-1.97,-2.93
11,2022-03-17,2022-03-17,0,cells,425 426,-0.24,-6.65
11,2023-12-12,2024-03-01,80,both,424,-2.04,-5.6
11,2024-10-22,2025-02-04,105,both,416 417 418 419 420 421 422 423 426 427 428 429 430 431 433 434,-6.49,-18.07
11,2026-02-14,2026-02-16,2,cells,425,-0.41,-4.4
11,2026-03-28,2026-04-07,10,both,419 420 422 425 426 427,-3.55,-10.51
12,2022-12-17,2024-01-13,392,both,440 444 448 450 451 454 455 456,-3.06,-14.7
12,2024-03-08,2024-03-11,3,cells,450,0.71,-4.82
12,2024-11-16,2025-04-25,160,both,446 448 449 450 451 452,-2.16,-11.78
12,2025-09-04,2026-01-30,148,both,450 451,-2.45,-5.76
12,2026-03-28,2026-04-07,10,cells,448,-0.91,-3.64
13,2024-11-28,2025-02-04,68,both,457 458 459 462 467 473,-3.11,-6.53
13,2025-03-26,2025-04-02,7,stand,,-1.56,-2.02
13,2025-05-17,2025-05-30,13,stand,,-2.27,-2.92
13,2025-07-09,2025-08-23,45,stand,,-2.6,-3.14
13,2025-12-01,2025-12-01,0,stand,,-1.56,-2.18
14,2022-02-02,2022-08-01,180,both,475 476 477 478 482 483 484 485 489,-4.42,-8.11
14,2024-10-14,2025-03-16,153,both,475 476 478 479 482 483 484 485 486 489 490,-4.34,-15.29
14,2025-11-08,2025-12-10,32,both,476,-2.58,-4.22
14,2026-03-28,2026-04-07,10,cells,475 476 482 483,0.48,-9.54
15,2022-01-31,2022-02-12,12,both,506 507,-1.65,-4.79
15,2024-11-16,2025-07-26,252,both,502 503 504 507,-2.67,-4.99
15,2025-11-16,2025-12-30,44,both,504,-1.78,-4.2
15,2026-02-14,2026-02-14,0,cells,504,0.27,-4.11
15,2026-03-28,2026-04-07,10,cells,504 507,0.31,-5.2
16,2022-01-31,2022-02-02,2,both,513,-2.43,-3.5
16,2022-03-17,2022-03-17,0,cells,513 514 517 518 521,-0.02,-9.53
16,2022-12-14,2023-04-28,135,both,513 514 517 518,-2.42,-6.04
16,2024-09-29,2025-01-27,120,both,514 515 517 518 520 521 524,-4.8,-6.93
16,2025-08-08,2025-08-23,15,stand,,-1.53,-1.81
16,2025-12-03,2025-12-03,0,stand,,-1.72,-1.72
16,2026-03-28,2026-04-07,10,both,513 514 515 517 518 521,-1.58,-5.29
17,2022-06-20,2022-09-28,100,stand,,-2.8,-2.47
17,2024-10-29,2024-11-03,5,stand,,-1.52,-1.67
17,2024-12-16,2025-02-04,50,both,525 526 528 529 530 531 532 533 534 536 537,-4.96,-12.18
17,2025-05-17,2025-08-23,98,stand,,-2.42,-2.97
18,2022-03-17,2022-03-17,0,cells,543 551,0.69,-6.4
18,2022-06-02,2022-07-22,50,stand,,-1.87,-3.47
18,2022-12-07,2023-08-11,247,cells,554,0.14,-12.03
18,2024-10-29,2025-02-04,98,both,539 540 542 543 544 546 547 548 549 550 551 552 553,-5.06,-10.74
18,2025-04-17,2026-02-14,303,both,550 551 552 553 554,-3.52,-10.36
18,2026-03-28,2026-04-07,10,cells,551,-0.71,-5.01
19,2022-02-15,2022-02-15,0,stand,,-1.54,-1.03
19,2024-10-02,2025-04-05,185,both,555 557 558 560 561 562 563 564 565,-4.44,-5.33
19,2025-07-09,2025-07-21,12,stand,,-1.55,-2.46
19,2025-11-06,2025-11-23,17,stand,,-1.85,-2.61
20,2022-01-31,2022-03-17,45,both,577,-1.89,-5.73
20,2023-01-08,2023-06-17,160,both,570 571 572 573 576 577 579,-4.9,-5.84
20,2023-07-30,2023-10-15,77,stand,,-2.35,-2.71
20,2025-01-12,2025-01-15,3,cells,573 577,-0.77,-7.38
21,2024-09-29,2025-07-26,300,both,581 582 587,-2.95,-8.21
22,2022-03-22,2022-03-22,0,stand,,-1.66,-1.32
22,2022-06-02,2022-07-12,40,stand,,-2.42,-2.64
22,2024-12-11,2025-09-04,267,both,588 590 591 592 593 594 595,-3.84,-5.19
22,2025-11-23,2025-12-30,37,stand,,-1.71,-2.03
23,2022-03-17,2022-03-17,0,both,598,-1.83,-7.46
23,2022-07-25,2022-07-25,0,cells,602,-0.13,-3.58
23,2024-11-13,2025-07-29,258,both,597 598 602 603 604,-3.8,-5.66
23,2025-10-29,2025-12-13,45,both,598,-2.37,-3.69
24,2022-09-08,2022-10-13,35,cells,609 610,-0.46,-4.57
24,2023-12-02,2023-12-07,5,stand,,-2.03,-2.17
24,2026-03-28,2026-04-07,10,stand,,-2.53,-2.7
25,2022-03-19,2022-04-03,15,both,617,-3.72,-4.1
25,2022-05-06,2022-08-06,92,stand,,-2.62,-3.27
25,2023-09-28,2023-10-03,5,stand,,-1.7,-1.81
25,2024-11-08,2025-09-04,300,both,614 615 616 617 618 619 620,-6.22,-8.88
25,2025-11-06,2026-01-05,60,both,614,-2.7,-4.07
