cell,stand,n_px,row,col,lon,lat
1,1,122,635.139344262295,448.12295081967216,54.493570206122314,24.503371150704222
2,1,252,649.702380952381,449.6825396825397,54.49375006744299,24.50205968083679
3,1,226,649.358407079646,466.2433628318584,54.49538250885191,24.502117834346613
4,1,62,669.8548387096774,357.6774193548387,54.4847137219407,24.500090364145322
5,1,250,672.788,367.948,54.48573174382657,24.499842584628283
6,1,218,670.894495412844,433.7155963302752,54.492213531806314,24.500121354638253
7,1,264,670.6628787878788,447.4015151515151,54.49356265822118,24.50016467607991
8,1,259,670.5714285714286,469.14285714285717,54.495706368521795,24.500208523360925
9,1,66,695.439393939394,335.75757575757575,54.482598261290235,24.497745839930456
10,1,317,691.2870662460568,350.49526813880124,54.48404401742098,24.498144738103402
11,1,302,688.0529801324503,370.1423841059603,54.485975532101016,24.498468836450513
12,1,333,690.7987987987988,388.33633633633633,54.48777449556148,24.498250959966928
13,1,132,693.0909090909091,410.81060606060606,54.48999470713771,24.49808102045286
14,1,384,689.8307291666666,429.8411458333333,54.4918653982593,24.498406387642177
15,1,392,689.6122448979592,449.3188775510204,54.493785641229685,24.498458012020663
16,1,342,688.9912280701755,469.8333333333333,54.49580739646652,24.498547629199763
17,1,70,690.0,482.35714285714283,54.49704413525768,24.49847709581768
18,1,80,704.6,335.9625,54.482634934912426,24.496919620876856
19,1,381,709.1102362204724,349.9002624671916,54.48401736766876,24.496535583956263
20,1,188,711.7021276595744,367.97340425531917,54.48580411560377,24.496331419179658
21,1,203,704.9901477832512,391.128078817734,54.488075234024876,24.496975060174133
22,1,308,707.6331168831168,409.54545454545456,54.489896021094616,24.496766803143448
23,1,305,708.4229508196721,429.12459016393444,54.49182804081557,24.49672763612064
24,1,304,707.3552631578947,450.4342105263158,54.49392737283066,24.496858882527924
25,1,214,711.9626168224299,469.06542056074767,54.495772753171735,24.496473656717615
26,1,318,709.7012578616352,489.4496855345912,54.49777871235913,24.49671104083024
27,1,187,713.8021390374331,509.524064171123,54.499765483484886,24.496373823772362
28,1,132,725.5151515151515,354.5833333333333,54.48450860504054,24.49506307357584
29,1,397,729.4307304785895,369.5692695214106,54.48599329878654,24.4947343947233
30,1,261,731.5632183908046,386.90421455938696,54.48770640737134,24.494570444402953
31,1,275,729.1127272727273,432.4109090909091,54.49218913734591,24.494866181018217
32,1,175,731.9771428571429,446.5885714285714,54.4935922361192,24.49463094784673
33,1,383,729.3916449086162,469.91383812010446,54.49588757479397,24.494902417532806
34,1,315,729.0222222222222,488.37142857142857,54.49770691114584,24.494965938009074
35,1,247,726.0121457489879,508.42914979757086,54.49967931736674,24.49527031860247
36,1,161,746.72049689441,372.45962732919253,54.486309327322985,24.49317909133526
37,1,187,751.663101604278,391.19786096256684,54.48816582101694,24.492763882113092
38,1,313,751.1373801916933,408.1980830670926,54.48984113419687,24.49283920594267
39,1,163,749.2085889570552,434.34355828220856,54.49241568233362,24.493056095227924
40,1,248,749.2782258064516,445.71370967741933,54.49353693218757,24.49306843475163
41,1,363,749.1294765840221,470.2396694214876,54.49595499069771,24.493121998572047
42,1,374,749.8877005347593,489.0614973262032,54.49781223091271,24.4930843634841
43,1,306,750.5196078431372,509.23202614379085,54.49980223267608,24.49306030611251
44,1,134,748.1940298507462,528.4402985074627,54.50169207961417,24.493301508100608
45,1,150,749.56,547.6666666666666,54.503590299765854,24.493209624717412
46,1,187,770.3475935828877,393.16042780748666,54.48839283581675,24.49108120307163
47,1,306,770.9901960784314,409.3888888888889,54.489994124328206,24.49104983930036
48,1,335,770.5164179104478,429.9492537313433,54.49202054416102,24.491126287506866
49,1,197,768.756345177665,447.25380710659897,54.49372364105438,24.49131344107597
50,1,283,770.3321554770318,470.40989399293284,54.4960096777302,24.49120915073492
51,1,231,768.2727272727273,490.75324675324674,54.498011881635875,24.491428237979772
52,1,277,767.6462093862816,509.7617328519856,54.49988503205011,24.491515826567145
53,1,223,765.9596412556053,528.1748878923767,54.50169759583345,24.49169806966005
54,1,70,783.0428571428571,395.0857142857143,54.48860542984166,24.489938869329006
55,1,190,784.2789473684211,409.7263157894737,54.49005120468484,24.48985134836398
56,1,129,783.3798449612403,427.49612403100775,54.49180169517022,24.489961599418343
57,2,179,733.1117318435754,1111.2793296089385,54.55913713371835,24.495602844799336
58,2,99,735.2626262626262,1124.7373737373737,54.56046797092354,24.4954302168157
59,2,120,752.1083333333333,1055.7,54.553689682714655,24.493799960455018
60,2,226,751.9646017699115,1067.8185840707965,54.55488441695362,24.493832294129845
61,2,148,753.8918918918919,1090.1824324324325,54.557093028612975,24.493694096110694
62,2,224,748.1071428571429,1110.78125,54.55911415266705,24.494248944266083
63,2,293,749.9317406143344,1130.4436860068258,54.56105621204793,24.494115646507495
64,2,146,768.417808219178,1055.664383561644,54.55371465552587,24.49232822880405
65,2,341,769.1906158357772,1068.5923753665688,54.554990788682076,24.49227915072036
66,2,344,770.3866279069767,1089.0581395348838,54.55701093407889,24.492203906306187
67,2,322,771.223602484472,1110.3819875776398,54.559115066757506,24.492162400639707
68,2,400,769.5,1129.5,54.56099723171489,24.492348404152793
69,2,280,771.2642857142857,1148.8285714285714,54.56290623561702,24.492219990364653
70,2,308,771.7824675324675,1169.2564935064936,54.564921475373545,24.492205743354226
71,2,174,774.316091954023,1187.0459770114942,54.566680049039945,24.492005411352416
72,2,276,788.427536231884,1072.0072463768115,54.555361089848184,24.490548771681006
73,2,276,786.9202898550725,1089.25,54.557058687610684,24.490712304367392
74,2,374,788.9491978609626,1109.8877005347595,54.55909721438913,24.490562148197743
75,2,384,789.4791666666666,1129.2083333333333,54.561003258940225,24.490545122246207
76,2,248,791.3951612903226,1147.2298387096773,54.5627836152756,24.490400935803034
77,2,150,783.96,1171.0333333333333,54.56511785241104,24.491109728738643
78,2,343,788.3265306122449,1190.4169096209912,54.56703678163333,24.49074653414208
79,2,251,791.2828685258964,1206.4501992031871,54.56862289583776,24.49050524256416
80,2,124,807.4032258064516,1070.1451612903227,54.555210594684134,24.488833536309926
81,2,133,805.3984962406015,1114.0375939849623,54.559535073155786,24.48908446614944
82,2,385,809.2051948051948,1129.8233766233766,54.561098248315155,24.48876612639788
83,2,400,809.5,1149.5,54.5630389609789,24.48877085969976
84,2,177,813.1920903954802,1165.9661016949153,54.56466900985718,24.488463906564565
85,2,374,809.7673796791444,1209.0775401069518,54.56891404594208,24.48884145805103
86,2,227,832.8502202643172,1070.2422907488988,54.55526457672987,24.48653749435172
87,2,241,833.3775933609959,1089.7883817427387,54.55719278262846,24.486521106070505
88,2,290,831.0931034482759,1109.5689655172414,54.55913921325436,24.48675879480166
89,2,174,828.1954022988506,1129.844827586207,54.56113342192347,24.48705258103099
90,2,143,824.6433566433567,1151.8041958041958,54.56329250343656,24.48740806600451
91,2,389,829.241645244216,1169.688946015424,54.56506399227306,24.487021594047118
92,2,393,829.6692111959287,1189.5114503816794,54.56701929793361,24.48701452635946
93,2,315,828.4539682539682,1207.6571428571428,54.56880641563287,24.487153010198465
94,2,74,851.027027027027,1035.472972972973,54.55186801490709,24.484841764111163
95,2,341,850.1378299120234,1050.16715542522,54.55331531668681,24.484945488176905
96,2,400,849.5,1069.5,54.5552204368886,24.48503392398934
97,2,307,849.413680781759,1090.1205211726385,54.55725348980318,24.48507462499908
98,2,400,849.5,1109.5,54.55916447900679,24.48509774232342
99,2,377,849.973474801061,1129.0371352785146,54.56109169020141,24.485086151665957
100,2,127,854.2440944881889,1144.8976377952756,54.56266298696445,24.484726048454537
101,2,90,842.8333333333334,1173.3333333333333,54.56544695754855,24.485800940938713
102,2,142,843.1760563380282,1188.5915492957747,54.56695204784587,24.48579427005493
103,2,60,862.15,1054.4,54.55375364885428,24.483868340077
104,2,164,863.640243902439,1069.969512195122,54.55529140164544,24.483758735105315
105,2,153,864.6666666666666,1092.1437908496732,54.55747957439753,24.48370150423535
106,2,249,866.843373493976,1111.293172690763,54.559371496424724,24.483535624528844
107,2,388,869.3530927835052,1129.7551546391753,54.56119621760345,24.48333857649744
108,2,350,869.9257142857143,1148.3057142857142,54.56302630012049,24.483316441106247
109,2,89,882.7078651685393,1132.5505617977528,54.5614950839404,24.482137960851542
110,2,224,885.2321428571429,1150.1919642857142,54.56323890076038,24.48193826579789
111,3,269,12.691449814126393,209.53903345724908,54.46891706112394,24.559140778088185
112,3,265,12.660377358490566,230.29811320754717,54.470964937092866,24.559177981205973
113,3,124,11.28225806451613,243.82258064516128,54.47229666525295,24.55932472231549
114,3,119,34.96638655462185,189.58823529411765,54.46698927460353,24.55709787773761
115,3,320,29.096875,211.0,54.469090921346115,24.557662975467196
116,3,394,29.365482233502537,229.36548223350255,54.47090318480134,24.557669170348735
117,3,139,31.92086330935252,248.431654676259,54.472788712850104,24.557470172111575
118,3,72,36.638888888888886,265.1388888888889,54.47444543597381,24.5570721168433
119,3,117,53.324786324786324,154.15384615384616,54.4635270008924,24.555382625409806
120,3,251,52.756972111553786,169.3585657370518,54.46502590044809,24.55545910609716
121,3,252,50.28968253968254,189.83333333333334,54.46704124489908,24.55571569975753
122,3,400,49.5,209.5,54.46897992132343,24.555819560934754
123,3,314,49.99363057324841,227.5031847133758,54.47075682503522,24.55580485154698
124,3,76,45.10526315789474,250.6315789473684,54.4730295941903,24.55628421057755
125,3,353,49.82152974504249,269.92917847025495,54.47494183765143,24.55589059364682
126,3,145,55.55172413793103,288.22758620689655,54.47675733286679,24.555403815415318
127,3,238,69.11764705882354,153.43697478991598,54.46348496308098,24.553956485966715
128,3,371,68.84366576819407,169.73854447439354,54.4650925809808,24.554008274631578
129,3,379,69.10554089709763,189.0527704485488,54.466998366563644,24.554016694515187
130,3,396,69.41919191919192,209.59595959595958,54.46902548364613,24.554022455542935
131,3,393,69.6615776081425,229.35368956743002,54.47097499020017,24.554033318639686
132,3,237,72.0632911392405,246.70886075949366,54.47269139761252,24.553845348615027
133,3,258,69.17054263565892,272.5968992248062,54.4752399856605,24.554149177937987
134,3,400,69.5,289.5,54.47690805346353,24.55414738822394
135,3,363,70.17355371900827,308.73002754820936,54.47880629336037,24.55411837458081
136,3,214,87.94859813084112,192.8785046728972,54.4674099329644,24.55232287426129
137,3,355,88.87887323943661,210.12394366197182,54.46911282750562,24.552267526236186
138,3,400,89.5,229.5,54.4710253417283,24.55224358095538
139,3,400,89.5,249.5,54.472998284198326,24.55227668681159
140,3,396,89.5959595959596,269.5808080808081,54.474979375163535,24.552301242229195
141,3,400,89.5,289.5,54.4769441797251,24.552342821186965
142,3,394,89.36294416243655,309.43654822335026,54.478910626040665,24.552388111303316
143,3,106,108.16981132075472,195.9433962264151,54.467748930597516,24.550503442298567
144,3,325,110.96307692307693,209.12923076923076,54.46905471418507,24.550273268122105
145,3,400,109.5,229.5,54.471061548985915,24.550439021674695
146,3,400,109.5,249.5,54.47303446328271,24.550472124782733
147,3,400,109.5,269.5,54.475007381109094,24.550505202113953
148,3,400,109.5,289.5,54.47698030246234,24.550538253668172
149,3,276,109.76449275362319,307.3188405797101,54.47873854133904,24.550543814186167
150,3,164,124.0609756097561,207.90243902439025,54.46895742668719,24.54908944008311
151,3,276,127.56884057971014,231.6340579710145,54.47130476989712,24.54881223972333
152,3,400,129.5,249.5,54.473070638837484,24.548667562271934
153,3,400,129.5,269.5,54.47504352849316,24.548700636857205
154,3,392,129.5204081632653,289.3673469387755,54.47700337300258,24.548731625155078
155,3,137,126.47445255474453,305.75912408759126,54.47861483969655,24.549033524582075
156,3,67,141.4179104477612,251.62686567164178,54.473301995621846,24.547595749633416
157,3,165,143.76969696969698,270.55757575757576,54.475173639997315,24.547414854716795
158,3,120,143.95833333333334,285.8333333333333,54.476680837048086,24.547423076428334
159,4,87,534.471264367816,692.3793103448276,54.517478185427855,24.512852807965608
160,4,229,549.3144104803494,690.764192139738,54.517345235149705,24.51151086501307
161,4,256,570.19140625,672.84765625,54.51561539042927,24.509598010844858
162,4,367,570.2506811989101,689.5613079019074,54.51726374851751,24.509619798305522
163,4,97,574.0927835051547,710.9175257731958,54.51937665119393,24.50930776581717
164,4,323,589.7647058823529,671.405572755418,54.51550792030224,24.507829539466638
165,4,343,589.7813411078718,688.5655976676385,54.51720019902977,24.50785589818148
166,4,111,592.6576576576576,707.3963963963964,54.51906231392701,24.507626913422563
167,4,145,591.0758620689655,730.1103448275862,54.52129946953846,24.507806461533423
168,4,266,608.2255639097745,672.4887218045113,54.51564750065166,24.506165546123928
169,4,400,609.5,689.5,54.51732731945009,24.506078166600293
170,4,386,609.740932642487,709.1735751295337,54.51926784736509,24.506088340249892
171,4,195,608.9846153846154,732.9589743589744,54.521612099049925,24.506195134420764
172,4,177,612.1073446327683,744.8474576271186,54.522790007204065,24.50593261871764
173,4,98,629.4387755102041,676.8775510204082,54.516117942169615,24.50425856967774
174,4,400,629.5,689.5,54.51736278853923,24.504273532175006
175,4,400,629.5,709.5,54.51933505164973,24.504305972223136
176,4,300,631.2966666666666,728.0,54.521162579384864,24.504173839548468
177,4,196,626.6836734693877,751.280612244898,54.52345019863452,24.50462778066425
178,4,94,635.2340425531914,764.4468085106383,54.524763685858304,24.503877568141753
179,4,276,648.2101449275362,692.0760869565217,54.517649999476404,24.502589462696474
180,4,393,649.3638676844784,709.3358778625955,54.51935406358634,24.502513352017907
181,4,285,646.8105263157895,730.2070175438596,54.52140768676119,24.50277756822808
182,4,351,650.3760683760684,748.965811965812,54.52326384189223,24.50248621793955
183,4,386,649.6943005181347,769.6269430051814,54.52530007652989,24.502581165465404
184,4,209,651.4688995215311,785.8038277511962,54.526898452848194,24.5024471945009
185,4,67,666.3432835820895,697.0597014925373,54.5181735854014,24.500961361024867
186,4,364,669.3763736263736,709.9175824175824,54.51944688220024,24.500708528518018
187,4,183,673.5846994535519,726.9672131147541,54.52113560541514,24.50035643190087
188,4,213,670.4741784037559,753.8262910798122,54.52377868926082,24.500680587986256
189,4,326,668.0030674846626,768.4294478527607,54.525214350735034,24.500927186489687
190,4,163,669.2638036809816,789.7484662576687,54.527318869846226,24.500847892024282
191,4,349,670.6819484240688,810.0573065902579,54.52932405193611,24.500752733570447
192,4,282,671.7234042553191,827.9255319148937,54.53108789713517,24.500687600232585
193,4,132,685.3863636363636,708.3560606060606,54.519321263609484,24.499261385011092
194,4,221,685.8778280542987,730.5837104072398,54.521513988754485,24.49925305554074
195,4,285,687.698245614035,749.7614035087719,54.52340831203397,24.49911984406645
196,4,310,689.6548387096774,769.6516129032258,54.52537313511372,24.498975473249626
197,4,320,690.91875,790.796875,54.527460493240426,24.498895606726684
198,4,375,689.6746666666667,809.68,54.52932035767322,24.499038361962374
199,4,400,689.5,829.5,54.53127449923578,24.499086109619768
200,4,209,689.622009569378,844.7464114832536,54.53277816479784,24.499099688981676
201,4,169,705.2485207100592,768.5384615384615,54.52529092536772,24.497566618623583
202,4,187,705.8823529411765,792.2727272727273,54.52763244552077,24.49754778780203
203,4,377,709.1697612732096,809.5729442970822,54.52934419667243,24.497279095558774
204,4,398,709.4723618090452,829.5,54.531309709073845,24.497283948314838
205,4,147,707.6394557823129,843.7891156462586,54.53271551119269,24.49747237995907
206,4,66,722.0,811.1515151515151,54.529522490747084,24.496123937401403
207,5,93,195.04301075268816,874.5483870967741,54.5348455112407,24.54377493339069
208,5,127,195.48031496062993,887.2598425196851,54.536100207392096,24.543755981005955
209,5,151,209.79470198675497,875.5496688741722,54.534970304425656,24.542445467514696
210,5,196,209.94387755102042,888.3979591836735,54.53623797740447,24.54245273229924
211,5,209,230.51196172248802,889.5741626794259,54.53639026115875,24.540598717623407
212,5,308,230.33766233766235,909.7272727272727,54.538377916287224,24.54064692790006
213,5,309,231.18446601941747,931.0161812297735,54.5404794111908,24.540604803418454
214,5,266,231.92857142857142,947.3872180451128,54.542095611890026,24.540564005600366
215,5,343,249.71720116618076,910.603498542274,54.538498480661616,24.53889967049188
216,5,377,249.75596816976127,929.6896551724138,54.54038124113535,24.53892690783172
217,5,400,249.5,949.5,54.54233492176484,24.538981881384284
218,5,367,269.3705722070845,910.2942779291553,54.538502588807276,24.537125794176543
219,5,400,269.5,929.5,54.54039727633478,24.537145041255158
220,5,392,269.3469387755102,949.5816326530612,54.54237787037243,24.537191163155732
221,5,60,297.31666666666666,873.2333333333333,54.534896173101515,24.534544402723895
222,5,312,290.8621794871795,890.9583333333334,54.536633159852464,24.535155389689468
223,5,400,289.5,909.5,54.53845968721963,24.53530818022856
224,5,400,289.5,929.5,54.54043246647978,24.53534038274763
225,5,357,288.76190476190476,948.5994397759104,54.542315120988526,24.535437711796888
226,5,209,312.99043062200957,851.8612440191388,54.53281573489347,24.533095631781503
227,5,335,309.1820895522388,868.1253731343284,54.534413260290926,24.533465515188546
228,5,76,309.9736842105263,885.3552631578947,54.536114163645735,24.53342187496632
229,5,309,307.9255663430421,931.0776699029126,54.540620501181294,24.5336803285274
230,5,313,310.741214057508,947.702875399361,54.542265325313984,24.533453009283534
231,5,215,332.7627906976744,792.2511627906977,54.526970980060334,24.53121518659016
232,5,328,331.0670731707317,810.405487804878,54.528758633034485,24.531397558545535
233,5,395,329.61772151898737,829.4506329113924,54.530634594647374,24.531559118810623
234,5,350,330.4714285714286,850.0714285714286,54.53267004268686,24.531515389162188
235,5,311,329.2250803858521,867.3311897106109,54.53437027096242,24.531655703599192
236,5,90,327.4,936.7888888888889,54.54121809223742,24.531932281338996
237,5,397,329.4307304785894,949.4307304785895,54.542468608607486,24.531769374730047
238,5,172,326.65697674418607,967.3023255813954,54.54422652804694,24.532048385520856
239,5,245,352.43673469387755,771.7142857142857,54.524980154878854,24.52940672551314
240,5,332,348.4186746987952,788.2861445783133,54.52660758526046,24.529796108021603
241,5,196,344.4948979591837,809.2602040816327,54.5286694011178,24.530184084692415
242,5,330,347.96363636363634,829.5454545454545,54.53067634688438,24.529903877422434
243,5,178,344.69101123595505,847.2640449438202,54.53241822973776,24.53022778918237
244,5,144,343.93055555555554,948.2777777777778,54.54238037176741,24.530459156372018
245,5,258,372.0581395348837,751.5930232558139,54.52303028657243,24.52760365641589
246,5,400,369.5,769.5,54.52479195577606,24.52786348823236
247,5,390,369.6384615384615,789.2846153846153,54.526743599350596,24.527883018174062
248,5,65,384.2,735.723076923077,54.52148652671161,24.526482351653264
249,5,127,383.748031496063,748.992125984252,54.52279446269494,24.526544641371082
250,5,200,384.785,770.47,54.524914681132145,24.526485863119127
251,5,152,385.07894736842104,785.6513157894736,54.526412550006384,24.526483912035985
252,6,219,450.3333333333333,228.03196347031962,54.47153325799299,24.519683822451146
253,6,250,450.716,249.296,54.473631044952626,24.519684441651076
254,6,181,454.95580110497235,269.6077348066298,54.475641876803664,24.51933543545193
255,6,153,453.8169934640523,289.44444444444446,54.47759615468589,24.519470923377035
256,6,182,454.36813186813185,308.7857142857143,54.47950462255896,24.519453087612714
257,6,122,464.59016393442624,231.0983606557377,54.471861434510814,24.518402521494803
258,6,169,468.5621301775148,250.25443786982248,54.47375779301801,24.51807579485855
259,6,392,469.34438775510205,269.65561224489795,54.47567256044166,24.51803725136061
260,6,400,469.5,289.5,54.477629909324854,24.51805595597299
261,6,281,469.69039145907476,309.4519572953737,54.47959793250727,24.51807167440541
262,6,362,469.9640883977901,329.1243093922652,54.48153853362799,24.518079390109566
263,6,92,474.19565217391306,343.5217391304348,54.48296603828164,24.517721284157236
264,6,163,490.06134969325154,252.95092024539878,54.47406253548142,24.51614040510414
265,6,204,489.69607843137254,272.3970588235294,54.47597963805228,24.516205469622236
266,6,400,489.5,289.5,54.47766596514192,24.51625137930526
267,6,396,489.5959595959596,309.4191919191919,54.47963055882881,24.51627556149145
268,6,374,489.94919786096256,329.70588235294116,54.481631861418265,24.516277109272966
269,6,288,490.37152777777777,347.31597222222223,54.483369324858046,24.51626799199785
270,6,294,508.27891156462584,271.2925170068027,54.47590423052915,24.5145269411462
271,6,226,510.0929203539823,286.39823008849555,54.47739719598533,24.514388187914157
272,6,112,502.42857142857144,310.4732142857143,54.479757619812595,24.515119424839455
273,6,257,507.39299610894943,331.61867704280155,54.48185189367524,24.514706320028477
274,6,315,510.32380952380953,350.41269841269843,54.483710604309316,24.514472807744315
275,6,98,514.6326530612245,364.48979591836735,54.48510661123389,24.514107177641645
276,6,65,517.0769230769231,425.84615384615387,54.49116187029299,24.513987400720097
277,6,69,525.3478260869565,276.40579710144925,54.47643927356424,24.5129952716358
278,6,80,523.5125,283.9875,54.4771836482616,24.513173378389734
279,6,175,525.3828571428571,352.7942857142857,54.48397254910574,24.513117958390744
280,6,237,528.0759493670886,367.1898734177215,54.48539704543092,24.51289863646381
281,6,127,532.2834645669292,391.1417322834646,54.48776667103081,24.512558354077814
282,6,239,531.2803347280335,411.5732217573222,54.48977977186044,24.512682411433314
283,6,314,529.843949044586,429.20382165605093,54.49151588505975,24.512840941442445
284,6,312,530.9519230769231,449.55128205128204,54.4935244932713,24.512774326786115
285,6,222,550.5990990990991,392.4009009009009,54.487923723660685,24.510907809615706
286,6,284,549.6549295774648,406.9612676056338,54.48935791632615,24.511016907299908
287,6,293,548.3037542662116,427.9863481228669,54.49142891030765,24.511173319175484
288,6,176,545.3636363636364,451.9431818181818,54.49378618676485,24.511477877236228
289,6,103,569.2815533980582,376.05825242718447,54.486345631477725,24.509195252724073
290,6,310,568.5516129032258,387.8516129032258,54.48750731894141,24.50928048951558
291,6,297,569.0505050505051,408.81481481481484,54.48957549606114,24.509269891695563
292,6,246,568.9552845528456,425.7764227642276,54.4912479934522,24.50930631001781
293,6,202,588.1287128712871,389.91089108910893,54.487745532364535,24.507517436999326
294,6,349,590.3495702005731,410.26361031518627,54.48975656708722,24.50735045930673
295,6,157,588.9872611464968,423.484076433121,54.49105784100257,24.5074950677396
296,6,60,606.0166666666667,396.75,54.48845205505437,24.505914641790294
297,6,184,606.6086956521739,409.8804347826087,54.48974793810401,24.50588277293186
298,6,149,624.8120805369127,407.48322147651004,54.48954418773457,24.5042363515911
299,7,64,113.234375,397.0625,54.48759769660001,24.55037861755138
300,7,342,110.89766081871345,409.6432748538012,54.488834550564704,24.550610147405653
301,7,102,114.46078431372548,424.02941176470586,54.490260103664475,24.55031229597155
302,7,128,131.578125,395.3046875,54.487457284898326,24.548720585334504
303,7,400,129.5,409.5,54.48885385467482,24.548931437247752
304,7,366,130.14207650273224,428.8688524590164,54.49076566550688,24.548905334627577
305,7,83,132.19277108433735,442.5421686746988,54.49211816443231,24.548742758211898
306,7,318,150.92767295597486,389.9937106918239,54.48696818477335,24.546965955492894
307,7,400,149.5,409.5,54.488889801350275,24.547126852347873
308,7,400,149.5,429.5,54.49086269097239,24.547159718000383
309,7,254,150.58661417322836,446.0866141732283,54.49250082168755,24.547088910282664
310,7,325,169.42153846153846,390.09846153846155,54.48701177939145,24.54529744229389
311,7,341,168.7683284457478,408.7741935483871,54.48885283390058,24.54538709207041
312,7,400,169.5,429.5,54.49089860597367,24.54535512989054
313,7,349,170.04297994269342,448.3266475644699,54.492756701828654,24.545337048442548
314,7,290,188.92758620689656,391.62068965517244,54.48719701292544,24.54353993183583
315,7,313,190.30351437699682,409.65814696485626,54.488978727865444,24.543445440497262
316,7,341,188.94134897360703,428.6950146627566,54.490854109225594,24.5435996259654
317,7,271,186.66051660516604,448.8560885608856,54.49283874318023,24.543838524374074
318,7,156,194.27564102564102,468.37179487179486,54.4947774674741,24.543183429619734
319,7,112,205.89285714285714,395.5892857142857,54.48761898136152,24.542015695755307
320,7,398,209.45226130653268,409.54522613065325,54.48900199567462,24.541717476520923
321,7,372,209.43279569892474,429.0698924731183,54.490927878855366,24.541751309694288
322,7,192,212.75520833333334,450.609375,54.49305850265906,24.541486888122105
323,7,225,207.14666666666668,466.37333333333333,54.49460341082052,24.542018803493047
324,7,103,211.4757281553398,486.97087378640776,54.49664292572162,24.541661956513416
325,7,176,225.03977272727272,432.3011363636364,54.491274625172196,24.540348406251134
326,7,183,228.98360655737704,446.4808743169399,54.492680380212136,24.540015831534575
327,7,293,228.8259385665529,471.12286689419795,54.49511076478628,24.540070475895188
328,7,166,227.81927710843374,487.6144578313253,54.496735682763244,24.54018833466428
329,7,238,248.71008403361344,470.109243697479,54.49504641796881,24.538274672090445
330,7,129,247.27906976744185,491.6589147286822,54.49716947276869,24.538439104830093
331,7,103,264.86407766990294,491.05825242718447,54.49714171171608,24.536851426729964
332,7,134,271.589552238806,505.35074626865674,54.49856351607729,24.536267989716688
333,8,184,733.2336956521739,910.6684782608696,54.53935540182075,24.495270605560147
334,8,218,733.197247706422,930.1192660550458,54.54127333667348,24.49530515378895
335,8,265,732.8188679245283,949.9056603773585,54.54322376855637,24.495371070167003
336,8,304,731.8782894736842,969.7861842105264,54.545182501371535,24.4954878417387
337,8,298,731.3120805369127,988.4496644295302,54.54702188502353,24.495568856782818
338,8,235,733.3234042553191,1008.7574468085106,54.54902792645938,24.49541990183673
339,8,240,749.5083333333333,913.3958333333334,54.53965292928874,24.493806474750986
340,8,299,748.1270903010034,929.5083612040133,54.541239306741566,24.493957000757216
341,8,389,749.5784061696658,949.6863753213368,54.54323154366339,24.493858444482328
342,8,293,749.9146757679181,969.6006825938566,54.545195822329404,24.493860053517405
343,8,400,749.5,989.5,54.5471573102412,24.49392937366675
344,8,358,748.7122905027933,1008.6620111731844,54.54904544605474,24.494031148153226
345,8,105,766.9809523809524,936.2857142857143,54.541940687257146,24.492266635761165
346,8,400,769.5,949.5,54.54324810793679,24.49206054753167
347,8,400,769.5,969.5,54.54522021913205,24.492092634453265
348,8,332,769.0361445783133,988.3885542168674,54.547081926447596,24.49216477010793
349,8,139,785.8776978417267,953.2517985611511,54.543646775235636,24.490588748723894
350,8,321,789.7881619937694,969.4922118380063,54.545255004315905,24.490261944195527
351,8,138,793.7898550724638,986.3260869565217,54.54692190411899,24.48992784091559
352,8,238,807.7226890756302,972.4915966386554,54.54558217825634,24.48864845248951
353,8,395,809.4278481012658,989.506329113924,54.547262868257846,24.488521858909998
354,8,145,814.5172413793103,1007.5241379310345,54.54904838357783,24.488091478995
355,8,114,816.5877192982456,1028.842105263158,54.551154016052045,24.487938765608387
356,8,87,836.7471264367816,932.4367816091954,54.54168358830202,24.485965203492054
357,8,230,833.3,951.0478260869565,54.54351260645574,24.486306122027454
358,8,275,830.7781818181818,971.1236363636364,54.54548768547293,24.486565873384098
359,8,296,828.6722972972973,990.3682432432432,54.54738154502534,24.48678673661275
360,8,232,826.8275862068965,1009.0086206896551,54.549216292031645,24.486983042593724
361,8,291,827.3264604810996,1030.5154639175257,54.551337782752164,24.48697243994688
362,8,139,827.2302158273382,1044.2230215827337,54.55268920950165,24.48700304229999
363,8,70,844.1,915.7571428571429,54.5400518761451,24.485274937561357
364,8,116,843.3189655172414,926.3189655172414,54.54109190115095,24.485362378765412
365,8,84,842.047619047619,950.8214285714286,54.54350561995284,24.485516428433527
366,9,137,133.96350364963504,533.5985401459855,54.501103705794826,24.548732224618227
367,9,113,135.28318584070797,545.4955752212389,54.50227966747838,24.548632608894156
368,9,193,147.5336787564767,533.8445595854922,54.50115224592101,24.54750818895062
369,9,384,149.79947916666666,549.1380208333334,54.502664929836925,24.547328756777947
370,9,305,168.45245901639345,551.6098360655737,54.50294209929918,24.54564973505011
371,9,183,169.4153005464481,566.3715846994536,54.50439998229283,24.545586980667544
372,9,74,184.0810810810811,555.527027027027,54.50335643204619,24.5442459627675
373,9,247,189.46153846153845,573.2307692307693,54.50511239403472,24.543789404687253
374,9,125,190.328,582.712,54.50604919794234,24.543726704399976
375,9,242,208.96694214876032,573.3760330578513,54.505161545754945,24.542029660925635
376,9,146,212.32876712328766,586.2191780821918,54.50643441373859,24.541747288750308
377,9,95,225.5157894736842,575.9473684210526,54.50544472512287,24.540540649328445
378,9,395,229.38481012658227,589.6101265822784,54.50679932905528,24.54021384635342
379,9,234,231.5042735042735,606.1111111111111,54.50843077136001,24.54004952291386
380,9,235,247.23829787234044,592.5914893617021,54.507125254848305,24.538607779927553
381,9,400,249.5,609.5,54.50879712759138,24.53843128134934
382,9,287,251.50174216027875,627.595818815331,54.51058564940474,24.53828015462957
383,9,179,265.5586592178771,612.8491620111732,54.509156102270914,24.536987756165683
384,9,400,269.5,629.5,54.51080552725352,24.536659258035186
385,9,176,273.82954545454544,646.4772727272727,54.512487834856906,24.536296244419162
386,9,315,270.7079365079365,671.0730158730158,54.514908355744616,24.536617928745997
387,9,239,287.4225941422594,632.6820083682009,54.51115130334343,24.535047268698705
388,9,390,289.5615384615385,649.276923076923,54.51279197653702,24.534881287322957
389,9,327,289.0061162079511,667.8532110091743,54.51462329293311,24.534961626072732
390,9,318,308.437106918239,651.2672955974842,54.513021878342364,24.53318136368346
391,9,265,309.1094339622642,666.166037735849,54.51449261667077,24.533144935998443
392,9,259,329.64092664092664,668.3629343629343,54.5147458040491,24.53129592707332
393,9,68,344.8235294117647,673.1617647058823,54.51524611207279,24.52993378380524
394,10,293,310.44368600682594,530.5563139931741,54.501119162516055,24.532803410520664
395,10,292,311.45205479452056,547.8356164383562,54.50282529369609,24.53274066763447
396,10,284,328.3978873239437,532.1161971830986,54.501305106707605,24.5311859480042
397,10,400,329.5,549.5,54.5030216906139,24.531114913414125
398,10,199,330.14070351758795,570.5175879396985,54.50509586240086,24.53109142425347
399,10,107,333.31775700934577,583.4485981308411,54.506376954540904,24.530825858872564
400,10,141,347.9929078014184,535.6312056737588,54.50168681291874,24.529423628573962
401,10,400,349.5,549.5,54.503057405226684,24.529310304651634
402,10,241,350.6804979253112,569.2780082987551,54.50501024863847,24.529236083378887
403,10,339,350.35693215339234,588.330383480826,54.506888840128944,24.52929636583152
404,10,118,356.3728813559322,608.3389830508474,54.5088730436436,24.52878616359263
405,10,254,367.40157480314963,551.2283464566929,54.50325983696915,24.52769786033844
406,10,360,368.89444444444445,569.6333333333333,54.50507779110934,24.527593208054835
407,10,395,369.6101265822785,589.6151898734178,54.507049886171394,24.527561231473882
408,10,400,369.5,609.5,54.50901093997758,24.52760358430062
409,10,135,374.1259259259259,625.3037037037037,54.510577905392765,24.527211927309917
410,10,160,383.75625,590.93125,54.5072049051656,24.526286962169028
411,10,287,386.8501742160279,610.2752613240418,54.50911830722441,24.526039325835562
412,10,390,389.7076923076923,629.274358974359,54.51099726468002,24.52581243419822
413,10,76,394.7763157894737,643.1315789473684,54.512373010358225,24.525377641863926
414,10,61,401.8196721311475,633.6065573770492,54.51144609805127,24.52472661005648
415,10,92,402.92391304347825,646.5869565217391,54.51272830098748,24.524648096911154
416,11,82,157.3170731707317,210.3048780487805,54.46925465235403,24.546092793721915
417,11,65,157.6153846153846,227.2923076923077,54.47093086913252,24.546094011584007
418,11,70,172.04285714285714,156.81428571428572,54.4640049670985,24.54467541196633
419,11,330,170.6060606060606,169.70909090909092,54.465274312633795,24.54482645142585
420,11,324,168.49382716049382,189.5493827160494,54.46722754798841,24.5450499405115
421,11,371,169.02964959568735,208.95687331536388,54.469142896728165,24.54503375924452
422,11,385,169.27272727272728,229.34805194805196,54.47115474988861,24.545045595781396
423,11,370,170.2054054054054,249.1135135135135,54.47310613135033,24.54499414906456
424,11,266,172.65413533834587,268.62406015037595,54.47503510788895,24.544805464781685
425,11,272,191.7389705882353,151.30882352941177,54.463497656460426,24.5428891400617
426,11,396,189.41161616161617,169.40656565656565,54.465278582377024,24.543129168424215
427,11,325,189.57538461538462,191.02153846153846,54.467410970663614,24.543150238779894
428,11,390,189.26666666666668,209.52564102564102,54.469235651260455,24.543208757508072
429,11,365,190.013698630137,229.81917808219177,54.47123875597949,24.54317495800984
430,11,323,188.02786377708978,248.19504643962847,54.47304776149033,24.54338454165186
431,11,66,182.27272727272728,264.8484848484849,54.47468006202989,24.54393135467525
432,11,205,205.43414634146342,151.4878048780488,54.4635401674957,24.54165375511126
433,11,236,208.16949152542372,168.89406779661016,54.465262052008825,24.54143583879335
434,11,322,208.6024844720497,189.57142857142858,54.46730241505084,24.541431061284335
435,11,209,206.45933014354068,211.33492822966508,54.46944525107666,24.541660495643804
436,11,141,203.61702127659575,227.19858156028369,54.4710048779392,24.54194321862296
437,12,304,111.15789473684211,729.0427631578947,54.520343295455405,24.551108529422073
438,12,264,127.73863636363636,732.2386363636364,54.52068799512771,24.549617614206372
439,12,379,129.46437994722956,749.1055408970976,54.52235495582991,24.54948926820215
440,12,275,131.6690909090909,768.8472727272728,54.52430636190381,24.549322345497888
441,12,357,130.49579831932772,789.8235294117648,54.526373568436824,24.54946219985939
442,12,258,132.39922480620154,807.7403100775193,54.52814441090653,24.549319456733542
443,12,188,148.35638297872342,753.4255319148937,54.52281461540297,24.547791620195284
444,12,400,149.5,769.5,54.52440234848861,24.547714490496745
445,12,372,149.18548387096774,788.9381720430108,54.52631932087731,24.54777436169459
446,12,302,147.33112582781456,810.115894039735,54.52840517631794,24.54797596648178
447,12,175,149.49142857142857,825.56,54.52993252731022,24.547806020713704
448,12,247,168.2914979757085,751.5951417004048,54.5226693985609,24.545989874555513
449,12,313,167.77316293929712,770.4504792332268,54.52452848633997,24.546067212126733
450,12,400,169.5,789.5,54.52641070872862,24.54594225532581
451,12,344,170.61627906976744,808.5348837209302,54.52829040564967,24.545872342870958
452,12,73,187.13698630136986,748.6986301369863,54.52241708437055,24.54428471846665
453,12,90,183.0888888888889,773.7333333333333,54.52487945745634,24.544690566942776
454,12,104,183.29807692307693,792.6826923076923,54.52674909254676,24.544702382264905
455,12,304,187.76315789473685,811.1315789473684,54.52857688801877,24.544329346916207
456,12,99,189.14141414141415,822.070707070707,54.5296584174916,24.54422267731159
457,13,222,452.2432432432432,571.1576576576576,54.50537679568534,24.52007507787253
458,13,205,453.10243902439026,587.2926829268292,54.50696963680165,24.520023867157835
459,13,199,468.4221105527638,574.2763819095477,54.5057132242302,24.51862033427468
460,13,357,470.1792717086835,588.5770308123249,54.507126734607176,24.5184851039994
461,13,116,475.4655172413793,606.0,54.50885446091104,24.518036514299272
462,13,133,475.8045112781955,651.2857142857143,54.51332129310844,24.518079633503845
463,13,106,472.77358490566036,668.7924528301887,54.51504248754779,24.51838157682986
464,13,249,486.0160642570281,590.6947791164658,54.507363809397454,24.517059588452142
465,13,385,489.1636363636364,609.7896103896104,54.509252590408344,24.516806692097695
466,13,397,489.57178841309826,629.4962216624685,54.51119682828838,24.516801948152445
467,13,397,489.52644836272043,649.4282115869017,54.51316248978532,24.516838464792304
468,13,314,490.40445859872614,668.6687898089172,54.515061605852715,24.51679051718628
469,13,320,508.03125,630.7375,54.51135207869889,24.515138349227595
470,13,389,509.68894601542416,649.7377892030848,54.51322885569594,24.51501967965775
471,13,322,509.0776397515528,667.5993788819876,54.51498930185881,24.51510387160233
472,13,61,524.2950819672132,636.2459016393443,54.511924242051606,24.513679806087495
473,13,239,526.9539748953974,650.1004184100418,54.513295300296484,24.51346242270663
474,13,171,527.0643274853801,664.6140350877193,54.51472682912276,24.513476055943382
475,14,280,12.5,269.5,54.474832016259526,24.559257336772884
476,14,263,12.8212927756654,290.0,54.476854981309714,24.559262238234034
477,14,205,13.521951219512195,309.6390243902439,54.47879369613579,24.559231461249155
478,14,221,12.51131221719457,328.23981900452486,54.48062690024615,24.559353353939077
479,14,238,12.65126050420168,350.2563025210084,54.48279915405641,24.559377040381804
480,14,245,13.36734693877551,369.3469387755102,54.484683803863874,24.55934389136015
481,14,141,13.02836879432624,385.48936170212767,54.48627570343223,24.559401062346126
482,14,213,24.863849765258216,269.96713615023475,54.47490045718199,24.558142542132472
483,14,278,26.586330935251798,290.2661870503597,54.476906111931775,24.558020682335854
484,14,318,27.650943396226417,309.07547169811323,54.47876360914997,24.55795569407759
485,14,106,24.452830188679247,324.35849056603774,54.48026554154864,24.55826948341004
486,14,113,27.300884955752213,355.283185840708,54.483321475455696,24.558063510272287
487,14,400,29.5,369.5,54.48472796184676,24.557888513114182
488,14,291,29.869415807560138,386.86254295532643,54.48644148626592,24.55788377313878
489,14,161,49.72049689440994,355.360248447205,54.483369478779245,24.556040743650996
490,14,324,48.25925925925926,368.4012345679012,54.48465335342586,24.556194076790387
491,14,185,45.66486486486487,387.772972972973,54.48655973054442,24.556460064698967
492,15,147,672.530612244898,272.687074829932,54.47633790418787,24.499709000304723
493,15,251,688.2749003984064,272.8804780876494,54.47638534919867,24.49828872849186
494,15,267,690.6629213483146,289.4269662921348,54.47802122259474,24.49810053647773
495,15,288,690.8298611111111,307.125,54.4797666440019,24.49811462912249
496,15,336,708.375,290.6636904761905,54.4781750655814,24.496504429472033
497,15,400,709.5,309.5,54.480034427800874,24.49643394776491
498,15,127,713.5196850393701,324.26771653543307,54.4814978153024,24.49609556274957
499,15,342,728.4736842105264,310.6374269005848,54.48018072025134,24.49472383893384
500,15,380,729.921052631579,329.0921052631579,54.48200300703352,24.494623615327388
501,15,71,734.7605633802817,342.8732394366197,54.48337056301111,24.494209614415343
502,15,83,744.4096385542168,315.69879518072287,54.480708449369416,24.493294280451277
503,15,274,747.2846715328467,329.3430656934307,54.48205896727483,24.493057318965942
504,15,351,750.3333333333334,348.49002849002846,54.48395236736845,24.49281372454382
505,15,62,765.4032258064516,335.51612903225805,54.48270020301316,24.491432644683556
506,15,227,767.1806167400881,352.0616740088106,54.484334794166564,24.491299471427485
507,15,323,769.7089783281734,367.7647058823529,54.48588765917421,24.491097136595094
508,16,93,235.04301075268816,153.56989247311827,54.463799270325815,24.538985675193896
509,16,110,236.28181818181818,167.22727272727272,54.46514862872704,24.538896563337634
510,16,139,231.59712230215828,195.11510791366908,54.46789089407842,24.539365492741055
511,16,185,230.75675675675674,204.83783783783784,54.46884839089679,24.53945742642862
512,16,134,249.8582089552239,155.94776119402985,54.46406069296764,24.537652881640263
513,16,400,249.5,169.5,54.46539677060876,24.537707687026966
514,16,299,250.24414715719064,189.2541806020067,54.46734657896697,24.537673297946178
515,16,328,250.73170731707316,208.15853658536585,54.46921210128347,24.537660627404126
516,16,114,254.62280701754386,225.08771929824562,54.47088896110859,24.537337569746224
517,16,182,264.7307692307692,171.4010989010989,54.46561190027155,24.536336602163857
518,16,373,268.91689008042897,189.99731903485255,54.46745370865944,24.53598972751865
519,16,400,269.5,209.5,54.46937839442196,24.535969423194235
520,16,221,270.5475113122172,225.63800904977376,54.47097205003582,24.535901624161085
521,16,152,287.9013157894737,195.33552631578948,54.46801462216775,24.534285647623122
522,16,393,289.33078880407123,209.5623409669211,54.46942044062022,24.53418023315053
523,16,315,290.3492063492063,227.61904761904762,54.47120326755642,24.534118231849828
524,16,76,302.0394736842105,226.5921052631579,54.471123122998414,24.533061740999642
525,17,276,571.1630434782609,871.7282608695652,54.53523029947826,24.50983207031052
526,17,350,570.7342857142858,889.3171428571428,54.53696413966402,24.50989908971124
527,17,149,573.8389261744967,905.4630872483222,54.538561896500916,24.509644937943275
528,17,266,588.5526315789474,870.9661654135339,54.535185766411395,24.508261729465023
529,17,173,584.3410404624277,890.693641618497,54.53712383199125,24.508673527460953
530,17,308,589.1168831168832,911.0194805194806,54.539136723635124,24.508275299512995
531,17,157,592.968152866242,924.8662420382166,54.54050902914093,24.507950055540736
532,17,183,605.9562841530054,889.1420765027323,54.5370088547235,24.50672062034493
533,17,370,609.1486486486486,909.454054054054,54.539017564016724,24.50646525139586
534,17,399,609.5238095238095,929.4761904761905,54.54099273569535,24.50646359480416
535,17,116,613.1465517241379,943.5862068965517,54.54239057789761,24.50615937565531
536,17,248,628.4112903225806,911.3104838709677,54.53923449974501,24.50473010761201
537,17,399,629.4761904761905,929.4761904761905,54.541027783872956,24.504663224984053
538,17,195,627.2358974358974,945.348717948718,54.54258912384074,24.504890876757592
539,18,118,115.63559322033899,650.1949152542373,54.51257296482837,24.55057628560906
540,18,93,116.49462365591398,666.505376344086,54.51418350327797,24.55052532986226
541,18,186,130.63440860215053,634.6290322580645,54.51106413117283,24.54919757205106
542,18,282,130.6631205673759,650.0886524822695,54.51258923911488,24.549220165834928
543,18,399,129.52380952380952,669.4761904761905,54.514499752144026,24.54935452849761
544,18,82,133.1341463414634,682.4268292682926,54.515783728210984,24.549049833173367
545,18,182,147.71978021978023,634.2362637362637,54.511055823211194,24.547655305747014
546,18,320,147.671875,649.18125,54.512530009190115,24.5476839733018
547,18,390,149.27179487179487,669.7025641025641,54.51455721531294,24.5475730161809
548,18,318,150.70754716981133,687.8270440251572,54.51634768874934,24.547472947478163
549,18,227,168.53303964757708,673.647577092511,54.51498063513201,24.545841472287975
550,18,400,169.5,689.5,54.516546122775715,24.545780002578894
551,18,72,170.16666666666666,701.375,54.51771872217021,24.545739149634002
552,18,127,186.81102362204723,675.4094488188977,54.51518693889633,24.544195095832364
553,18,313,188.0223642172524,687.9616613418531,54.51642729402642,24.54410620673004
554,18,66,205.03030303030303,686.6515151515151,54.516328284380684,24.542569430102006
555,19,135,434.64444444444445,91.37777777777778,54.45802777467468,24.520872824823662
556,19,325,448.8123076923077,91.20615384615385,54.45803659280621,24.519594209706757
557,19,337,450.6617210682493,108.34124629080118,54.45972982407659,24.519455817038228
558,19,324,470.0895061728395,91.26851851851852,54.45808140188286,24.5176745261153
559,19,400,469.5,109.5,54.45987830411169,24.51775800980754
560,19,280,470.3642857142857,126.68214285714286,54.46157436326598,24.51770855814978
561,19,140,484.6642857142857,89.38571428571429,54.45792220216731,24.51635635112243
562,19,238,486.4159663865546,111.30672268907563,54.46008718982417,24.516234723603574
563,19,363,489.23415977961434,129.73002754820936,54.46190917397246,24.51601103114075
564,19,158,494.5886075949367,146.6772151898734,54.46359017954468,24.515556027214217
565,19,339,508.38643067846607,150.0825958702065,54.463951017884995,24.514316725979246
566,19,117,527.2393162393163,153.7948717948718,54.4643512722211,24.512621823954568
567,20,203,374.3990147783251,309.6354679802956,54.47944432683769,24.52667001317079
568,20,114,375.7631578947368,326.4035087719298,54.48110057814513,24.526574566404193
569,20,106,392.50943396226415,270.00943396226415,54.47556879906662,24.524970548910886
570,20,267,390.38576779026215,290.89138576779027,54.47762447576408,24.525196631866915
571,20,400,389.5,309.5,54.479458181584086,24.52530724523144
572,20,359,388.958217270195,328.7242339832869,54.48135322885915,24.525387813348278
573,20,143,412.2167832167832,271.1958041958042,54.475721373079026,24.523194341026773
574,20,321,409.1775700934579,290.30841121495325,54.477600868890434,24.523500109295107
575,20,185,406.2432432432432,311.82702702702704,54.47971785873112,24.523800357466317
576,20,258,407.7519379844961,326.6744186046512,54.481184907513544,24.523688697712128
577,20,130,426.9307692307692,290.2769230769231,54.47762977730613,24.521898208116085
578,20,202,428.7920792079208,310.85643564356434,54.4796627629758,24.52176420067218
579,20,207,428.17391304347825,326.64251207729467,54.48121853498285,24.521845990478127
580,21,296,789.8986486486486,511.5945945945946,54.50010546649537,24.489510966657143
581,21,400,789.5,529.5,54.50187023461004,24.489576166239143
582,21,400,789.5,549.5,54.503842245192516,24.489608790373527
583,21,97,791.8247422680413,562.3917525773196,54.50511752078881,24.489420041885776
584,21,146,805.8424657534247,514.1643835616438,54.50038729564978,24.488076540351567
585,21,371,808.8059299191375,529.7681940700809,54.501931103318434,24.48783461330648
586,21,381,809.0603674540682,549.2913385826772,54.503856522563275,24.487843498843542
587,21,78,806.3461538461538,562.1410256410256,54.505118659295704,24.488109350684937
588,22,139,312.6546762589928,1094.36690647482,54.556735365596666,24.53351551746483
589,22,100,314.62,1104.54,54.55774226129368,24.533354438664727
590,22,279,329.85663082437276,1092.4910394265232,54.55658039575439,24.531960316164287
591,22,339,329.5280235988201,1107.976401179941,54.55810726182791,24.5320147167314
592,22,315,349.65396825396823,1091.5333333333333,54.55652052750174,24.530172390564758
593,22,340,349.90588235294115,1108.1147058823528,54.5581564922104,24.53017615818458
594,22,94,366.72340425531917,1096.531914893617,54.55704339035166,24.528640134975305
595,22,300,367.3666666666667,1108.4133333333334,54.55821643841991,24.5286010751544
596,22,195,367.5948717948718,1128.5897435897436,54.56020694054427,24.528612700732243
597,23,195,492.6923076923077,171.66153846153847,54.46605064716511,24.51576854262081
598,23,185,508.5783783783784,174.71891891891892,54.46638092490645,24.514340238552602
599,23,137,511.45255474452557,183.33576642335765,54.46723589564648,24.514095179088276
600,23,336,529.6279761904761,189.47321428571428,54.46787403983164,24.512465406051238
601,23,113,533.1061946902655,203.99115044247787,54.469312027222216,24.51217559976805
602,23,137,547.948905109489,195.67883211678833,54.468519151489325,24.51082261258968
603,23,321,550.6105919003115,207.85669781931463,54.46972487815721,24.51060260210875
604,23,164,564.859756097561,212.0121951219512,54.47016042616274,24.509323796190067
605,23,158,569.1139240506329,223.5379746835443,54.47130470930704,24.508959006071393
606,23,94,592.0106382978723,226.62765957446808,54.47165075197008,24.50689817637012
607,24,154,709.0974025974026,674.9285714285714,54.51606706569555,24.497067673512824
608,24,222,709.0540540540541,688.1486486486486,54.51737058640065,24.497093036099354
609,24,267,709.9775280898876,708.7228464419476,54.51940099356758,24.49704307099906
610,24,128,711.96875,726.6328125,54.521170577968164,24.496892418261186
611,24,153,726.0065359477125,693.8954248366013,54.51796730642928,24.495572703318683
612,24,345,728.631884057971,710.063768115942,54.51956625820906,24.49536202493093
613,24,261,728.2068965517242,727.383141762452,54.521273306404076,24.49542843153586
614,25,222,891.2297297297297,132.6891891891892,54.462929396557755,24.479744681947853
615,25,289,891.8062283737024,148.62629757785467,54.464501677245856,24.479719059445074
616,25,117,905.7008547008547,133.15384615384616,54.46300140083224,24.47843974724453
617,25,239,905.5271966527197,149.99163179916317,54.464661105200605,24.478483299131533
618,25,291,909.4707903780069,168.4570446735395,54.466488720863126,24.478158031921936
619,25,304,928.4276315789474,190.5953947368421,54.46870555113415,24.4764841871856
620,25,161,933.1304347826087,205.24844720496895,54.47015865044635,24.47608406871599
