stand,area_ha,n_obs,last_obs,alert_now,alerts_2022_2026,years_monitored,ndvi_base,ndvi_now,ndvi_change_pct,ndvi_change_sigma,ndmi_base,ndmi_now,ndmi_change_pct,ndmi_change_sigma,condition,cell,loss_frac_epoch
1,1.22,639,2026-09-17,False,9,4.69,0.129,0.101,-22.1,-0.9,0.22,0.16,-27.2,-3.0,stable,1,0.0
1,2.52,642,2026-09-17,False,6,4.69,0.144,0.121,-15.6,-0.7,0.28,0.21,-25.0,-2.3,stable,2,0.0
1,2.2600000000000002,641,2026-09-17,False,6,4.69,0.145,0.109,-25.2,-1.3,0.232,0.194,-16.4,-1.5,stable,3,0.0
1,0.62,642,2026-09-17,False,3,4.69,0.39,0.304,-22.1,-2.1,0.354,0.298,-15.6,-1.9,stable,4,0.0
1,2.5,636,2026-09-17,False,3,4.69,0.334,0.255,-23.6,-2.4,0.339,0.261,-23.1,-2.7,stable,5,0.0
1,2.18,621,2026-09-17,False,3,4.69,0.213,0.14,-34.5,-1.8,0.311,0.15,-52.0,-3.4,stable,6,0.0
1,2.64,629,2026-09-17,False,4,4.69,0.19,0.155,-18.2,-1.0,0.295,0.201,-31.7,-2.6,stable,7,0.0
1,2.59,616,2026-09-17,False,3,4.69,0.147,0.179,21.4,1.4,0.177,0.207,17.2,1.4,stable,8,0.0
1,0.66,653,2026-09-17,False,4,4.7,0.471,0.402,-14.6,-1.5,0.399,0.333,-16.4,-1.9,stable,9,0.0
1,3.17,654,2026-09-17,False,5,4.7,0.444,0.385,-13.1,-1.6,0.381,0.325,-14.8,-2.1,stable,10,0.0
1,3.02,634,2026-09-17,False,4,4.69,0.352,0.34,-3.3,-0.4,0.355,0.338,-4.8,-0.6,stable,11,0.026490066225165563
1,3.33,638,2026-09-17,False,5,4.7,0.384,0.375,-2.3,-0.3,0.343,0.321,-6.3,-0.8,stable,12,0.0
1,1.32,631,2026-09-17,False,4,4.7,0.34,0.157,-53.6,-2.9,0.36,0.18,-50.0,-3.6,severe decline,13,0.0
1,3.84,625,2026-09-17,False,4,4.69,0.225,0.161,-28.7,-2.0,0.292,0.197,-32.6,-2.5,stable,14,0.033854166666666664
1,3.92,617,2026-09-17,False,3,4.69,0.164,0.163,-0.7,-0.0,0.182,0.14,-23.2,-2.1,stable,15,0.0
1,3.42,618,2026-09-17,False,5,4.69,0.174,0.183,5.2,0.6,0.128,0.139,8.6,0.7,stable,16,0.0
1,0.7000000000000001,611,2026-09-17,False,5,4.69,0.207,0.169,-18.6,-1.1,0.125,0.095,-24.2,-1.0,stable,17,0.0
1,0.8,636,2026-09-17,False,2,4.7,0.414,0.377,-8.9,-1.0,0.386,0.351,-9.0,-1.2,stable,18,0.0
1,3.81,635,2026-09-17,False,3,4.7,0.384,0.362,-5.7,-0.7,0.38,0.339,-10.6,-1.5,stable,19,0.0
1,1.8800000000000001,642,2026-09-17,False,3,4.69,0.367,0.222,-39.6,-2.4,0.379,0.249,-34.4,-2.8,stable,20,0.02127659574468085
1,2.0300000000000002,631,2026-09-17,False,2,4.7,0.4,0.402,0.5,0.1,0.35,0.336,-3.9,-0.5,stable,21,0.0
1,3.08,628,2026-09-17,False,3,4.69,0.298,0.188,-37.1,-2.2,0.367,0.244,-33.5,-3.1,stable,22,0.0
1,3.0500000000000003,624,2026-09-17,False,4,4.69,0.289,0.146,-49.6,-2.5,0.343,0.182,-46.8,-2.8,stable,23,0.0
1,3.04,635,2026-09-17,False,7,4.69,0.156,0.165,5.5,0.3,0.289,0.239,-17.2,-1.6,stable,24,0.0
1,2.14,601,2026-09-17,False,3,4.69,0.141,0.125,-11.5,-0.7,0.166,0.082,-50.8,-3.1,stable,25,0.0
1,3.18,592,2026-09-17,True,3,4.54,0.208,0.212,2.1,0.2,0.102,0.082,-19.4,-0.9,stable,26,0.0
1,1.87,636,2026-09-17,False,3,4.69,0.176,0.11,-37.6,-1.9,0.251,0.128,-49.0,-4.0,stable,27,0.0
1,1.32,633,2026-09-17,False,4,4.69,0.315,0.29,-7.9,-0.8,0.364,0.326,-10.5,-1.6,stable,28,0.0
1,3.97,633,2026-09-17,False,3,4.69,0.309,0.216,-30.1,-2.5,0.371,0.284,-23.6,-2.8,stable,29,0.05037783375314862
1,2.61,653,2026-09-17,False,7,4.69,0.18,0.154,-14.5,-0.8,0.363,0.331,-8.7,-1.5,stable,30,0.0
1,2.75,642,2026-09-17,False,1,4.7,0.403,0.26,-35.6,-2.1,0.375,0.252,-32.7,-2.6,stable,31,0.0
1,1.75,632,2026-09-17,False,4,4.69,0.329,0.249,-24.4,-1.9,0.359,0.277,-22.9,-2.3,stable,32,0.022857142857142857
1,3.83,619,2026-09-17,False,2,4.69,0.17,0.092,-46.1,-1.7,0.291,0.095,-67.4,-3.9,stable,33,0.018276762402088774
1,3.15,614,2026-09-17,False,5,4.69,0.192,0.161,-16.0,-1.8,0.131,0.056,-57.2,-4.3,stable,34,0.0
1,2.47,616,2026-09-17,False,3,4.69,0.167,0.121,-27.4,-1.4,0.178,0.05,-71.8,-3.9,stable,35,0.0
1,1.61,626,2026-09-17,False,4,4.69,0.338,0.271,-19.7,-1.7,0.386,0.315,-18.3,-2.4,stable,36,0.0
1,1.87,638,2026-09-17,False,4,4.69,0.212,0.178,-15.9,-1.1,0.329,0.291,-11.4,-1.4,stable,37,0.0
1,3.13,661,2026-09-17,False,7,4.69,0.184,0.19,3.1,0.3,0.353,0.33,-6.5,-1.2,stable,38,0.0
1,1.6300000000000001,645,2026-09-17,False,4,4.69,0.256,0.222,-13.3,-1.0,0.357,0.302,-15.5,-2.1,stable,39,0.0
1,2.48,639,2026-09-17,False,5,4.69,0.268,0.259,-3.4,-0.3,0.353,0.325,-7.8,-1.1,stable,40,0.0
1,3.63,626,2026-09-17,False,5,4.69,0.268,0.245,-8.6,-0.8,0.337,0.295,-12.5,-1.6,stable,41,0.0
1,3.74,636,2026-09-17,False,4,4.69,0.192,0.148,-23.0,-1.3,0.307,0.185,-39.7,-3.1,stable,42,0.0
1,3.06,635,2026-09-17,False,4,4.69,0.175,0.148,-15.5,-1.0,0.238,0.139,-41.4,-3.3,stable,43,0.0
1,1.34,611,2026-09-17,False,3,4.69,0.192,0.192,0.2,0.0,0.133,0.093,-30.3,-1.7,stable,44,0.0
1,1.5,655,2026-09-17,False,4,4.7,0.192,0.171,-11.0,-0.8,0.038,0.041,8.0,0.1,stable,45,0.0
1,1.87,627,2026-09-17,False,3,4.69,0.244,0.202,-17.4,-1.4,0.345,0.3,-13.0,-1.7,stable,46,0.0
1,3.06,634,2026-09-17,False,2,4.69,0.272,0.228,-15.9,-1.2,0.373,0.301,-19.4,-2.3,stable,47,0.0
1,3.35,627,2026-09-17,False,1,4.69,0.278,0.227,-18.3,-1.3,0.371,0.262,-29.3,-2.5,stable,48,0.0
1,1.97,621,2026-09-17,False,2,4.69,0.269,0.253,-6.1,-0.6,0.331,0.255,-23.2,-2.5,stable,49,0.0
1,2.83,631,2026-09-17,False,3,4.69,0.264,0.262,-0.7,-0.1,0.352,0.322,-8.5,-1.0,stable,50,0.0
1,2.31,630,2026-09-17,False,5,4.69,0.203,0.145,-28.5,-2.1,0.347,0.214,-38.4,-3.4,stable,51,0.0
1,2.77,642,2026-09-17,False,6,4.69,0.172,0.134,-22.3,-1.6,0.369,0.296,-19.6,-2.8,stable,52,0.0
1,2.23,643,2026-09-17,False,6,4.69,0.128,0.149,15.9,0.9,0.23,0.231,0.3,0.0,stable,53,0.0
1,0.7000000000000001,638,2026-09-17,False,5,4.7,0.24,0.257,7.1,0.5,0.353,0.345,-2.1,-0.2,stable,54,0.0
1,1.9000000000000001,634,2026-09-17,False,4,4.7,0.385,0.333,-13.5,-1.3,0.403,0.337,-16.4,-1.9,stable,55,0.0
1,1.29,629,2026-09-17,False,4,4.69,0.221,0.231,4.8,0.5,0.198,0.214,8.4,0.9,stable,56,0.0
2,1.79,649,2026-09-17,False,3,4.69,0.369,0.243,-34.2,-2.7,0.413,0.301,-27.0,-2.7,stable,57,0.0
2,0.99,643,2026-09-17,False,3,4.69,0.366,0.324,-11.6,-1.0,0.403,0.355,-12.0,-1.4,stable,58,0.0
2,1.2,652,2026-09-17,False,5,4.69,0.405,0.361,-10.9,-1.2,0.378,0.333,-11.8,-1.5,stable,59,0.0
2,2.2600000000000002,634,2026-09-17,False,4,4.69,0.283,0.26,-8.1,-0.7,0.363,0.32,-11.8,-1.5,stable,60,0.0
2,1.48,631,2026-09-17,False,3,4.69,0.222,0.228,3.0,0.2,0.134,0.164,22.7,1.1,stable,61,0.0
2,2.24,621,2026-09-17,False,4,4.69,0.227,0.236,3.8,0.3,0.184,0.198,7.5,0.4,stable,62,0.0
2,2.93,638,2026-09-17,False,3,4.69,0.315,0.347,10.1,1.0,0.389,0.374,-3.9,-0.6,stable,63,0.0
2,1.46,665,2026-09-17,False,3,4.69,0.414,0.409,-1.4,-0.2,0.394,0.363,-7.9,-1.1,stable,64,0.0
2,3.41,643,2026-09-17,False,4,4.69,0.334,0.323,-3.4,-0.4,0.383,0.358,-6.5,-1.0,stable,65,0.0
2,3.44,628,2026-09-17,False,4,4.69,0.272,0.271,-0.3,-0.0,0.428,0.401,-6.4,-1.0,stable,66,0.0
2,3.22,652,2026-09-17,False,2,4.69,0.383,0.376,-1.8,-0.2,0.388,0.368,-5.0,-0.6,stable,67,0.0
2,4.0,669,2026-09-17,False,3,4.69,0.455,0.438,-3.6,-0.4,0.37,0.34,-8.1,-0.9,stable,68,0.0
2,2.8000000000000003,665,2026-09-17,False,3,4.69,0.454,0.437,-3.6,-0.4,0.39,0.358,-8.2,-0.9,stable,69,0.0
2,3.08,673,2026-09-17,False,2,4.69,0.509,0.509,-0.0,-0.0,0.383,0.354,-7.6,-1.0,stable,70,0.0
2,1.74,686,2026-09-17,False,3,4.7,0.58,0.564,-2.7,-0.4,0.402,0.361,-10.3,-1.3,stable,71,0.0
2,2.7600000000000002,652,2026-09-17,False,4,4.69,0.364,0.334,-8.4,-0.9,0.383,0.362,-5.5,-0.7,stable,72,0.0
2,2.7600000000000002,649,2026-09-17,False,5,4.69,0.315,0.299,-5.1,-0.5,0.377,0.363,-3.7,-0.5,stable,73,0.0
2,3.74,652,2026-09-17,False,5,4.69,0.312,0.293,-6.1,-0.6,0.381,0.36,-5.5,-0.8,stable,74,0.0
2,3.84,662,2026-09-17,False,3,4.69,0.402,0.376,-6.5,-0.7,0.385,0.361,-6.2,-0.8,stable,75,0.0
2,2.48,677,2026-09-17,False,4,4.69,0.495,0.498,0.6,0.1,0.38,0.359,-5.6,-0.6,stable,76,0.0
2,1.5,639,2026-09-17,False,3,4.69,0.368,0.377,2.5,0.3,0.336,0.334,-0.7,-0.1,stable,77,0.0
2,3.43,665,2026-09-17,False,3,4.7,0.462,0.457,-0.9,-0.1,0.384,0.36,-6.3,-0.8,stable,78,0.0
2,2.5100000000000002,684,2026-09-17,False,4,4.7,0.526,0.511,-2.9,-0.4,0.377,0.334,-11.4,-1.3,stable,79,0.0
2,1.24,648,2026-09-17,False,4,4.69,0.407,0.331,-18.8,-1.8,0.414,0.359,-13.2,-1.7,stable,80,0.0
2,1.33,653,2026-09-17,False,5,4.69,0.341,0.325,-4.6,-0.4,0.406,0.382,-5.9,-0.9,stable,81,0.0
2,3.85,647,2026-09-17,False,3,4.69,0.313,0.303,-3.1,-0.3,0.375,0.362,-3.7,-0.6,stable,82,0.0
2,4.0,654,2026-09-17,False,4,4.69,0.429,0.417,-2.8,-0.3,0.398,0.375,-5.9,-0.8,stable,83,0.0
2,1.77,652,2026-09-17,False,3,4.69,0.365,0.385,5.4,0.6,0.382,0.382,0.2,0.0,stable,84,0.0
2,3.74,682,2026-09-17,False,5,4.7,0.468,0.477,2.0,0.2,0.358,0.35,-2.2,-0.2,stable,85,0.0
2,2.27,673,2026-09-17,False,4,4.7,0.474,0.453,-4.3,-0.5,0.397,0.374,-5.7,-0.8,stable,86,0.0
2,2.41,648,2026-09-17,False,4,4.69,0.328,0.277,-15.7,-1.7,0.378,0.346,-8.7,-1.3,stable,87,0.0
2,2.9,647,2026-09-17,False,4,4.69,0.235,0.234,-0.3,-0.0,0.383,0.365,-4.7,-0.8,stable,88,0.0
2,1.74,646,2026-09-17,False,7,4.69,0.172,0.184,7.0,0.4,0.383,0.382,-0.2,-0.0,stable,89,0.0
2,1.43,663,2026-09-17,False,4,4.69,0.407,0.39,-4.2,-0.5,0.361,0.343,-5.1,-0.7,stable,90,0.0
2,3.89,671,2026-09-17,False,4,4.69,0.473,0.483,2.0,0.2,0.357,0.348,-2.7,-0.3,stable,91,0.0
2,3.93,669,2026-09-17,False,5,4.69,0.479,0.473,-1.1,-0.1,0.346,0.331,-4.4,-0.5,stable,92,0.0
2,3.15,670,2026-09-17,False,5,4.69,0.458,0.468,2.2,0.2,0.353,0.34,-3.5,-0.4,stable,93,0.0
2,0.74,631,2026-09-17,False,4,4.7,0.42,0.367,-12.7,-1.2,0.413,0.378,-8.6,-0.9,stable,94,0.0
2,3.41,647,2026-09-17,False,4,4.7,0.442,0.397,-10.1,-1.2,0.383,0.346,-9.5,-1.2,stable,95,0.0
2,4.0,674,2026-09-17,False,6,4.7,0.535,0.499,-6.8,-0.9,0.374,0.337,-9.9,-1.3,stable,96,0.0
2,3.0700000000000003,644,2026-09-17,False,4,4.7,0.316,0.287,-9.3,-1.1,0.383,0.342,-10.9,-1.7,stable,97,0.0
2,4.0,640,2026-09-17,False,4,4.69,0.358,0.323,-9.8,-1.3,0.388,0.349,-9.9,-1.7,stable,98,0.0
2,3.77,649,2026-09-17,False,4,4.69,0.36,0.312,-13.4,-1.5,0.355,0.316,-11.0,-1.4,stable,99,0.0
2,1.27,658,2026-09-17,False,4,4.69,0.456,0.456,0.1,0.0,0.361,0.338,-6.4,-0.7,stable,100,0.0
2,0.9,659,2026-09-17,False,5,4.69,0.43,0.405,-5.8,-0.7,0.353,0.328,-7.2,-0.9,stable,101,0.0
2,1.42,636,2026-09-17,False,4,4.69,0.403,0.383,-5.1,-0.6,0.377,0.346,-8.4,-1.3,stable,102,0.0
2,0.6,618,2026-09-17,False,5,4.69,0.359,0.294,-18.2,-1.4,0.425,0.382,-10.1,-0.9,stable,103,0.0
2,1.6400000000000001,630,2026-09-17,False,3,4.7,0.367,0.263,-28.4,-2.5,0.374,0.315,-15.7,-1.7,stable,104,0.0
2,1.53,642,2026-09-17,False,5,4.7,0.388,0.318,-18.1,-1.8,0.428,0.373,-12.7,-1.7,stable,105,0.0
2,2.49,617,2026-09-17,False,6,4.69,0.254,0.259,1.8,0.2,0.34,0.338,-0.6,-0.1,stable,106,0.0
2,3.88,633,2026-09-17,False,7,4.69,0.313,0.297,-5.2,-0.7,0.371,0.339,-8.6,-1.3,stable,107,0.0
2,3.5,638,2026-09-17,False,3,4.69,0.411,0.386,-6.0,-0.7,0.381,0.351,-7.9,-1.1,stable,108,0.0
2,0.89,629,2026-09-17,False,5,4.69,0.396,0.361,-8.9,-0.8,0.435,0.395,-9.2,-1.2,stable,109,0.0
2,2.24,631,2026-09-17,False,2,4.69,0.309,0.312,1.0,0.1,0.382,0.369,-3.5,-0.5,stable,110,0.0
3,2.69,681,2026-09-17,False,5,4.69,0.1,0.154,53.2,3.2,0.325,0.349,7.4,1.9,stable,111,0.0
3,2.65,685,2026-09-17,False,6,4.69,0.108,0.153,42.5,2.5,0.363,0.381,5.2,1.5,stable,112,0.0
3,1.24,678,2026-09-17,False,5,4.69,0.151,0.157,3.7,0.3,0.308,0.302,-2.1,-0.4,stable,113,0.0
3,1.19,676,2026-09-17,False,5,4.69,0.127,0.154,21.3,1.5,0.294,0.281,-4.5,-0.8,stable,114,0.0
3,3.2,682,2026-09-17,False,5,4.69,0.11,0.14,27.3,1.5,0.361,0.347,-3.8,-0.6,stable,115,0.0
3,3.94,681,2026-09-17,False,7,4.69,0.128,0.165,29.0,2.1,0.361,0.366,1.5,0.3,stable,116,0.0
3,1.3900000000000001,677,2026-09-17,False,5,4.69,0.142,0.148,4.3,0.4,0.321,0.311,-3.0,-0.6,stable,117,0.0
3,0.72,685,2026-09-17,False,7,4.69,0.15,0.219,45.8,3.3,0.416,0.459,10.3,2.4,stable,118,0.0
3,1.17,667,2026-09-17,False,2,4.69,0.286,0.301,5.2,0.6,0.307,0.296,-3.7,-0.4,stable,119,0.0
3,2.5100000000000002,675,2026-09-17,False,4,4.69,0.16,0.189,18.3,1.5,0.235,0.232,-1.4,-0.2,stable,120,0.0
3,2.52,664,2026-09-17,False,6,4.69,0.193,0.187,-3.2,-0.2,0.25,0.215,-14.1,-1.6,stable,121,0.0
3,4.0,673,2026-09-17,False,4,4.69,0.255,0.277,8.9,0.8,0.392,0.382,-2.7,-0.3,stable,122,0.0
3,3.14,676,2026-09-17,False,5,4.69,0.175,0.2,14.6,1.1,0.345,0.333,-3.4,-0.5,stable,123,0.0
3,0.76,678,2026-09-17,False,8,4.69,0.119,0.152,27.1,1.8,0.349,0.347,-0.4,-0.1,stable,124,0.0
3,3.5300000000000002,676,2026-09-17,False,7,4.69,0.227,0.291,28.7,2.2,0.424,0.445,5.1,0.8,stable,125,0.0
3,1.45,673,2026-09-17,False,7,4.69,0.231,0.29,25.8,2.5,0.41,0.43,4.9,1.0,stable,126,0.0
3,2.38,671,2026-09-17,False,3,4.69,0.254,0.306,20.2,2.0,0.386,0.395,2.4,0.3,stable,127,0.0
3,3.71,677,2026-09-17,False,5,4.69,0.135,0.151,12.0,0.8,0.294,0.293,-0.4,-0.1,stable,128,0.0
3,3.79,671,2026-09-17,False,6,4.69,0.135,0.102,-24.5,-1.1,0.322,0.261,-19.2,-2.0,stable,129,0.03430079155672823
3,3.96,669,2026-09-17,False,6,4.69,0.318,0.391,22.7,1.9,0.391,0.411,5.1,0.5,stable,130,0.03535353535353535
3,3.93,672,2026-09-17,False,3,4.69,0.417,0.493,18.1,1.8,0.414,0.408,-1.6,-0.2,stable,131,0.0
3,2.37,681,2026-09-17,False,7,4.69,0.161,0.206,28.0,2.0,0.396,0.398,0.4,0.1,stable,132,0.02109704641350211
3,2.58,680,2026-09-17,False,5,4.69,0.167,0.2,19.7,1.3,0.416,0.396,-4.8,-0.8,stable,133,0.04263565891472868
3,4.0,677,2026-09-17,False,7,4.69,0.176,0.234,33.0,2.7,0.422,0.442,4.5,1.0,stable,134,0.015
3,3.63,676,2026-09-17,False,6,4.69,0.213,0.276,29.8,2.9,0.425,0.451,6.1,1.5,stable,135,0.0
3,2.14,670,2026-09-17,False,4,4.69,0.144,0.073,-49.5,-2.6,0.251,0.178,-28.9,-2.6,stable,136,0.0
3,3.5500000000000003,676,2026-09-17,False,10,4.69,0.163,0.24,46.9,3.9,0.392,0.43,9.9,2.0,stable,137,0.03380281690140845
3,4.0,672,2026-09-17,False,3,4.69,0.296,0.392,32.5,2.5,0.455,0.493,8.3,1.1,stable,138,0.095
3,4.0,679,2026-09-17,False,7,4.69,0.245,0.356,45.2,3.6,0.44,0.505,14.7,2.2,stable,139,0.025
3,3.96,675,2026-09-17,False,3,4.69,0.3,0.366,21.8,2.1,0.425,0.432,1.7,0.2,stable,140,0.0
3,4.0,674,2026-09-17,False,3,4.69,0.235,0.277,17.6,1.5,0.415,0.42,1.0,0.2,stable,141,0.0225
3,3.94,675,2026-09-17,False,5,4.69,0.233,0.26,11.8,1.0,0.399,0.395,-1.0,-0.2,stable,142,0.04314720812182741
3,1.06,667,2026-09-17,False,4,4.69,0.194,0.197,1.2,0.1,0.113,0.12,6.1,0.4,stable,143,0.0
3,3.25,676,2026-09-17,False,4,4.69,0.166,0.171,2.6,0.2,0.284,0.264,-7.1,-1.3,stable,144,0.0
3,4.0,675,2026-09-17,False,6,4.69,0.162,0.234,44.4,4.6,0.284,0.335,18.0,3.9,improving,145,0.0
3,4.0,676,2026-09-17,False,9,4.69,0.193,0.304,57.1,5.9,0.371,0.45,21.4,5.5,improving,146,0.0
3,4.0,680,2026-09-17,False,5,4.69,0.266,0.351,31.8,3.1,0.439,0.492,12.0,2.4,stable,147,0.0
3,4.0,674,2026-09-17,False,3,4.69,0.26,0.323,24.2,2.1,0.398,0.423,6.3,0.9,stable,148,0.0
3,2.7600000000000002,675,2026-09-17,False,3,4.7,0.2,0.185,-7.8,-0.5,0.376,0.338,-10.0,-1.3,stable,149,0.050724637681159424
3,1.6400000000000001,678,2026-09-17,False,3,4.69,0.182,0.179,-1.3,-0.1,0.225,0.222,-1.4,-0.1,stable,150,0.0
3,2.7600000000000002,669,2026-09-17,False,3,4.69,0.162,0.195,20.3,1.8,0.217,0.235,8.1,1.0,stable,151,0.0
3,4.0,669,2026-09-17,False,7,4.69,0.22,0.311,41.6,4.7,0.311,0.365,17.6,3.9,improving,152,0.0
3,4.0,674,2026-09-17,False,7,4.69,0.273,0.358,31.2,2.7,0.407,0.471,15.8,2.3,stable,153,0.0
3,3.92,673,2026-09-17,False,4,4.7,0.26,0.297,14.2,1.4,0.392,0.422,7.8,1.4,stable,154,0.0
3,1.37,674,2026-09-17,False,4,4.69,0.192,0.199,3.5,0.3,0.389,0.357,-8.3,-1.0,stable,155,0.06569343065693431
3,0.67,664,2026-09-17,False,8,4.69,0.285,0.374,31.4,2.2,0.335,0.428,28.0,2.1,stable,156,0.0
3,1.6500000000000001,672,2026-09-17,False,5,4.69,0.297,0.331,11.6,1.0,0.423,0.461,8.9,1.3,stable,157,0.0
3,1.2,674,2026-09-17,False,4,4.69,0.197,0.241,22.2,2.0,0.351,0.376,7.2,1.3,stable,158,0.0
4,0.87,652,2026-09-17,False,5,4.69,0.415,0.432,4.2,0.4,0.39,0.356,-8.8,-1.0,stable,159,0.0
4,2.29,651,2026-09-17,False,5,4.69,0.227,0.26,14.4,1.3,0.235,0.254,8.2,0.8,stable,160,0.0
4,2.56,652,2026-09-17,False,7,4.69,0.25,0.269,7.8,0.7,0.305,0.3,-1.6,-0.2,stable,161,0.0
4,3.67,641,2026-09-17,False,5,4.69,0.283,0.297,4.8,0.6,0.314,0.302,-3.9,-0.4,stable,162,0.0
4,0.97,644,2026-09-17,False,2,4.69,0.239,0.255,6.3,0.7,0.254,0.261,3.0,0.3,stable,163,0.0
4,3.23,644,2026-09-17,False,5,4.69,0.277,0.271,-2.3,-0.2,0.36,0.325,-9.7,-1.1,stable,164,0.0
4,3.43,641,2026-09-17,False,3,4.69,0.309,0.304,-1.7,-0.2,0.366,0.337,-7.9,-0.9,stable,165,0.0
4,1.11,649,2026-09-17,False,5,4.69,0.273,0.293,7.6,0.8,0.305,0.299,-1.8,-0.2,stable,166,0.0
4,1.45,657,2026-09-17,False,4,4.69,0.212,0.236,11.1,1.0,0.273,0.285,4.2,0.5,stable,167,0.0
4,2.66,637,2026-09-17,False,5,4.69,0.292,0.269,-8.1,-0.7,0.375,0.325,-13.3,-1.4,stable,168,0.0
4,4.0,645,2026-09-17,False,5,4.69,0.249,0.237,-5.2,-0.4,0.39,0.361,-7.3,-1.0,stable,169,0.0
4,3.86,646,2026-09-17,False,5,4.69,0.287,0.261,-9.0,-0.8,0.387,0.343,-11.5,-1.5,stable,170,0.0
4,1.95,655,2026-09-17,False,3,4.69,0.301,0.278,-7.7,-0.6,0.39,0.348,-10.7,-1.1,stable,171,0.0
4,1.77,645,2026-09-17,False,4,4.69,0.272,0.289,6.2,0.5,0.34,0.344,1.1,0.1,stable,172,0.0
4,0.98,636,2026-09-17,False,6,4.69,0.272,0.26,-4.2,-0.3,0.368,0.326,-11.4,-1.2,stable,173,0.0
4,4.0,641,2026-09-17,False,7,4.69,0.256,0.247,-3.5,-0.3,0.383,0.351,-8.2,-1.3,stable,174,0.0
4,4.0,647,2026-09-17,False,10,4.69,0.233,0.21,-9.9,-0.8,0.394,0.363,-7.8,-1.2,stable,175,0.0
4,3.0,650,2026-09-17,False,6,4.69,0.257,0.233,-9.6,-1.0,0.375,0.339,-9.7,-1.8,stable,176,0.0
4,1.96,638,2026-09-17,False,6,4.69,0.273,0.259,-5.3,-0.4,0.398,0.357,-10.2,-0.9,stable,177,0.0
4,0.9400000000000001,639,2026-09-17,False,3,4.69,0.265,0.277,4.6,0.4,0.34,0.339,-0.2,-0.0,stable,178,0.0
4,2.7600000000000002,627,2026-09-17,False,7,4.69,0.175,0.218,24.5,1.8,0.336,0.31,-7.7,-0.9,stable,179,0.018115942028985508
4,3.93,631,2026-09-17,False,8,4.69,0.224,0.293,30.6,2.6,0.313,0.31,-1.0,-0.1,stable,180,0.0
4,2.85,643,2026-09-17,False,10,4.69,0.23,0.277,20.4,1.8,0.336,0.336,0.1,0.0,stable,181,0.0
4,3.5100000000000002,634,2026-09-17,False,5,4.7,0.317,0.298,-5.9,-0.7,0.346,0.314,-9.4,-1.2,stable,182,0.0
4,3.86,639,2026-09-17,False,4,4.69,0.323,0.271,-16.1,-1.5,0.411,0.349,-15.3,-1.8,stable,183,0.0
4,2.09,650,2026-09-17,False,4,4.69,0.345,0.331,-4.1,-0.4,0.428,0.373,-13.0,-1.6,stable,184,0.0
4,0.67,637,2026-09-17,False,8,4.69,0.191,0.247,29.2,2.2,0.286,0.29,1.7,0.2,stable,185,0.0
4,3.64,620,2026-09-17,False,3,4.69,0.167,0.245,46.4,3.1,0.196,0.186,-5.2,-0.3,stable,186,0.0
4,1.83,611,2026-09-17,False,6,4.69,0.219,0.283,29.6,2.6,0.152,0.19,25.4,1.6,stable,187,0.0
4,2.13,627,2026-09-17,True,5,4.69,0.214,0.262,22.6,2.1,0.174,0.19,9.3,0.8,stable,188,0.0
4,3.2600000000000002,628,2026-09-17,False,7,4.69,0.247,0.256,3.5,0.3,0.342,0.291,-14.9,-1.8,stable,189,0.0
4,1.6300000000000001,651,2026-09-17,False,4,4.69,0.344,0.321,-6.6,-0.6,0.402,0.352,-12.3,-1.6,stable,190,0.0
4,3.49,637,2026-09-17,False,4,4.7,0.332,0.326,-1.8,-0.2,0.422,0.375,-11.2,-1.5,stable,191,0.0
4,2.82,636,2026-09-17,False,6,4.7,0.318,0.302,-5.0,-0.5,0.377,0.342,-9.3,-1.1,stable,192,0.0
4,1.32,630,2026-09-17,False,4,4.69,0.191,0.256,34.2,2.9,0.277,0.268,-3.1,-0.3,stable,193,0.0
4,2.21,620,2026-09-17,False,3,4.69,0.203,0.241,19.0,1.7,0.197,0.167,-15.2,-1.1,stable,194,0.0
4,2.85,620,2026-09-17,False,4,4.69,0.208,0.27,29.4,3.2,0.157,0.189,20.7,1.6,stable,195,0.0
4,3.1,628,2026-09-17,False,3,4.7,0.217,0.261,20.5,2.3,0.133,0.148,10.6,0.7,stable,196,0.0
4,3.2,636,2026-09-17,False,5,4.69,0.175,0.242,38.5,2.8,0.228,0.24,5.4,0.5,stable,197,0.0
4,3.75,634,2026-09-17,False,8,4.7,0.162,0.231,42.0,3.2,0.277,0.289,4.3,0.5,stable,198,0.0
4,4.0,626,2026-09-17,False,8,4.7,0.266,0.248,-6.8,-0.7,0.4,0.347,-13.2,-1.9,stable,199,0.0
4,2.09,629,2026-09-17,False,6,4.7,0.313,0.373,19.2,1.8,0.362,0.366,0.9,0.1,stable,200,0.0
4,1.69,594,2026-09-17,False,3,4.69,0.243,0.269,10.5,1.0,0.105,0.099,-4.8,-0.2,stable,201,0.0
4,1.87,606,2026-09-17,False,3,4.7,0.233,0.268,15.2,1.5,0.076,0.08,5.9,0.2,stable,202,0.0
4,3.77,614,2026-09-17,False,3,4.7,0.196,0.277,41.2,3.6,0.158,0.165,4.5,0.3,stable,203,0.0
4,3.98,604,2026-09-17,False,4,4.69,0.229,0.274,19.9,2.1,0.171,0.159,-6.9,-0.4,stable,204,0.0
4,1.47,617,2026-09-17,False,1,4.69,0.187,0.182,-2.8,-0.2,0.22,0.149,-32.3,-1.7,stable,205,0.0
4,0.66,600,2026-09-17,False,6,4.7,0.261,0.264,1.1,0.1,0.111,0.105,-5.0,-0.3,stable,206,0.0
5,0.93,668,2026-09-17,False,4,4.69,0.092,0.063,-31.9,-0.9,0.146,0.136,-6.8,-0.3,stable,207,0.08602150537634409
5,1.27,653,2026-09-17,False,2,4.69,0.209,0.021,-90.1,-3.0,0.245,0.024,-90.0,-3.2,severe decline,208,0.3228346456692913
5,1.51,661,2026-09-17,False,2,4.69,0.149,0.031,-79.3,-3.1,0.127,0.026,-79.8,-2.6,severe decline,209,0.09933774834437085
5,1.96,653,2026-09-17,False,2,4.69,0.179,0.011,-93.8,-3.2,0.142,0.031,-78.3,-2.5,severe decline,210,0.12244897959183673
5,2.09,629,2026-09-17,False,3,4.69,0.11,-0.075,-168.5,-4.6,0.032,-0.069,-317.2,-3.1,severe decline,211,0.019138755980861243
5,3.08,670,2026-09-17,False,5,4.69,0.094,0.044,-53.0,-1.4,0.142,0.1,-29.5,-1.3,stable,212,0.24025974025974026
5,3.09,650,2026-09-17,False,5,4.69,0.159,-0.116,-173.3,-3.5,0.311,-0.038,-112.3,-3.9,severe decline,213,0.5145631067961165
5,2.66,658,2026-09-17,False,2,4.69,0.312,0.039,-87.4,-3.6,0.325,0.052,-84.0,-3.9,severe decline,214,0.22556390977443608
5,3.43,670,2026-09-17,False,2,4.69,0.122,0.052,-56.9,-1.5,0.207,0.142,-31.6,-1.6,stable,215,0.5626822157434402
5,3.77,646,2026-09-17,False,2,4.69,0.186,0.045,-76.0,-2.4,0.26,0.089,-65.8,-2.7,severe decline,216,0.7506631299734748
5,4.0,656,2026-09-17,False,3,4.69,0.26,0.019,-92.7,-4.0,0.299,0.08,-73.4,-4.0,severe decline,217,0.1075
5,3.67,655,2026-09-17,False,2,4.69,0.175,0.001,-99.2,-3.5,0.268,0.069,-74.3,-3.6,severe decline,218,0.3814713896457766
5,4.0,658,2026-09-17,True,4,4.69,0.238,-0.104,-143.6,-5.2,0.436,0.013,-97.1,-4.8,severe decline,219,0.185
5,3.92,653,2026-09-17,False,4,4.69,0.364,0.309,-15.1,-1.6,0.392,0.307,-21.6,-2.5,stable,220,0.0
5,0.6,598,2026-09-17,False,3,4.46,0.164,0.016,-90.0,-3.8,0.065,-0.027,-141.9,-3.1,severe decline,221,0.0
5,3.12,626,2026-09-17,False,1,4.69,0.197,-0.002,-101.1,-3.5,0.173,-0.012,-107.1,-2.9,severe decline,222,0.16987179487179488
5,4.0,662,2026-09-17,False,5,4.69,0.154,-0.061,-139.9,-3.8,0.344,0.054,-84.3,-4.9,severe decline,223,0.44
5,4.0,665,2026-09-17,False,5,4.69,0.19,0.143,-24.7,-1.7,0.403,0.343,-15.0,-1.9,stable,224,0.0
5,3.5700000000000003,643,2026-09-17,False,3,4.69,0.399,0.339,-15.2,-1.6,0.398,0.343,-13.8,-1.6,stable,225,0.0
5,2.09,618,2026-09-17,False,3,4.69,0.149,0.023,-84.9,-4.3,0.078,-0.028,-136.1,-4.3,severe decline,226,0.0
5,3.35,648,2026-09-17,False,3,4.69,0.177,-0.038,-121.4,-4.8,0.28,-0.015,-105.4,-6.1,severe decline,227,0.11641791044776119
5,0.76,661,2026-09-17,False,5,4.69,0.142,-0.031,-121.5,-3.0,0.364,0.183,-49.8,-3.0,stable,228,0.34210526315789475
5,3.09,652,2026-09-17,False,4,4.69,0.193,0.179,-7.4,-0.6,0.411,0.393,-4.4,-0.8,stable,229,0.0
5,3.13,635,2026-09-17,False,2,4.69,0.322,0.28,-13.2,-1.3,0.402,0.35,-13.0,-1.7,stable,230,0.0
5,2.15,641,2026-09-17,False,1,4.69,0.151,0.001,-99.0,-4.9,0.094,-0.029,-130.6,-3.4,severe decline,231,0.037209302325581395
5,3.2800000000000002,670,2026-09-17,False,4,4.69,0.07,0.08,14.6,0.4,0.109,0.14,29.0,1.1,stable,232,0.14939024390243902
5,3.95,660,2026-09-17,False,3,4.69,0.152,0.027,-81.9,-2.4,0.195,0.07,-64.3,-2.1,severe decline,233,0.09620253164556962
5,3.5,627,2026-09-17,False,3,4.69,0.197,-0.076,-138.7,-3.7,0.343,-0.008,-102.2,-4.6,severe decline,234,0.03428571428571429
5,3.11,629,2026-09-17,False,2,4.69,0.216,0.095,-56.2,-2.9,0.414,0.273,-34.1,-3.3,stable,235,0.0
5,0.9,634,2026-09-17,False,4,4.69,0.305,0.27,-11.6,-1.1,0.388,0.337,-13.1,-1.7,stable,236,0.0
5,3.97,633,2026-09-17,False,3,4.69,0.391,0.353,-9.7,-1.2,0.386,0.334,-13.3,-1.8,stable,237,0.0
5,1.72,662,2026-09-17,False,4,4.69,0.479,0.426,-11.1,-1.4,0.372,0.321,-13.6,-1.7,stable,238,0.0
5,2.45,654,2026-09-17,False,4,4.69,0.137,-0.012,-108.4,-3.4,0.236,0.007,-97.1,-4.6,severe decline,239,0.3183673469387755
5,3.3200000000000003,650,2026-09-17,False,4,4.69,0.125,0.03,-75.6,-1.9,0.274,0.076,-72.2,-3.2,severe decline,240,0.46987951807228917
5,1.96,663,2026-09-17,False,3,4.69,0.097,0.09,-6.9,-0.1,0.205,0.184,-10.2,-0.3,stable,241,0.5867346938775511
5,3.3000000000000003,627,2026-09-17,False,5,4.69,0.251,-0.032,-112.9,-3.6,0.38,0.052,-86.4,-3.7,severe decline,242,0.04242424242424243
5,1.78,600,2026-09-17,False,3,4.69,0.213,-0.023,-111.0,-3.3,0.368,0.057,-84.6,-4.3,severe decline,243,0.06741573033707865
5,1.44,624,2026-09-17,False,4,4.69,0.328,0.292,-11.1,-1.0,0.376,0.332,-11.7,-1.4,stable,244,0.0
5,2.58,673,2026-09-17,False,3,4.69,0.126,0.071,-43.7,-0.8,0.188,0.135,-28.0,-0.7,stable,245,0.5658914728682171
5,4.0,654,2026-09-17,False,6,4.69,0.258,0.075,-70.8,-3.1,0.324,0.114,-64.7,-3.4,severe decline,246,0.37
5,3.9,646,2026-09-17,False,4,4.69,0.223,-0.032,-114.1,-3.5,0.346,0.032,-90.8,-3.6,severe decline,247,0.558974358974359
5,0.65,650,2026-09-17,False,1,4.69,0.181,0.013,-93.0,-2.2,0.169,0.031,-81.9,-2.0,severe decline,248,0.03076923076923077
5,1.27,656,2026-09-17,False,4,4.69,0.204,-0.022,-111.0,-2.4,0.209,0.025,-88.2,-2.0,severe decline,249,0.031496062992125984
5,2.0,655,2026-09-17,True,6,4.69,0.217,0.135,-37.7,-2.0,0.297,0.217,-26.8,-2.1,stable,250,0.0
5,1.52,647,2026-09-17,False,5,4.69,0.383,0.287,-25.0,-2.0,0.382,0.283,-25.7,-1.9,stable,251,0.0
6,2.19,639,2026-09-17,False,7,4.69,0.145,0.179,23.6,1.8,0.23,0.248,8.0,0.9,stable,252,0.0
6,2.5,648,2026-09-17,False,6,4.69,0.181,0.206,13.7,1.3,0.276,0.288,4.3,0.7,stable,253,0.0
6,1.81,647,2026-09-17,False,4,4.69,0.373,0.342,-8.2,-0.8,0.371,0.318,-14.3,-1.9,stable,254,0.0
6,1.53,656,2026-09-17,False,4,4.7,0.421,0.359,-14.5,-1.4,0.393,0.331,-15.8,-2.1,stable,255,0.0
6,1.82,654,2026-09-17,False,6,4.69,0.221,0.245,10.8,1.0,0.299,0.306,2.4,0.3,stable,256,0.0
6,1.22,633,2026-09-17,False,5,4.69,0.189,0.197,4.3,0.6,0.148,0.141,-4.2,-0.4,stable,257,0.0
6,1.69,646,2026-09-17,False,9,4.69,0.137,0.185,35.0,2.7,0.236,0.255,8.2,1.1,stable,258,0.0
6,3.92,644,2026-09-17,False,8,4.69,0.18,0.219,21.9,2.4,0.298,0.321,7.7,1.4,stable,259,0.0
6,4.0,648,2026-09-17,False,7,4.69,0.22,0.271,23.1,2.3,0.297,0.318,7.1,1.0,stable,260,0.0
6,2.81,647,2026-09-17,False,6,4.69,0.201,0.233,16.1,1.6,0.292,0.307,5.1,0.7,stable,261,0.0
6,3.62,647,2026-09-17,False,6,4.69,0.237,0.263,10.6,1.0,0.301,0.308,2.3,0.3,stable,262,0.0
6,0.92,643,2026-09-17,False,4,4.69,0.217,0.236,8.8,0.7,0.289,0.29,0.5,0.1,stable,263,0.0
6,1.6300000000000001,636,2026-09-17,False,5,4.69,0.159,0.215,35.3,3.1,0.169,0.201,19.0,1.5,stable,264,0.0
6,2.04,643,2026-09-17,False,8,4.69,0.153,0.22,43.9,4.0,0.26,0.293,12.6,1.9,stable,265,0.0
6,4.0,651,2026-09-17,False,7,4.69,0.152,0.207,36.2,3.4,0.316,0.355,12.1,2.3,stable,266,0.0
6,3.96,642,2026-09-17,False,8,4.69,0.176,0.207,17.9,1.7,0.306,0.325,6.0,1.1,stable,267,0.0
6,3.74,636,2026-09-17,False,6,4.69,0.205,0.23,11.7,1.0,0.32,0.319,-0.2,-0.0,stable,268,0.0
6,2.88,650,2026-09-17,False,6,4.69,0.189,0.227,20.2,1.5,0.312,0.336,7.9,1.0,stable,269,0.0
6,2.94,641,2026-09-17,False,7,4.69,0.177,0.241,36.2,3.7,0.166,0.214,28.6,2.6,stable,270,0.0
6,2.2600000000000002,631,2026-09-17,False,3,4.69,0.269,0.288,7.3,0.9,0.108,0.122,13.0,0.6,stable,271,0.0
6,1.12,639,2026-09-17,False,7,4.69,0.125,0.167,33.1,3.0,0.258,0.286,11.0,2.3,stable,272,0.0
6,2.57,642,2026-09-17,False,6,4.69,0.148,0.195,32.0,3.1,0.221,0.251,14.0,1.9,stable,273,0.0
6,3.15,652,2026-09-17,False,5,4.69,0.201,0.201,0.1,0.0,0.332,0.332,-0.1,-0.0,stable,274,0.0
6,0.98,650,2026-09-17,False,4,4.69,0.231,0.247,7.0,0.6,0.29,0.296,2.0,0.2,stable,275,0.0
6,0.65,619,2026-09-17,False,5,4.69,0.306,0.202,-33.9,-2.2,0.344,0.209,-39.3,-3.1,stable,276,0.0
6,0.6900000000000001,626,2026-09-17,False,4,4.69,0.176,0.23,30.7,3.4,0.115,0.154,34.9,2.3,stable,277,0.0
6,0.8,630,2026-09-17,False,5,4.7,0.272,0.287,5.6,0.7,0.064,0.064,-0.4,-0.0,stable,278,0.0
6,1.75,644,2026-09-17,False,4,4.69,0.177,0.225,27.1,2.5,0.203,0.209,2.7,0.3,stable,279,0.0
6,2.37,641,2026-09-17,False,4,4.69,0.217,0.228,5.3,0.4,0.297,0.276,-6.8,-0.7,stable,280,0.0
6,1.27,641,2026-09-17,False,8,4.69,0.311,0.329,5.9,0.5,0.331,0.273,-17.5,-1.7,stable,281,0.0
6,2.39,647,2026-09-17,False,3,4.69,0.229,0.19,-17.0,-0.9,0.359,0.298,-17.2,-1.4,stable,282,0.0
6,3.14,644,2026-09-17,False,6,4.69,0.191,0.172,-10.1,-0.6,0.323,0.216,-33.3,-3.1,stable,283,0.022292993630573247
6,3.12,624,2026-09-17,False,6,4.69,0.06,-0.156,-358.3,-2.7,0.174,-0.191,-210.0,-3.1,severe decline,284,0.47435897435897434
6,2.22,633,2026-09-17,False,8,4.69,0.341,0.33,-3.4,-0.4,0.3,0.245,-18.3,-1.4,stable,285,0.0
6,2.84,640,2026-09-17,False,8,4.69,0.286,0.215,-24.9,-1.7,0.365,0.295,-19.1,-1.6,stable,286,0.0
6,2.93,653,2026-09-17,False,6,4.69,0.185,0.17,-7.8,-0.4,0.366,0.32,-12.6,-1.4,stable,287,0.0
6,1.76,588,2026-09-17,False,8,4.69,0.109,-0.12,-210.2,-4.1,0.072,-0.159,-321.4,-4.0,severe decline,288,0.08522727272727272
6,1.03,606,2026-09-17,False,6,4.69,0.189,0.173,-8.7,-0.5,0.034,0.04,17.1,0.2,stable,289,0.0
6,3.1,615,2026-09-17,False,2,4.69,0.228,0.259,13.7,1.5,0.084,0.07,-17.5,-0.6,stable,290,0.0
6,2.97,645,2026-09-17,False,6,4.69,0.217,0.13,-40.0,-2.5,0.382,0.266,-30.4,-3.3,stable,291,0.013468013468013467
6,2.46,650,2026-09-17,False,8,4.69,0.205,0.188,-8.3,-0.5,0.371,0.315,-14.9,-1.5,stable,292,0.0
6,2.02,606,2026-09-17,False,2,4.69,0.173,0.124,-28.7,-1.3,0.056,0.028,-50.7,-0.8,stable,293,0.0
6,3.49,636,2026-09-17,False,7,4.69,0.266,0.14,-47.2,-3.4,0.374,0.233,-37.7,-3.8,decline,294,0.10028653295128939
6,1.57,651,2026-09-17,False,7,4.69,0.259,0.249,-3.6,-0.3,0.334,0.28,-16.3,-1.5,stable,295,0.0
6,0.6,606,2026-09-17,False,3,4.69,0.164,0.009,-94.3,-2.4,0.124,0.03,-75.8,-2.0,severe decline,296,0.0
6,1.84,628,2026-09-17,False,9,4.69,0.229,0.127,-44.7,-2.8,0.345,0.143,-58.7,-4.6,stable,297,0.14130434782608695
6,1.49,612,2026-09-17,False,5,4.69,0.176,-0.18,-202.0,-5.3,0.169,-0.07,-141.5,-4.7,severe decline,298,0.26174496644295303
7,0.64,669,2026-09-17,False,7,4.69,0.327,0.362,10.6,0.8,0.45,0.447,-0.5,-0.1,stable,299,0.0
7,3.42,673,2026-09-17,False,4,4.69,0.463,0.463,-0.1,-0.0,0.489,0.441,-10.0,-1.0,stable,300,0.0
7,1.02,656,2026-09-17,False,5,4.69,0.489,0.443,-9.4,-1.0,0.494,0.417,-15.6,-1.5,stable,301,0.0
7,1.28,661,2026-09-17,False,5,4.69,0.267,0.326,22.2,1.9,0.274,0.293,6.9,0.6,stable,302,0.0
7,4.0,660,2026-09-17,False,3,4.69,0.408,0.419,2.7,0.3,0.449,0.428,-4.7,-0.5,stable,303,0.0
7,3.66,650,2026-09-17,False,3,4.69,0.345,0.346,0.1,0.0,0.417,0.385,-7.7,-1.0,stable,304,0.0
7,0.8300000000000001,639,2026-09-17,False,4,4.69,0.211,0.24,14.1,1.1,0.367,0.372,1.6,0.2,stable,305,0.0
7,3.18,666,2026-09-17,False,2,4.69,0.216,0.232,7.7,0.6,0.339,0.35,3.0,0.4,stable,306,0.0
7,4.0,656,2026-09-17,False,7,4.69,0.23,0.255,10.7,1.1,0.281,0.301,7.4,0.9,stable,307,0.0
7,4.0,660,2026-09-17,False,4,4.69,0.205,0.244,19.1,2.1,0.368,0.373,1.3,0.3,stable,308,0.0
7,2.54,638,2026-09-17,False,4,4.69,0.261,0.276,5.9,0.6,0.301,0.303,0.6,0.1,stable,309,0.0
7,3.25,662,2026-09-17,False,4,4.69,0.175,0.188,7.3,0.4,0.373,0.358,-3.9,-0.5,stable,310,0.0
7,3.41,658,2026-09-17,False,4,4.69,0.332,0.357,7.5,0.7,0.374,0.37,-1.0,-0.1,stable,311,0.0
7,4.0,668,2026-09-17,False,4,4.69,0.18,0.231,28.5,2.7,0.417,0.436,4.4,1.1,stable,312,0.0
7,3.49,645,2026-09-17,False,3,4.69,0.268,0.304,13.4,1.2,0.368,0.371,0.9,0.1,stable,313,0.0
7,2.9,656,2026-09-17,False,7,4.69,0.221,0.233,5.5,0.4,0.349,0.352,0.8,0.1,stable,314,0.0
7,3.13,662,2026-09-17,False,5,4.69,0.34,0.331,-2.7,-0.2,0.32,0.313,-2.4,-0.2,stable,315,0.0
7,3.41,658,2026-09-17,False,4,4.69,0.235,0.246,4.5,0.4,0.344,0.321,-6.6,-0.8,stable,316,0.0
7,2.71,652,2026-09-17,False,5,4.69,0.248,0.297,19.7,1.6,0.343,0.332,-3.4,-0.4,stable,317,0.025830258302583026
7,1.56,633,2026-09-17,False,5,4.69,0.387,0.385,-0.5,-0.0,0.421,0.389,-7.7,-0.8,stable,318,0.0
7,1.12,646,2026-09-17,False,1,4.69,0.383,0.41,7.1,0.7,0.317,0.312,-1.5,-0.1,stable,319,0.0
7,3.98,653,2026-09-17,False,5,4.69,0.365,0.348,-4.5,-0.4,0.359,0.341,-4.8,-0.5,stable,320,0.0
7,3.72,651,2026-09-17,False,6,4.69,0.345,0.302,-12.5,-1.2,0.378,0.326,-13.8,-1.5,stable,321,0.0
7,1.92,637,2026-09-17,False,6,4.69,0.226,0.244,7.8,0.6,0.331,0.278,-16.0,-1.7,stable,322,0.0
7,2.25,640,2026-09-17,False,7,4.69,0.291,0.266,-8.6,-0.7,0.364,0.303,-16.5,-1.8,stable,323,0.044444444444444446
7,1.03,606,2026-09-17,False,5,4.69,0.463,0.4,-13.5,-1.3,0.417,0.351,-16.0,-1.9,stable,324,0.06796116504854369
7,1.76,648,2026-09-17,False,5,4.69,0.241,0.261,8.3,0.6,0.364,0.362,-0.8,-0.1,stable,325,0.0
7,1.83,644,2026-09-17,False,5,4.69,0.203,0.206,1.6,0.1,0.357,0.33,-7.4,-0.8,stable,326,0.0
7,2.93,639,2026-09-17,False,7,4.69,0.221,0.246,11.3,1.1,0.339,0.351,3.4,0.7,stable,327,0.0
7,1.6600000000000001,624,2026-09-17,False,4,4.7,0.268,0.297,10.5,0.9,0.327,0.319,-2.2,-0.2,stable,328,0.0
7,2.38,641,2026-09-17,False,6,4.69,0.165,0.185,12.4,0.9,0.366,0.383,4.6,1.1,stable,329,0.0
7,1.29,619,2026-09-17,False,5,4.69,0.146,0.183,25.4,1.9,0.36,0.384,6.5,1.4,stable,330,0.0
7,1.03,620,2026-09-17,False,7,4.69,0.158,0.19,20.2,1.7,0.263,0.283,7.6,1.3,stable,331,0.0
7,1.34,624,2026-09-17,False,3,4.69,0.145,0.141,-2.7,-0.3,0.249,0.239,-4.0,-0.6,stable,332,0.0
8,1.84,645,2026-09-17,False,3,4.7,0.417,0.398,-4.6,-0.4,0.353,0.327,-7.5,-0.7,stable,333,0.0
8,2.18,640,2026-09-17,False,5,4.69,0.344,0.389,13.0,1.0,0.391,0.366,-6.5,-0.9,stable,334,0.0
8,2.65,643,2026-09-17,False,7,4.69,0.283,0.338,19.7,1.4,0.43,0.408,-5.0,-0.6,stable,335,0.0
8,3.04,643,2026-09-17,False,4,4.69,0.39,0.404,3.7,0.4,0.418,0.381,-8.9,-1.0,stable,336,0.0
8,2.98,639,2026-09-17,False,3,4.69,0.288,0.303,5.2,0.5,0.364,0.334,-8.3,-1.1,stable,337,0.0
8,2.35,660,2026-09-17,False,6,4.69,0.407,0.27,-33.8,-2.6,0.396,0.275,-30.5,-2.7,stable,338,0.0
8,2.4,609,2026-09-17,False,2,4.69,0.253,0.254,0.2,0.0,0.222,0.227,2.2,0.2,stable,339,0.0
8,2.99,643,2026-09-17,False,5,4.69,0.395,0.414,4.6,0.5,0.374,0.355,-5.1,-0.6,stable,340,0.0
8,3.89,641,2026-09-17,False,6,4.69,0.262,0.337,28.4,1.9,0.442,0.414,-6.3,-0.8,stable,341,0.0
8,2.93,644,2026-09-17,False,10,4.69,0.192,0.254,32.1,1.8,0.423,0.448,6.0,0.9,stable,342,0.0
8,4.0,649,2026-09-17,False,3,4.69,0.433,0.415,-4.0,-0.4,0.372,0.347,-6.7,-0.8,stable,343,0.0
8,3.58,653,2026-09-17,False,3,4.69,0.427,0.389,-8.7,-1.0,0.366,0.333,-9.0,-1.0,stable,344,0.0
8,1.05,625,2026-09-17,False,2,4.69,0.33,0.312,-5.4,-0.7,0.254,0.24,-5.4,-0.5,stable,345,0.0
8,4.0,629,2026-09-17,False,5,4.69,0.306,0.301,-1.7,-0.2,0.374,0.336,-10.1,-1.4,stable,346,0.0
8,4.0,630,2026-09-17,False,4,4.69,0.42,0.43,2.4,0.3,0.384,0.361,-6.1,-0.7,stable,347,0.0
8,3.3200000000000003,633,2026-09-17,False,3,4.69,0.331,0.314,-5.0,-0.5,0.38,0.359,-5.4,-0.7,stable,348,0.0
8,1.3900000000000001,617,2026-09-17,False,4,4.69,0.274,0.269,-1.8,-0.2,0.276,0.26,-5.7,-0.7,stable,349,0.0
8,3.21,625,2026-09-17,False,6,4.69,0.31,0.34,9.7,1.1,0.355,0.347,-2.3,-0.3,stable,350,0.0
8,1.3800000000000001,630,2026-09-17,False,6,4.69,0.312,0.312,0.3,0.0,0.364,0.342,-6.1,-1.0,stable,351,0.0
8,2.38,628,2026-09-17,False,3,4.69,0.264,0.253,-4.2,-0.5,0.267,0.254,-4.9,-0.6,stable,352,0.0
8,3.95,643,2026-09-17,False,2,4.69,0.415,0.418,0.8,0.1,0.358,0.337,-5.8,-0.7,stable,353,0.0
8,1.45,669,2026-09-17,False,4,4.69,0.541,0.529,-2.3,-0.3,0.386,0.363,-5.9,-0.7,stable,354,0.0
8,1.1400000000000001,661,2026-09-17,False,4,4.69,0.48,0.466,-2.9,-0.4,0.373,0.353,-5.2,-0.6,stable,355,0.0
8,0.87,634,2026-09-17,False,4,4.69,0.488,0.43,-12.0,-1.1,0.43,0.364,-15.3,-1.5,stable,356,0.0
8,2.3000000000000003,644,2026-09-17,False,5,4.69,0.473,0.421,-10.9,-1.1,0.41,0.345,-15.7,-1.9,stable,357,0.0
8,2.75,631,2026-09-17,False,5,4.69,0.302,0.296,-1.9,-0.2,0.315,0.285,-9.4,-0.8,stable,358,0.0
8,2.96,621,2026-09-17,False,3,4.69,0.288,0.277,-3.9,-0.4,0.187,0.181,-3.0,-0.2,stable,359,0.0
8,2.32,640,2026-09-17,False,4,4.69,0.424,0.394,-7.2,-0.9,0.35,0.308,-11.8,-1.2,stable,360,0.0
8,2.91,642,2026-09-17,False,5,4.69,0.441,0.44,-0.2,-0.0,0.369,0.337,-8.7,-1.1,stable,361,0.0
8,1.3900000000000001,672,2026-09-17,False,4,4.69,0.507,0.481,-5.1,-0.6,0.389,0.352,-9.3,-1.2,stable,362,0.0
8,0.7000000000000001,628,2026-09-17,False,4,4.69,0.515,0.459,-10.7,-1.1,0.419,0.36,-14.2,-1.5,stable,363,0.0
8,1.16,621,2026-09-17,False,3,4.69,0.457,0.408,-10.5,-0.9,0.448,0.376,-16.1,-1.4,stable,364,0.0
8,0.84,638,2026-09-17,False,3,4.69,0.462,0.414,-10.3,-0.9,0.433,0.367,-15.3,-1.7,stable,365,0.0
9,1.37,662,2026-09-17,False,7,4.69,0.457,0.445,-2.6,-0.3,0.523,0.456,-12.9,-1.7,stable,366,0.0
9,1.1300000000000001,693,2026-09-17,False,5,4.69,0.587,0.543,-7.5,-1.1,0.491,0.421,-14.3,-2.3,stable,367,0.0
9,1.93,684,2026-09-17,False,5,4.69,0.516,0.492,-4.7,-0.6,0.448,0.415,-7.4,-0.9,stable,368,0.0
9,3.84,693,2026-09-17,False,4,4.69,0.595,0.566,-4.9,-0.8,0.461,0.411,-10.9,-1.4,stable,369,0.0
9,3.0500000000000003,687,2026-09-17,False,4,4.69,0.519,0.517,-0.4,-0.1,0.415,0.401,-3.2,-0.4,stable,370,0.0
9,1.83,672,2026-09-17,False,3,4.69,0.488,0.47,-3.8,-0.5,0.388,0.359,-7.5,-0.9,stable,371,0.0
9,0.74,669,2026-09-17,False,4,4.69,0.48,0.489,1.9,0.2,0.399,0.378,-5.3,-0.7,stable,372,0.0
9,2.47,657,2026-09-17,False,6,4.69,0.371,0.381,2.5,0.4,0.305,0.304,-0.1,-0.0,stable,373,0.0
9,1.25,648,2026-09-17,False,6,4.69,0.265,0.272,2.8,0.3,0.305,0.311,1.9,0.3,stable,374,0.0
9,2.42,661,2026-09-17,False,4,4.69,0.457,0.459,0.4,0.1,0.367,0.358,-2.3,-0.3,stable,375,0.0
9,1.46,649,2026-09-17,False,4,4.69,0.399,0.41,2.9,0.4,0.381,0.362,-5.0,-0.7,stable,376,0.0
9,0.9500000000000001,635,2026-09-17,False,3,4.69,0.473,0.48,1.4,0.2,0.341,0.322,-5.5,-0.7,stable,377,0.0
9,3.95,671,2026-09-17,False,3,4.69,0.492,0.497,0.9,0.1,0.382,0.364,-4.7,-0.5,stable,378,0.0
9,2.34,667,2026-09-17,False,4,4.69,0.424,0.423,-0.2,-0.0,0.41,0.38,-7.5,-1.0,stable,379,0.0
9,2.35,661,2026-09-17,False,4,4.69,0.552,0.515,-6.7,-0.9,0.417,0.371,-11.0,-1.5,stable,380,0.0
9,4.0,655,2026-09-17,False,5,4.69,0.419,0.419,0.1,0.0,0.415,0.387,-6.9,-0.9,stable,381,0.0
9,2.87,655,2026-09-17,False,6,4.69,0.362,0.384,6.1,0.7,0.389,0.381,-2.1,-0.3,stable,382,0.0
9,1.79,644,2026-09-17,False,4,4.69,0.377,0.376,-0.3,-0.0,0.362,0.321,-11.3,-1.5,stable,383,0.01675977653631285
9,4.0,640,2026-09-17,False,4,4.69,0.297,0.31,4.5,0.5,0.366,0.353,-3.6,-0.5,stable,384,0.01
9,1.76,631,2026-09-17,False,2,4.69,0.288,0.231,-19.7,-1.6,0.403,0.282,-29.9,-2.9,stable,385,0.26136363636363635
9,3.15,627,2026-09-17,False,1,4.69,0.312,-0.062,-119.9,-5.2,0.343,-0.08,-123.2,-5.0,severe decline,386,0.5206349206349207
9,2.39,611,2026-09-17,False,3,4.69,0.216,-0.005,-102.1,-2.7,0.329,0.128,-61.2,-3.0,severe decline,387,0.21338912133891214
9,3.9,606,2026-09-17,False,2,4.69,0.234,-0.096,-141.0,-3.6,0.41,0.033,-92.0,-3.8,severe decline,388,0.5974358974358974
9,3.27,604,2026-09-17,False,3,4.69,0.144,-0.144,-199.8,-2.9,0.306,-0.164,-153.7,-3.9,severe decline,389,0.6788990825688074
9,3.18,607,2026-09-17,False,1,4.69,0.188,-0.075,-139.8,-2.8,0.33,-0.031,-109.2,-3.0,severe decline,390,0.5754716981132075
9,2.65,597,2026-09-17,False,1,4.69,0.362,-0.076,-121.0,-3.8,0.377,-0.049,-113.0,-3.4,severe decline,391,0.8566037735849057
9,2.59,633,2026-09-17,False,1,4.69,0.187,0.013,-93.2,-4.1,0.205,-0.007,-103.2,-4.7,severe decline,392,0.2857142857142857
9,0.68,646,2026-09-17,False,2,4.69,0.336,0.071,-78.9,-4.2,0.211,0.004,-98.0,-3.8,severe decline,393,0.25
10,2.93,647,2026-09-17,False,6,4.69,0.21,0.24,14.2,1.1,0.308,0.309,0.3,0.0,stable,394,0.0
10,2.92,644,2026-09-17,False,6,4.69,0.241,0.261,8.2,0.8,0.333,0.326,-2.1,-0.2,stable,395,0.0
10,2.84,643,2026-09-17,False,4,4.69,0.3,0.323,7.9,0.7,0.309,0.305,-1.4,-0.1,stable,396,0.0
10,4.0,644,2026-09-17,False,8,4.69,0.263,0.3,13.9,1.3,0.304,0.328,7.8,0.8,stable,397,0.0
10,1.99,644,2026-09-17,False,3,4.69,0.323,0.386,19.5,2.7,0.287,0.298,3.9,0.3,stable,398,0.0
10,1.07,632,2026-09-17,False,3,4.69,0.263,0.305,16.1,1.7,0.275,0.286,3.9,0.3,stable,399,0.0
10,1.41,635,2026-09-17,False,4,4.69,0.394,0.434,10.1,0.9,0.291,0.305,4.7,0.4,stable,400,0.0
10,4.0,641,2026-09-17,False,5,4.69,0.27,0.347,28.4,2.4,0.299,0.34,13.5,1.2,stable,401,0.0
10,2.41,635,2026-09-17,False,6,4.69,0.291,0.313,7.5,0.7,0.324,0.3,-7.4,-0.8,stable,402,0.0
10,3.39,633,2026-09-17,False,8,4.69,0.211,0.288,36.1,3.3,0.248,0.302,21.9,2.3,stable,403,0.0
10,1.18,626,2026-09-17,False,4,4.69,0.234,0.264,12.9,1.4,0.283,0.282,-0.3,-0.0,stable,404,0.0
10,2.54,630,2026-09-17,False,4,4.69,0.268,0.275,2.6,0.2,0.3,0.273,-8.8,-0.8,stable,405,0.0
10,3.6,639,2026-09-17,False,4,4.69,0.455,0.432,-5.0,-0.5,0.341,0.283,-16.9,-1.5,stable,406,0.0
10,3.95,632,2026-09-17,False,5,4.69,0.257,0.279,8.7,0.7,0.323,0.309,-4.4,-0.4,stable,407,0.035443037974683546
10,4.0,641,2026-09-17,False,6,4.69,0.236,0.285,21.0,1.8,0.325,0.342,5.4,0.6,stable,408,0.0
10,1.35,639,2026-09-17,False,4,4.69,0.304,0.336,10.6,1.0,0.322,0.304,-5.6,-0.6,stable,409,0.0
10,1.6,620,2026-09-17,False,4,4.69,0.32,0.221,-30.7,-1.7,0.299,0.22,-26.3,-1.5,stable,410,0.0
10,2.87,646,2026-09-17,False,4,4.69,0.202,0.225,11.4,0.7,0.314,0.354,12.6,1.5,stable,411,0.0
10,3.9,640,2026-09-17,False,4,4.69,0.179,0.181,1.2,0.1,0.297,0.321,8.1,0.8,stable,412,0.05384615384615385
10,0.76,635,2026-09-17,False,1,4.69,0.205,0.091,-55.5,-1.3,0.253,0.134,-46.9,-1.8,stable,413,0.4868421052631579
10,0.61,627,2026-09-17,False,4,4.69,0.097,0.145,50.1,1.1,0.153,0.187,22.5,0.8,stable,414,0.6065573770491803
10,0.92,628,2026-09-17,False,2,4.69,0.225,0.039,-82.8,-2.3,0.218,0.054,-75.4,-2.2,severe decline,415,0.6304347826086957
11,0.8200000000000001,669,2026-09-17,False,3,4.69,0.269,0.285,5.8,0.5,0.319,0.325,1.8,0.2,stable,416,0.0
11,0.65,669,2026-09-17,False,4,4.69,0.304,0.3,-1.2,-0.1,0.324,0.311,-4.1,-0.4,stable,417,0.0
11,0.7000000000000001,663,2026-09-17,False,4,4.69,0.134,0.117,-12.8,-0.8,0.434,0.409,-5.7,-1.2,stable,418,0.0
11,3.3000000000000003,665,2026-09-17,False,6,4.69,0.117,0.143,22.5,1.4,0.342,0.352,2.9,0.7,stable,419,0.0
11,3.24,669,2026-09-17,False,5,4.69,0.139,0.156,12.2,1.0,0.322,0.325,0.9,0.2,stable,420,0.0
11,3.71,668,2026-09-17,False,4,4.69,0.171,0.192,11.9,1.0,0.321,0.33,2.8,0.5,stable,421,0.0
11,3.85,672,2026-09-17,False,6,4.69,0.151,0.18,19.8,1.6,0.309,0.323,4.5,0.7,stable,422,0.0
11,3.7,673,2026-09-17,False,6,4.69,0.225,0.258,14.7,1.3,0.354,0.369,4.3,0.7,stable,423,0.0
11,2.66,669,2026-09-17,False,6,4.69,0.181,0.18,-0.4,-0.0,0.312,0.263,-15.7,-1.6,stable,424,0.007518796992481203
11,2.72,659,2026-09-17,False,6,4.69,0.122,0.13,6.8,0.5,0.324,0.324,-0.0,-0.0,stable,425,0.0
11,3.96,665,2026-09-17,False,7,4.69,0.117,0.131,12.0,0.9,0.332,0.338,1.7,0.4,stable,426,0.0
11,3.25,667,2026-09-17,False,6,4.69,0.133,0.153,14.5,1.1,0.316,0.325,2.8,0.6,stable,427,0.0
11,3.9,667,2026-09-17,False,6,4.69,0.18,0.196,8.4,0.8,0.328,0.321,-2.4,-0.4,stable,428,0.0
11,3.65,666,2026-09-17,False,6,4.69,0.213,0.243,13.9,1.1,0.296,0.301,1.5,0.2,stable,429,0.0
11,3.23,671,2026-09-17,False,7,4.69,0.216,0.233,7.7,0.6,0.314,0.295,-5.7,-0.7,stable,430,0.0
11,0.66,662,2026-09-17,False,1,4.69,0.255,0.179,-29.8,-1.5,0.337,0.208,-38.1,-3.1,stable,431,0.10606060606060606
11,2.05,660,2026-09-17,False,3,4.69,0.219,0.221,0.8,0.1,0.314,0.297,-5.7,-0.8,stable,432,0.0
11,2.36,666,2026-09-17,False,6,4.69,0.174,0.18,3.4,0.3,0.306,0.298,-2.3,-0.4,stable,433,0.0
11,3.22,667,2026-09-17,False,5,4.69,0.203,0.212,4.4,0.4,0.296,0.296,0.0,0.0,stable,434,0.0
11,2.09,667,2026-09-17,False,5,4.69,0.349,0.351,0.5,0.0,0.348,0.313,-10.2,-1.5,stable,435,0.0
11,1.41,669,2026-09-17,False,8,4.69,0.398,0.405,1.6,0.2,0.343,0.331,-3.4,-0.4,stable,436,0.0
12,3.04,678,2026-09-17,False,3,4.69,0.515,0.465,-9.5,-1.2,0.412,0.363,-12.1,-1.6,stable,437,0.0
12,2.64,661,2026-09-17,False,2,4.69,0.318,0.3,-5.7,-0.7,0.391,0.369,-5.7,-0.9,stable,438,0.0
12,3.79,662,2026-09-17,False,2,4.69,0.43,0.384,-10.8,-1.3,0.401,0.362,-9.8,-1.4,stable,439,0.0
12,2.75,639,2026-09-17,False,1,4.69,0.339,0.267,-21.4,-2.0,0.367,0.257,-30.1,-2.8,stable,440,0.09090909090909091
12,3.5700000000000003,657,2026-09-17,False,4,4.69,0.49,0.449,-8.3,-1.2,0.377,0.332,-11.9,-1.8,stable,441,0.0
12,2.58,667,2026-09-17,False,4,4.69,0.534,0.493,-7.6,-1.1,0.405,0.353,-12.8,-1.7,stable,442,0.0
12,1.8800000000000001,663,2026-09-17,False,3,4.69,0.342,0.299,-12.4,-1.4,0.384,0.337,-12.1,-1.6,stable,443,0.0
12,4.0,638,2026-09-17,False,4,4.69,0.291,0.235,-19.0,-1.4,0.389,0.31,-20.3,-2.2,stable,444,0.0775
12,3.72,652,2026-09-17,False,5,4.69,0.403,0.324,-19.6,-2.3,0.398,0.325,-18.4,-2.5,stable,445,0.0
12,3.02,671,2026-09-17,False,5,4.69,0.557,0.475,-14.7,-2.2,0.377,0.285,-24.4,-3.4,stable,446,0.0
12,1.75,669,2026-09-17,False,4,4.69,0.565,0.515,-8.8,-1.3,0.409,0.346,-15.4,-2.2,stable,447,0.0
12,2.47,647,2026-09-17,False,4,4.69,0.318,0.185,-41.6,-2.8,0.354,0.238,-32.6,-2.6,stable,448,0.0
12,3.13,654,2026-09-17,False,6,4.69,0.256,0.259,0.8,0.1,0.385,0.351,-8.8,-1.2,stable,449,0.006389776357827476
12,4.0,630,2026-09-17,False,5,4.69,0.209,-0.093,-144.6,-4.6,0.454,0.003,-99.3,-5.0,severe decline,450,0.21
12,3.44,633,2026-09-17,False,7,4.69,0.287,-0.079,-127.5,-4.5,0.374,-0.022,-105.9,-4.4,severe decline,451,0.1511627906976744
12,0.73,633,2026-09-17,False,3,4.69,0.24,-0.006,-102.4,-5.4,0.246,-0.005,-102.1,-5.8,severe decline,452,0.0273972602739726
12,0.9,628,2026-09-17,False,5,4.69,0.241,0.26,7.6,0.7,0.077,0.124,60.7,1.6,stable,453,0.0
12,1.04,633,2026-09-17,False,3,4.69,0.201,-0.058,-129.1,-4.2,0.361,-0.047,-113.0,-4.4,severe decline,454,0.2980769230769231
12,3.04,637,2026-09-17,False,2,4.69,0.245,-0.003,-101.3,-4.1,0.242,0.007,-97.2,-3.8,severe decline,455,0.4144736842105263
12,0.99,649,2026-09-17,False,3,4.69,0.197,-0.023,-111.9,-4.1,0.252,-0.053,-121.1,-4.5,severe decline,456,0.29292929292929293
13,2.22,641,2026-09-17,False,3,4.69,0.327,0.306,-6.5,-0.5,0.303,0.277,-8.8,-0.8,stable,457,0.0
13,2.05,623,2026-09-17,False,3,4.69,0.314,0.322,2.6,0.2,0.277,0.262,-5.4,-0.5,stable,458,0.0
13,1.99,644,2026-09-17,False,5,4.69,0.285,0.271,-5.2,-0.4,0.297,0.273,-8.1,-0.7,stable,459,0.0
13,3.5700000000000003,631,2026-09-17,False,5,4.69,0.274,0.322,17.6,1.6,0.28,0.265,-5.4,-0.5,stable,460,0.0
13,1.16,627,2026-09-17,False,4,4.69,0.32,0.353,10.3,0.9,0.25,0.258,3.2,0.3,stable,461,0.0
13,1.33,643,2026-09-17,False,3,4.69,0.249,0.322,29.7,2.4,0.312,0.359,14.9,1.6,stable,462,0.0
13,1.06,642,2026-09-17,False,2,4.69,0.343,0.362,5.4,0.4,0.344,0.317,-8.1,-0.9,stable,463,0.0
13,2.49,641,2026-09-17,False,6,4.69,0.308,0.299,-2.9,-0.3,0.299,0.266,-11.2,-1.1,stable,464,0.0
13,3.85,648,2026-09-17,False,4,4.69,0.386,0.376,-2.7,-0.3,0.335,0.291,-13.2,-1.4,stable,465,0.0
13,3.97,648,2026-09-17,False,3,4.69,0.437,0.443,1.2,0.1,0.338,0.315,-7.0,-0.7,stable,466,0.0
13,3.97,647,2026-09-17,False,4,4.69,0.229,0.295,28.9,2.7,0.307,0.346,12.6,1.3,stable,467,0.0
13,3.14,638,2026-09-17,False,4,4.69,0.251,0.284,13.0,1.4,0.312,0.31,-0.6,-0.1,stable,468,0.0
13,3.2,649,2026-09-17,False,6,4.69,0.42,0.393,-6.4,-0.6,0.37,0.328,-11.4,-1.1,stable,469,0.0
13,3.89,638,2026-09-17,False,7,4.69,0.33,0.297,-10.2,-0.9,0.388,0.341,-12.0,-1.2,stable,470,0.0
13,3.22,642,2026-09-17,False,4,4.69,0.269,0.319,18.8,2.1,0.327,0.326,-0.2,-0.0,stable,471,0.0
13,0.61,635,2026-09-17,False,9,4.69,0.305,0.315,3.3,0.3,0.338,0.305,-9.9,-1.0,stable,472,0.0
13,2.39,645,2026-09-17,False,5,4.69,0.257,0.273,6.0,0.6,0.311,0.294,-5.6,-0.6,stable,473,0.0
13,1.71,647,2026-09-17,False,4,4.69,0.28,0.31,10.7,1.1,0.334,0.329,-1.7,-0.2,stable,474,0.0
14,2.8000000000000003,682,2026-09-17,False,10,4.69,0.126,0.159,26.2,1.8,0.395,0.427,8.3,1.6,stable,475,0.0
14,2.63,678,2026-09-17,False,8,4.69,0.135,0.179,32.6,2.2,0.416,0.44,5.9,1.5,stable,476,0.0
14,2.05,670,2026-09-17,False,3,4.69,0.261,0.339,29.6,2.7,0.394,0.382,-3.0,-0.4,stable,477,0.0
14,2.21,656,2026-09-17,False,5,4.69,0.275,0.3,9.1,0.9,0.415,0.407,-1.8,-0.3,stable,478,0.0
14,2.38,660,2026-09-17,False,4,4.69,0.252,0.301,19.5,2.1,0.45,0.463,2.8,0.6,stable,479,0.0
14,2.45,658,2026-09-17,False,5,4.69,0.354,0.388,9.7,1.0,0.442,0.43,-2.7,-0.4,stable,480,0.0
14,1.41,652,2026-09-17,False,9,4.69,0.506,0.467,-7.6,-0.9,0.503,0.43,-14.4,-1.5,stable,481,0.0
14,2.13,684,2026-09-17,False,7,4.69,0.13,0.186,42.4,2.9,0.417,0.447,7.2,1.4,stable,482,0.0
14,2.7800000000000002,678,2026-09-17,False,7,4.69,0.141,0.187,32.3,2.5,0.408,0.427,4.7,1.3,stable,483,0.0
14,3.18,671,2026-09-17,False,5,4.69,0.227,0.268,18.1,2.0,0.384,0.388,1.0,0.1,stable,484,0.0
14,1.06,668,2026-09-17,False,6,4.69,0.231,0.247,7.4,0.6,0.412,0.383,-6.9,-0.9,stable,485,0.04716981132075472
14,1.1300000000000001,660,2026-09-17,False,9,4.69,0.23,0.275,19.3,1.8,0.412,0.43,4.2,0.7,stable,486,0.0
14,4.0,661,2026-09-17,False,4,4.69,0.309,0.334,8.2,0.8,0.438,0.433,-1.2,-0.2,stable,487,0.0
14,2.91,659,2026-09-17,False,3,4.69,0.446,0.427,-4.2,-0.4,0.478,0.424,-11.3,-1.2,stable,488,0.0
14,1.61,664,2026-09-17,False,4,4.69,0.206,0.21,1.9,0.1,0.387,0.348,-10.0,-1.2,stable,489,0.0
14,3.24,657,2026-09-17,False,5,4.69,0.182,0.196,7.9,0.6,0.349,0.326,-6.6,-0.9,stable,490,0.030864197530864196
14,1.85,660,2026-09-17,False,4,4.69,0.334,0.299,-10.5,-0.9,0.432,0.371,-14.2,-1.6,stable,491,0.0
15,1.47,633,2026-09-17,False,6,4.7,0.321,0.333,3.5,0.3,0.385,0.32,-16.9,-2.0,stable,492,0.0
15,2.5100000000000002,639,2026-09-17,False,5,4.69,0.252,0.305,20.6,1.7,0.326,0.345,6.0,0.7,stable,493,0.0
15,2.67,631,2026-09-17,False,2,4.7,0.297,0.275,-7.5,-0.7,0.363,0.315,-13.2,-1.7,stable,494,0.0
15,2.88,646,2026-09-17,False,3,4.7,0.379,0.36,-4.9,-0.5,0.377,0.338,-10.3,-1.3,stable,495,0.0
15,3.36,629,2026-09-17,False,4,4.69,0.322,0.319,-0.8,-0.1,0.343,0.321,-6.3,-0.8,stable,496,0.0
15,4.0,637,2026-09-17,False,4,4.7,0.431,0.399,-7.3,-0.9,0.368,0.325,-11.7,-1.5,stable,497,0.0
15,1.27,637,2026-09-17,False,4,4.69,0.228,0.239,4.9,0.5,0.341,0.331,-2.9,-0.4,stable,498,0.0
15,3.42,627,2026-09-17,False,2,4.7,0.368,0.355,-3.5,-0.4,0.363,0.33,-8.9,-1.1,stable,499,0.0
15,3.8000000000000003,635,2026-09-17,False,2,4.69,0.278,0.285,2.4,0.2,0.352,0.345,-2.1,-0.3,stable,500,0.0
15,0.71,632,2026-09-17,False,4,4.69,0.232,0.234,0.8,0.1,0.339,0.336,-1.1,-0.2,stable,501,0.0
15,0.8300000000000001,635,2026-09-17,False,4,4.69,0.266,0.278,4.4,0.5,0.273,0.281,3.0,0.3,stable,502,0.0
15,2.74,631,2026-09-17,False,3,4.69,0.272,0.272,0.0,0.0,0.317,0.308,-3.0,-0.3,stable,503,0.0
15,3.5100000000000002,648,2026-09-17,False,8,4.69,0.193,0.212,10.0,1.0,0.338,0.342,1.1,0.2,stable,504,0.0
15,0.62,623,2026-09-17,False,4,4.69,0.241,0.265,10.1,0.9,0.214,0.238,11.0,1.0,stable,505,0.0
15,2.27,637,2026-09-17,False,9,4.69,0.172,0.183,6.3,0.5,0.34,0.311,-8.5,-1.2,stable,506,0.0
15,3.23,636,2026-09-17,False,8,4.69,0.183,0.167,-8.8,-0.6,0.308,0.277,-10.1,-1.4,stable,507,0.0
16,0.93,660,2026-09-17,False,3,4.69,0.324,0.283,-12.7,-1.3,0.291,0.242,-17.0,-1.5,stable,508,0.0
16,1.1,656,2026-09-17,False,4,4.69,0.235,0.246,4.7,0.4,0.246,0.202,-17.9,-1.5,stable,509,0.0
16,1.3900000000000001,661,2026-09-17,False,3,4.69,0.293,0.313,6.7,0.6,0.324,0.288,-11.1,-1.3,stable,510,0.0
16,1.85,660,2026-09-17,False,3,4.69,0.275,0.301,9.4,0.9,0.302,0.279,-7.4,-0.8,stable,511,0.0
16,1.34,663,2026-09-17,False,4,4.69,0.221,0.236,6.8,0.6,0.264,0.236,-10.5,-0.9,stable,512,0.0
16,4.0,654,2026-09-17,False,5,4.69,0.155,0.193,24.8,1.4,0.245,0.172,-29.8,-2.1,stable,513,0.0
16,2.99,653,2026-09-17,False,6,4.69,0.168,0.201,20.1,1.3,0.267,0.264,-1.3,-0.1,stable,514,0.0
16,3.2800000000000002,651,2026-09-17,False,5,4.69,0.191,0.256,34.2,2.7,0.229,0.283,23.2,2.1,stable,515,0.0
16,1.1400000000000001,657,2026-09-17,False,4,4.69,0.423,0.42,-0.8,-0.1,0.314,0.288,-8.2,-0.9,stable,516,0.0
16,1.82,655,2026-09-17,False,5,4.69,0.137,0.167,22.0,1.1,0.202,0.17,-15.5,-1.2,stable,517,0.0
16,3.73,651,2026-09-17,False,5,4.69,0.151,0.183,20.9,1.1,0.249,0.187,-24.8,-1.9,stable,518,0.0
16,4.0,653,2026-09-17,False,3,4.69,0.29,0.31,6.9,0.6,0.302,0.322,6.7,0.7,stable,519,0.0
16,2.21,652,2026-09-17,False,4,4.69,0.221,0.262,18.7,1.4,0.244,0.273,12.1,1.2,stable,520,0.0
16,1.52,654,2026-09-17,False,6,4.69,0.18,0.23,28.1,1.8,0.173,0.202,17.2,1.1,stable,521,0.0
16,3.93,652,2026-09-17,False,10,4.69,0.25,0.293,17.2,1.5,0.211,0.234,10.9,0.7,stable,522,0.0
16,3.15,650,2026-09-17,False,2,4.69,0.288,0.318,10.4,1.1,0.272,0.295,8.3,0.8,stable,523,0.0
16,0.76,642,2026-09-17,False,3,4.69,0.165,0.215,30.0,2.2,0.248,0.28,12.9,1.3,stable,524,0.0
17,2.7600000000000002,636,2026-09-17,False,5,4.69,0.239,0.261,9.2,0.9,0.369,0.371,0.7,0.1,stable,525,0.0
17,3.5,641,2026-09-17,False,2,4.69,0.288,0.27,-6.1,-0.6,0.363,0.331,-8.9,-1.2,stable,526,0.0
17,1.49,632,2026-09-17,False,3,4.69,0.354,0.303,-14.4,-1.4,0.368,0.31,-15.6,-1.8,stable,527,0.0
17,2.66,621,2026-09-17,False,6,4.69,0.262,0.295,12.6,1.0,0.377,0.386,2.4,0.3,stable,528,0.0
17,1.73,648,2026-09-17,False,5,4.69,0.187,0.261,39.5,3.5,0.395,0.451,14.2,2.8,stable,529,0.0
17,3.08,624,2026-09-17,False,3,4.69,0.261,0.281,7.8,0.9,0.379,0.379,-0.1,-0.0,stable,530,0.0
17,1.57,638,2026-09-17,False,3,4.69,0.341,0.317,-6.9,-0.7,0.377,0.333,-11.7,-1.6,stable,531,0.0
17,1.83,634,2026-09-17,False,5,4.69,0.261,0.329,26.0,2.0,0.363,0.391,7.7,0.8,stable,532,0.0
17,3.7,624,2026-09-17,False,5,4.69,0.26,0.301,15.8,1.3,0.396,0.412,4.1,0.5,stable,533,0.0
17,3.99,640,2026-09-17,False,8,4.69,0.272,0.28,3.3,0.4,0.371,0.366,-1.5,-0.3,stable,534,0.0
17,1.16,646,2026-09-17,False,6,4.69,0.409,0.373,-8.8,-0.9,0.395,0.355,-10.3,-1.4,stable,535,0.0
17,2.48,614,2026-09-17,False,4,4.69,0.3,0.329,9.7,0.8,0.359,0.351,-2.3,-0.2,stable,536,0.0
17,3.99,618,2026-09-17,False,6,4.69,0.33,0.337,2.1,0.2,0.392,0.38,-3.0,-0.3,stable,537,0.0
17,1.95,637,2026-09-17,False,7,4.69,0.304,0.304,0.2,0.0,0.397,0.374,-5.7,-0.9,stable,538,0.0
18,1.18,649,2026-09-17,False,4,4.69,0.377,0.342,-9.3,-1.3,0.23,0.203,-11.4,-1.0,stable,539,0.0
18,0.93,649,2026-09-17,False,5,4.69,0.32,0.308,-3.6,-0.5,0.424,0.396,-6.6,-0.9,stable,540,0.0
18,1.86,693,2026-09-17,False,3,4.69,0.564,0.527,-6.5,-0.9,0.387,0.348,-10.1,-1.3,stable,541,0.0
18,2.82,656,2026-09-17,False,7,4.69,0.277,0.285,2.9,0.5,0.274,0.28,2.1,0.3,stable,542,0.0
18,3.99,670,2026-09-17,False,6,4.69,0.242,0.244,1.0,0.1,0.457,0.453,-0.8,-0.2,stable,543,0.0
18,0.8200000000000001,667,2026-09-17,False,4,4.69,0.279,0.278,-0.4,-0.0,0.389,0.377,-3.3,-0.6,stable,544,0.0
18,1.82,657,2026-09-17,False,5,4.69,0.402,0.391,-2.8,-0.3,0.332,0.334,0.7,0.1,stable,545,0.0
18,3.2,649,2026-09-17,False,4,4.69,0.262,0.279,6.5,0.9,0.289,0.305,5.7,0.7,stable,546,0.0
18,3.9,667,2026-09-17,False,5,4.69,0.246,0.246,-0.2,-0.0,0.386,0.369,-4.4,-1.0,stable,547,0.0
18,3.18,671,2026-09-17,False,4,4.69,0.238,0.241,0.9,0.1,0.417,0.41,-1.7,-0.5,stable,548,0.0
18,2.27,658,2026-09-17,False,5,4.69,0.262,0.254,-3.1,-0.3,0.383,0.351,-8.4,-1.4,stable,549,0.030837004405286344
18,4.0,664,2026-09-17,False,3,4.69,0.246,0.222,-9.8,-0.8,0.385,0.291,-24.5,-2.0,stable,550,0.295
18,0.72,659,2026-09-17,False,5,4.69,0.206,0.213,3.4,0.3,0.419,0.394,-6.1,-1.0,stable,551,0.09722222222222222
18,1.27,624,2026-09-17,False,3,4.69,0.229,-0.015,-106.7,-2.4,0.322,-0.013,-104.0,-2.7,severe decline,552,0.6377952755905512
18,3.13,646,2026-09-17,False,3,4.69,0.225,-0.024,-110.7,-1.8,0.326,0.082,-74.9,-2.0,severe decline,553,0.8913738019169329
18,0.66,627,2026-09-17,False,2,4.69,0.208,-0.3,-243.9,-4.9,0.217,-0.156,-171.7,-4.9,severe decline,554,0.19696969696969696
19,1.35,641,2026-09-17,False,4,4.69,0.114,0.205,78.9,4.6,0.215,0.268,24.8,3.1,improving,555,0.0
19,3.25,635,2026-09-17,False,5,4.69,0.379,0.427,12.8,1.0,0.309,0.302,-2.1,-0.2,stable,556,0.0
19,3.37,642,2026-09-17,False,5,4.69,0.15,0.235,56.4,4.1,0.214,0.266,24.2,2.4,stable,557,0.0
19,3.24,661,2026-09-17,False,6,4.7,0.558,0.501,-10.2,-1.1,0.357,0.293,-18.0,-1.5,stable,558,0.0
19,4.0,643,2026-09-17,False,5,4.69,0.387,0.399,3.3,0.3,0.348,0.313,-9.9,-0.9,stable,559,0.0
19,2.8000000000000003,647,2026-09-17,False,4,4.69,0.172,0.265,53.5,3.6,0.291,0.314,7.9,1.2,stable,560,0.0
19,1.4000000000000001,648,2026-09-17,False,5,4.7,0.438,0.354,-19.3,-1.4,0.346,0.241,-30.2,-1.8,stable,561,0.0
19,2.38,646,2026-09-17,False,7,4.69,0.476,0.445,-6.6,-0.6,0.36,0.313,-13.2,-1.4,stable,562,0.0
19,3.63,650,2026-09-17,False,6,4.69,0.159,0.22,38.1,2.7,0.25,0.286,14.5,1.5,stable,563,0.0
19,1.58,650,2026-09-17,False,5,4.69,0.122,0.225,84.3,5.6,0.284,0.346,21.8,3.9,improving,564,0.0
19,3.39,643,2026-09-17,False,4,4.69,0.114,0.209,82.9,5.0,0.213,0.268,25.9,4.2,improving,565,0.0
19,1.17,611,2026-09-17,False,5,4.69,0.168,0.236,40.8,2.9,0.06,0.12,100.2,2.4,stable,566,0.0
20,2.0300000000000002,644,2026-09-17,False,5,4.69,0.218,0.224,2.8,0.2,0.253,0.207,-18.2,-1.1,stable,567,0.09359605911330049
20,1.1400000000000001,637,2026-09-17,False,9,4.69,0.168,0.229,36.5,2.3,0.095,0.126,32.8,1.3,stable,568,0.0
20,1.06,650,2026-09-17,False,2,4.69,0.218,0.256,17.2,1.3,0.249,0.246,-0.9,-0.1,stable,569,0.0
20,2.67,644,2026-09-17,False,4,4.69,0.203,0.216,6.3,0.5,0.229,0.165,-27.8,-1.9,stable,570,0.02247191011235955
20,4.0,639,2026-09-17,False,6,4.69,0.201,0.251,24.9,1.9,0.158,0.164,3.9,0.2,stable,571,0.04
20,3.59,636,2026-09-17,False,4,4.69,0.169,0.22,30.4,2.1,0.12,0.119,-1.2,-0.1,stable,572,0.0
20,1.43,642,2026-09-17,False,5,4.69,0.166,0.182,10.1,0.7,0.218,0.143,-34.5,-2.3,stable,573,0.0
20,3.21,640,2026-09-17,False,8,4.69,0.278,0.293,5.5,0.7,0.2,0.205,2.8,0.2,stable,574,0.0
20,1.85,630,2026-09-17,False,4,4.69,0.223,0.261,16.8,1.5,0.143,0.153,6.8,0.4,stable,575,0.0
20,2.58,633,2026-09-17,False,3,4.69,0.188,0.247,31.0,2.1,0.206,0.177,-14.1,-0.9,stable,576,0.050387596899224806
20,1.3,648,2026-09-17,False,7,4.69,0.19,0.212,11.2,0.9,0.184,0.199,8.4,0.7,stable,577,0.0
20,2.02,633,2026-09-17,False,4,4.69,0.319,0.312,-2.0,-0.2,0.237,0.231,-2.3,-0.2,stable,578,0.0
20,2.07,634,2026-09-17,False,2,4.69,0.243,0.212,-12.7,-1.1,0.279,0.178,-36.1,-2.9,stable,579,0.06763285024154589
21,2.96,637,2026-09-17,False,2,4.69,0.229,0.248,8.5,0.8,0.319,0.3,-6.1,-0.7,stable,580,0.0
21,4.0,641,2026-09-17,False,2,4.69,0.225,0.258,14.5,1.3,0.355,0.343,-3.3,-0.3,stable,581,0.0
21,4.0,640,2026-09-17,False,7,4.69,0.095,0.12,26.0,1.6,0.314,0.287,-8.4,-1.2,stable,582,0.0
21,0.97,617,2026-09-17,False,4,4.69,0.151,0.201,33.2,2.9,0.131,0.171,30.2,2.4,stable,583,0.0
21,1.46,644,2026-09-17,False,3,4.7,0.463,0.439,-5.1,-0.5,0.422,0.379,-10.1,-1.1,stable,584,0.0
21,3.71,652,2026-09-17,False,4,4.7,0.485,0.454,-6.3,-0.7,0.419,0.369,-11.8,-1.3,stable,585,0.0
21,3.81,629,2026-09-17,False,2,4.69,0.332,0.352,6.0,0.5,0.374,0.327,-12.4,-1.1,stable,586,0.01837270341207349
21,0.78,638,2026-09-17,False,6,4.69,0.121,0.173,42.5,2.3,0.362,0.348,-4.0,-0.6,stable,587,0.0
22,1.3900000000000001,674,2026-09-17,False,3,4.69,0.465,0.439,-5.6,-0.7,0.38,0.352,-7.5,-0.9,stable,588,0.0
22,1.0,636,2026-09-17,False,7,4.69,0.402,0.285,-29.1,-2.8,0.403,0.348,-13.7,-1.3,stable,589,0.0
22,2.79,678,2026-09-17,False,6,4.69,0.502,0.383,-23.7,-3.1,0.382,0.325,-14.8,-1.7,stable,590,0.0
22,3.39,685,2026-09-17,False,5,4.69,0.614,0.588,-4.3,-0.6,0.389,0.357,-8.3,-0.9,stable,591,0.0
22,3.15,684,2026-09-17,False,5,4.69,0.613,0.575,-6.2,-0.8,0.406,0.365,-10.1,-1.2,stable,592,0.0
22,3.4,683,2026-09-17,False,4,4.69,0.659,0.632,-4.1,-0.6,0.407,0.374,-8.2,-1.0,stable,593,0.0
22,0.9400000000000001,668,2026-09-17,False,4,4.69,0.495,0.411,-16.9,-1.8,0.382,0.329,-13.9,-1.5,stable,594,0.0
22,3.0,660,2026-09-17,False,4,4.69,0.446,0.368,-17.5,-1.7,0.367,0.326,-11.2,-1.0,stable,595,0.0
22,1.95,657,2026-09-17,False,4,4.69,0.368,0.263,-28.4,-2.3,0.359,0.315,-12.4,-1.1,stable,596,0.0
23,1.95,641,2026-09-17,False,6,4.69,0.294,0.332,13.1,1.3,0.316,0.328,3.8,0.5,stable,597,0.0
23,1.85,640,2026-09-17,False,9,4.69,0.256,0.294,14.8,1.3,0.341,0.355,4.0,0.6,stable,598,0.0
23,1.37,630,2026-09-17,False,3,4.7,0.399,0.406,1.7,0.2,0.326,0.317,-2.6,-0.3,stable,599,0.0
23,3.36,650,2026-09-17,False,3,4.7,0.515,0.478,-7.2,-0.8,0.356,0.31,-12.8,-1.3,stable,600,0.0
23,1.1300000000000001,633,2026-09-17,False,4,4.7,0.409,0.411,0.4,0.0,0.362,0.342,-5.5,-0.6,stable,601,0.0
23,1.37,641,2026-09-17,False,4,4.7,0.522,0.444,-15.0,-1.6,0.343,0.271,-20.8,-2.0,stable,602,0.0
23,3.21,634,2026-09-17,False,5,4.69,0.261,0.267,2.2,0.2,0.292,0.29,-0.6,-0.1,stable,603,0.0
23,1.6400000000000001,637,2026-09-17,False,2,4.69,0.302,0.315,4.5,0.4,0.313,0.304,-3.0,-0.3,stable,604,0.0
23,1.58,641,2026-09-17,False,5,4.69,0.151,0.185,22.5,2.1,0.239,0.266,11.2,1.6,stable,605,0.0
23,0.9400000000000001,629,2026-09-17,False,3,4.69,0.302,0.321,6.3,0.5,0.234,0.214,-8.5,-0.6,stable,606,0.0
24,1.54,632,2026-09-17,False,7,4.69,0.21,0.226,7.7,0.6,0.356,0.326,-8.2,-1.1,stable,607,0.0
24,2.22,626,2026-09-17,False,4,4.69,0.196,0.224,14.2,1.2,0.271,0.262,-3.0,-0.3,stable,608,0.0
24,2.67,616,2026-09-17,True,5,4.69,0.187,0.233,25.1,1.9,0.228,0.24,5.1,0.5,stable,609,0.0
24,1.28,608,2026-09-17,True,6,4.69,0.182,0.249,36.4,2.8,0.174,0.208,19.8,1.6,stable,610,0.0
24,1.53,591,2026-09-17,False,4,4.69,0.235,0.248,5.8,0.5,0.151,0.165,9.1,0.4,stable,611,0.0
24,3.45,613,2026-09-17,False,2,4.69,0.266,0.298,11.9,0.9,0.035,0.071,102.3,0.9,stable,612,0.0
24,2.61,618,2026-09-17,False,5,4.7,0.235,0.279,18.6,1.3,-0.024,-0.009,64.7,0.5,stable,613,0.0
25,2.22,650,2026-09-17,False,3,4.7,0.582,0.183,-68.6,-4.4,0.352,0.073,-79.2,-4.6,severe decline,614,0.09009009009009009
25,2.89,646,2026-09-17,False,5,4.7,0.522,0.39,-25.3,-2.2,0.313,0.194,-37.9,-2.5,stable,615,0.09688581314878893
25,1.17,642,2026-09-17,False,5,4.7,0.425,0.376,-11.6,-1.1,0.263,0.177,-32.6,-2.4,stable,616,0.0
25,2.39,669,2026-09-17,False,5,4.7,0.613,0.548,-10.7,-1.1,0.333,0.261,-21.5,-1.6,stable,617,0.0
25,2.91,643,2026-09-17,False,5,4.7,0.552,0.516,-6.4,-0.6,0.332,0.27,-18.7,-1.4,stable,618,0.0
25,3.04,655,2026-09-17,False,5,4.7,0.635,0.579,-8.8,-1.0,0.353,0.288,-18.3,-1.4,stable,619,0.0
25,1.61,649,2026-09-17,False,6,4.7,0.583,0.527,-9.6,-1.1,0.341,0.272,-20.3,-1.7,stable,620,0.0
