cell,start,end,days,min_z_comp
1,2022-01-31,2022-02-15,15,-1.86
1,2022-11-09,2022-12-02,23,-1.96
1,2023-01-16,2023-01-31,15,-2.06
1,2023-04-28,2023-11-02,188,-4.45
1,2023-12-09,2023-12-09,0,-2.25
1,2025-01-12,2025-01-27,15,-10.48
1,2025-11-21,2025-11-26,5,-2.04
1,2026-02-14,2026-02-14,0,-3.37
1,2026-03-28,2026-04-07,10,-4.59
2,2022-02-02,2022-02-02,0,-1.7
2,2022-11-24,2022-12-07,13,-1.62
2,2023-05-26,2023-12-17,205,-3.92
2,2024-12-16,2025-01-15,30,-6.59
2,2025-11-21,2025-11-26,5,-1.42
2,2026-03-28,2026-04-17,20,-2.63
3,2022-01-26,2022-02-20,25,-2.98
3,2022-07-15,2022-07-22,7,-1.3
3,2022-12-07,2022-12-07,0,-1.93
3,2023-05-13,2024-01-21,253,-6.11
3,2025-01-12,2025-01-15,3,-6.43
3,2025-12-06,2025-12-13,7,-1.97
4,2023-07-27,2023-11-02,98,-3.65
4,2025-02-01,2025-04-22,80,-1.63
4,2025-11-11,2025-12-23,42,-1.96
5,2022-02-02,2022-02-02,0,-1.35
5,2023-06-07,2023-11-29,175,-4.29
5,2025-12-06,2026-01-02,27,-2.47
6,2023-02-15,2024-02-22,372,-5.29
6,2025-01-12,2025-01-27,15,-4.09
6,2026-02-01,2026-02-14,13,-1.65
7,2023-03-12,2024-01-23,317,-6.45
7,2025-01-12,2025-01-15,3,-2.37
7,2026-02-04,2026-02-14,10,-1.97
7,2026-04-07,2026-04-07,0,-2.25
8,2023-06-30,2023-12-09,162,-4.44
8,2025-01-12,2025-01-15,3,-6.7
8,2026-04-07,2026-04-07,0,-1.59
9,2023-09-28,2023-10-08,10,-1.45
9,2024-10-29,2025-07-24,268,-2.91
9,2025-11-13,2025-11-28,15,-1.8
9,2026-01-02,2026-01-05,3,-1.52
10,2022-07-22,2022-07-22,0,-1.31
10,2023-09-23,2023-10-08,15,-1.85
10,2024-11-26,2024-11-26,0,-1.33
10,2025-01-05,2025-06-26,172,-2.55
10,2025-11-11,2025-12-23,42,-1.81
11,2023-06-10,2023-10-13,125,-2.53
11,2025-04-25,2025-04-30,5,-1.56
11,2025-11-11,2025-12-23,42,-1.94
11,2026-09-07,2026-09-07,0,-1.53
12,2023-06-10,2023-06-10,0,-1.42
12,2023-09-28,2023-10-08,10,-1.8
12,2024-12-06,2025-05-25,170,-2.22
12,2025-09-04,2025-09-04,0,-1.58
12,2025-12-10,2025-12-13,3,-1.44
13,2023-06-10,2024-04-12,307,-6.79
13,2024-12-11,2024-12-11,0,-2.29
13,2025-01-12,2025-01-27,15,-2.28
13,2026-03-28,2026-04-07,10,-1.33
14,2022-02-02,2022-02-02,0,-1.71
14,2023-02-12,2024-01-01,323,-4.9
14,2025-01-12,2025-01-20,8,-2.5
14,2026-03-28,2026-04-07,10,-2.14
15,2022-12-07,2022-12-07,0,-2.52
15,2023-01-31,2023-10-25,267,-7.62
15,2026-04-07,2026-04-07,0,-1.61
16,2022-01-26,2022-02-12,17,-1.54
16,2022-11-17,2022-12-02,15,-1.8
16,2023-03-12,2023-03-22,10,-2.09
16,2023-04-28,2023-05-26,28,-2.96
16,2023-06-27,2024-01-11,198,-5.06
17,2023-02-15,2023-10-08,235,-7.85
17,2025-01-12,2025-01-20,8,-2.97
17,2025-10-19,2026-02-21,125,-1.93
17,2026-04-07,2026-04-07,0,-1.52
17,2026-08-07,2026-08-10,3,-1.36
18,2024-11-08,2025-08-23,288,-2.55
18,2025-11-06,2025-12-23,47,-2.28
19,2023-09-30,2023-10-03,3,-1.48
19,2024-11-16,2025-07-26,252,-2.86
19,2025-11-08,2025-12-23,45,-1.86
20,2022-05-13,2022-05-31,18,-1.44
20,2023-06-30,2024-02-27,242,-5.08
20,2024-04-05,2024-04-12,7,-1.41
21,2024-10-29,2025-09-24,330,-2.9
21,2025-11-11,2025-12-13,32,-1.65
22,2022-07-22,2022-07-25,3,-1.45
22,2023-05-13,2024-04-20,343,-9.18
22,2024-11-28,2025-01-27,60,-2.69
23,2022-07-15,2022-07-15,0,-1.54
23,2023-05-13,2024-04-20,343,-8.9
23,2024-11-28,2025-01-27,60,-3.51
23,2026-03-28,2026-04-07,10,-2.31
24,2023-01-21,2023-02-07,17,-2.27
24,2023-03-17,2023-03-17,0,-1.98
24,2023-05-26,2023-08-26,92,-2.84
24,2023-12-07,2023-12-07,0,-1.55
24,2024-12-16,2025-02-04,50,-5.83
24,2026-02-14,2026-02-14,0,-1.51
24,2026-03-28,2026-04-07,10,-4.39
25,2022-01-31,2022-02-15,15,-1.52
25,2022-09-23,2022-12-02,70,-1.84
25,2023-01-16,2023-10-10,267,-6.02
26,2023-03-14,2023-03-29,15,-1.68
26,2023-05-11,2024-01-11,245,-10.12
26,2026-07-14,2026-09-17,65,-1.82
27,2022-12-07,2022-12-07,0,-2.44
27,2023-02-12,2023-04-21,68,-4.67
27,2023-05-26,2023-09-20,117,-19.24
28,2023-07-05,2023-07-05,0,-1.71
28,2023-08-16,2023-10-10,55,-1.86
28,2024-11-16,2025-06-16,212,-2.23
28,2025-11-06,2025-12-23,47,-2.19
29,2023-06-17,2024-02-10,238,-4.16
29,2024-04-05,2024-04-12,7,-1.34
29,2024-12-11,2025-01-27,47,-1.8
30,2022-01-31,2022-01-31,0,-1.6
30,2022-03-07,2022-03-29,22,-1.53
30,2023-06-10,2023-10-15,127,-3.14
30,2024-01-01,2024-01-03,2,-1.4
30,2024-12-26,2025-01-27,32,-5.06
30,2026-02-14,2026-02-14,0,-2.57
30,2026-03-28,2026-04-07,10,-6.36
31,2023-06-22,2024-04-22,305,-9.1
32,2022-07-15,2022-08-11,27,-1.95
32,2023-06-30,2024-03-16,260,-4.71
32,2024-12-16,2024-12-28,12,-1.71
32,2026-04-07,2026-04-07,0,-1.38
33,2023-03-17,2024-03-03,352,-5.28
33,2025-01-12,2025-01-27,15,-3.81
34,2022-01-26,2022-03-22,55,-1.67
34,2022-07-22,2022-12-02,133,-1.89
34,2023-04-28,2023-06-17,50,-2.31
34,2023-08-14,2023-08-31,17,-2.54
34,2023-11-29,2024-05-20,173,-3.68
35,2023-01-31,2023-10-10,252,-11.75
35,2025-11-08,2025-12-23,45,-1.58
35,2026-02-09,2026-02-19,10,-2.25
36,2023-07-10,2023-11-19,132,-3.05
36,2024-01-01,2024-01-11,10,-1.36
36,2025-02-01,2025-03-06,33,-1.52
36,2025-11-08,2025-11-23,15,-1.6
37,2023-07-27,2024-01-01,158,-3.82
37,2024-12-11,2025-01-27,47,-2.01
37,2026-02-14,2026-02-14,0,-1.48
37,2026-03-28,2026-04-07,10,-1.97
38,2022-02-02,2022-02-12,10,-2.11
38,2022-07-05,2022-07-15,10,-1.62
38,2023-07-30,2023-10-18,80,-3.1
38,2024-12-26,2025-02-04,40,-2.38
38,2025-12-06,2025-12-13,7,-2.1
38,2026-02-14,2026-02-14,0,-2.73
38,2026-03-28,2026-04-07,10,-4.77
39,2022-05-28,2022-05-31,3,-1.43
39,2022-07-05,2022-07-15,10,-1.7
39,2023-08-16,2024-03-16,213,-3.18
39,2024-12-26,2025-02-04,40,-3.14
40,2022-07-05,2022-07-15,10,-1.46
40,2023-08-19,2023-11-02,75,-2.09
40,2023-12-17,2024-01-08,22,-1.57
40,2024-02-20,2024-03-16,25,-1.94
40,2024-11-28,2025-02-04,68,-2.1
41,2023-09-30,2023-10-15,15,-2.2
41,2023-12-19,2024-01-11,23,-1.88
41,2024-02-20,2024-02-27,7,-1.34
41,2025-04-17,2025-06-19,63,-1.63
41,2025-11-16,2025-11-16,0,-1.41
42,2022-02-02,2022-02-02,0,-1.94
42,2023-04-01,2024-01-06,280,-5.72
42,2025-01-12,2025-01-15,3,-2.41
42,2026-03-28,2026-04-07,10,-3.37
43,2022-01-31,2022-02-05,5,-1.44
43,2023-05-01,2023-12-17,230,-5.73
43,2025-01-12,2025-01-20,8,-2.46
43,2026-03-28,2026-04-27,30,-2.63
44,2023-01-21,2023-08-01,192,-3.56
44,2025-11-06,2025-11-18,12,-1.54
44,2026-08-07,2026-08-15,8,-1.44
45,2022-05-18,2022-05-31,13,-1.57
45,2022-07-25,2022-08-19,25,-2.06
45,2022-10-25,2022-11-07,13,-1.5
45,2023-02-17,2023-08-29,193,-5.98
46,2022-05-28,2022-05-31,3,-1.43
46,2023-07-27,2024-01-08,165,-2.76
46,2024-11-26,2025-01-30,65,-2.19
47,2023-07-27,2024-03-16,233,-2.82
47,2024-12-26,2025-01-10,15,-1.83
48,2023-06-30,2024-04-17,292,-4.95
49,2023-06-10,2023-12-02,175,-3.4
49,2025-11-08,2025-11-16,8,-1.7
50,2022-05-18,2022-05-31,13,-1.38
50,2024-12-26,2025-09-19,267,-2.34
50,2025-11-06,2025-11-20,14,-2.18
51,2022-07-05,2022-07-15,10,-1.46
51,2023-04-01,2023-10-10,192,-2.5
51,2023-12-27,2024-01-11,15,-1.44
51,2024-11-26,2025-01-27,62,-3.3
51,2026-03-28,2026-04-07,10,-1.64
52,2022-01-26,2022-02-12,17,-1.36
52,2022-06-27,2022-07-22,25,-1.79
52,2023-06-15,2023-07-15,30,-1.5
52,2024-11-16,2025-01-27,72,-4.31
52,2026-02-14,2026-02-14,0,-2.95
52,2026-03-28,2026-04-07,10,-1.93
53,2022-02-05,2022-02-17,12,-2.58
53,2024-12-28,2025-01-20,23,-6.68
53,2025-06-11,2025-07-29,48,-2.12
53,2025-09-04,2025-09-04,0,-1.55
53,2025-12-13,2026-01-02,20,-1.78
53,2026-04-07,2026-04-07,0,-1.58
54,2022-07-05,2022-07-15,10,-1.5
54,2023-09-28,2023-09-28,0,-1.46
54,2024-12-26,2024-12-28,2,-2.19
54,2025-02-01,2025-09-04,215,-2.01
54,2025-11-01,2025-12-23,52,-3.15
55,2022-06-15,2022-07-25,40,-1.64
55,2023-09-23,2023-11-02,40,-2.05
55,2024-11-16,2025-06-01,197,-2.16
55,2025-11-01,2026-01-02,62,-3.03
56,2022-05-18,2022-05-31,13,-1.5
56,2024-12-21,2025-04-22,122,-1.88
56,2025-07-21,2025-07-26,5,-1.59
56,2025-11-11,2025-11-23,12,-2.37
57,2022-06-27,2022-07-22,25,-2.03
57,2024-09-12,2025-07-19,310,-4.72
57,2025-11-06,2025-12-10,34,-1.99
58,2022-07-05,2022-08-04,30,-1.63
58,2024-10-02,2025-08-23,325,-4.06
58,2025-12-06,2025-12-10,4,-1.91
59,2022-03-27,2022-03-29,2,-1.44
59,2022-06-20,2022-09-03,75,-3.07
59,2024-11-16,2024-11-23,7,-1.32
59,2025-01-30,2025-09-04,217,-2.31
59,2025-11-16,2025-12-23,37,-2.06
60,2022-01-31,2022-01-31,0,-1.74
60,2022-03-19,2022-07-15,118,-2.11
60,2024-12-26,2025-03-26,90,-1.97
60,2025-07-21,2025-07-26,5,-1.58
61,2023-10-10,2023-10-10,0,-1.34
61,2024-01-08,2024-01-11,3,-1.44
61,2024-12-16,2025-01-15,30,-2.61
62,2023-02-12,2023-03-07,23,-1.41
62,2023-10-03,2024-01-23,112,-2.27
62,2024-12-26,2025-01-20,25,-3.09
62,2025-02-21,2025-03-03,10,-1.31
63,2022-06-17,2022-08-29,73,-3.19
63,2024-11-28,2025-10-02,308,-3.87
63,2025-12-06,2025-12-23,17,-2.28
64,2022-07-05,2022-08-01,27,-1.88
64,2024-12-26,2025-09-29,277,-3.26
64,2025-11-08,2026-01-05,58,-2.77
65,2022-06-20,2022-07-25,35,-1.58
65,2024-12-26,2024-12-28,2,-2.11
65,2025-03-26,2025-09-04,162,-2.37
65,2025-12-03,2025-12-10,7,-1.5
66,2024-12-16,2025-02-04,50,-3.85
66,2025-03-18,2025-07-31,135,-2.85
66,2025-11-06,2026-01-05,60,-1.93
66,2026-03-16,2026-04-02,17,-2.0
67,2024-12-26,2025-09-29,277,-2.83
67,2025-12-06,2025-12-13,7,-1.68
68,2022-05-11,2022-08-01,82,-2.26
68,2024-12-03,2025-10-09,310,-3.61
68,2025-12-03,2026-01-05,33,-1.93
69,2022-07-05,2022-07-25,20,-2.11
69,2024-12-03,2025-10-09,310,-3.76
69,2025-12-01,2025-12-23,22,-1.96
70,2023-09-28,2023-10-03,5,-1.95
70,2025-02-01,2026-01-05,338,-3.67
71,2023-09-23,2023-10-05,12,-1.99
71,2025-01-05,2025-09-29,267,-3.83
71,2025-11-08,2025-12-30,52,-3.16
72,2022-06-20,2022-08-04,45,-2.92
72,2025-01-07,2025-01-07,0,-1.86
72,2025-03-01,2025-09-04,187,-3.31
72,2025-11-06,2026-01-05,60,-2.3
73,2022-05-13,2022-05-18,5,-1.38
73,2022-06-20,2022-07-15,25,-2.35
73,2024-12-26,2025-01-10,15,-1.65
73,2025-03-26,2025-09-04,162,-2.45
73,2025-11-06,2025-12-23,47,-2.24
74,2022-06-20,2022-08-06,47,-2.46
74,2024-12-16,2025-01-10,25,-1.92
74,2025-03-01,2025-09-04,187,-2.78
74,2025-11-01,2026-01-05,65,-2.35
74,2026-03-16,2026-04-02,17,-1.34
75,2022-06-20,2022-07-15,25,-2.02
75,2024-12-26,2025-09-24,272,-3.0
75,2025-11-08,2025-12-23,45,-1.64
76,2022-06-02,2022-08-06,65,-2.4
76,2023-09-28,2023-09-30,2,-1.5
76,2024-12-03,2025-10-09,310,-3.97
76,2025-12-01,2026-01-05,35,-2.12
77,2022-05-18,2022-05-28,10,-1.52
77,2024-12-11,2025-10-09,302,-4.19
77,2025-12-03,2025-12-23,20,-1.9
78,2023-09-28,2023-10-03,5,-1.44
78,2024-12-03,2025-10-02,303,-3.57
78,2025-12-08,2025-12-30,22,-2.08
79,2022-03-19,2022-03-19,0,-1.31
79,2022-07-15,2022-07-22,7,-1.55
79,2023-09-23,2023-10-03,10,-2.0
79,2024-12-03,2025-12-30,392,-3.94
80,2022-06-20,2022-07-22,32,-1.76
80,2023-09-28,2023-10-08,10,-1.36
80,2024-11-16,2025-07-24,250,-3.39
80,2025-11-06,2025-12-08,32,-1.69
81,2022-06-20,2022-08-26,67,-2.81
81,2023-09-28,2023-10-03,5,-1.58
81,2025-01-07,2025-01-10,3,-1.51
81,2025-02-11,2025-09-04,205,-2.76
81,2025-11-06,2026-01-05,60,-2.43
82,2022-06-20,2022-07-05,15,-2.65
82,2024-12-26,2025-09-04,252,-2.85
82,2025-11-01,2025-12-23,52,-2.4
83,2022-06-20,2022-07-25,35,-2.76
83,2023-09-30,2023-10-03,3,-1.33
83,2024-12-26,2025-09-24,272,-3.55
83,2025-12-03,2025-12-23,20,-1.74
84,2022-06-02,2022-08-06,65,-3.01
84,2024-12-26,2025-10-02,280,-3.0
84,2025-12-03,2025-12-23,20,-1.68
85,2022-03-19,2022-03-27,8,-1.59
85,2022-06-02,2022-07-25,53,-1.95
85,2023-09-23,2023-10-08,15,-2.29
85,2024-12-03,2025-09-29,300,-3.68
85,2025-12-08,2025-12-30,22,-1.76
86,2022-07-15,2022-07-25,10,-1.6
86,2023-09-28,2023-10-03,5,-1.93
86,2025-02-01,2025-09-04,215,-3.21
86,2025-11-13,2025-12-31,48,-1.87
87,2022-06-20,2022-07-15,25,-2.25
87,2024-12-26,2024-12-28,2,-1.59
87,2025-03-01,2025-08-28,180,-3.5
87,2025-11-06,2025-12-10,34,-2.13
88,2022-05-11,2022-05-11,0,-1.46
88,2022-06-20,2022-08-04,45,-2.14
88,2025-03-01,2025-09-04,187,-3.42
88,2025-11-06,2025-12-13,37,-2.77
89,2022-05-13,2022-05-18,5,-1.52
89,2022-06-25,2022-07-15,20,-3.75
89,2024-12-26,2025-01-07,12,-2.37
89,2025-03-31,2025-04-02,2,-1.49
89,2025-05-07,2025-09-02,118,-2.88
89,2025-11-06,2025-11-13,7,-2.74
89,2026-03-16,2026-04-02,17,-2.6
90,2022-06-20,2022-07-05,15,-1.94
90,2023-09-28,2023-10-03,5,-1.58
90,2025-02-01,2025-09-29,240,-3.51
90,2025-11-08,2026-01-05,58,-1.91
91,2022-07-15,2022-07-25,10,-1.84
91,2023-09-23,2023-10-03,10,-1.8
91,2024-12-16,2025-10-09,297,-4.47
91,2025-12-03,2026-01-05,33,-2.13
92,2022-03-19,2022-03-19,0,-1.83
92,2022-07-15,2022-07-22,7,-1.9
92,2023-09-23,2023-10-03,10,-1.88
92,2025-02-01,2025-09-29,240,-4.29
92,2025-12-10,2026-01-05,26,-2.38
93,2022-03-09,2022-04-01,23,-2.0
93,2022-05-03,2022-08-06,95,-2.7
93,2023-09-20,2023-10-08,18,-2.0
93,2024-12-16,2025-10-09,297,-4.13
93,2025-12-10,2025-12-30,20,-1.93
94,2022-06-20,2022-07-15,25,-1.94
94,2023-09-25,2023-10-03,8,-1.96
94,2025-01-07,2025-07-29,203,-3.7
94,2025-11-13,2025-12-06,23,-1.67
95,2022-07-15,2022-08-01,17,-1.79
95,2023-09-25,2023-10-05,10,-1.85
95,2025-02-01,2025-09-04,215,-4.23
95,2025-11-13,2025-12-31,48,-1.44
96,2022-03-24,2022-03-29,5,-1.45
96,2022-06-25,2022-08-01,37,-2.22
96,2023-09-30,2023-10-03,3,-1.43
96,2024-12-26,2024-12-26,0,-1.42
96,2025-01-27,2025-10-09,255,-3.87
96,2025-11-11,2025-12-31,50,-2.26
97,2022-06-20,2022-07-22,32,-1.45
97,2024-12-26,2024-12-26,0,-1.53
97,2025-02-01,2025-08-23,203,-2.39
97,2025-11-13,2025-12-23,40,-1.9
98,2022-03-27,2022-03-29,2,-1.32
98,2022-06-20,2022-08-04,45,-2.49
98,2024-12-16,2025-08-23,250,-2.81
98,2025-12-03,2025-12-13,10,-1.61
99,2024-12-16,2024-12-28,12,-1.68
99,2025-04-17,2025-09-19,155,-2.33
99,2025-12-10,2025-12-13,3,-1.68
99,2026-03-16,2026-04-02,17,-1.47
100,2022-03-27,2022-03-29,2,-1.31
100,2022-07-15,2022-07-25,10,-1.87
100,2024-12-16,2025-10-02,290,-4.04
100,2025-12-03,2026-01-05,33,-2.07
101,2022-03-17,2022-03-29,12,-1.82
101,2022-06-02,2022-06-02,0,-1.39
101,2022-07-15,2022-07-25,10,-1.71
101,2024-12-11,2025-09-24,287,-3.61
101,2025-12-10,2025-12-10,0,-1.61
102,2022-07-05,2022-07-25,20,-1.78
102,2023-09-28,2023-10-03,5,-1.63
102,2024-12-26,2025-09-21,269,-3.66
102,2025-12-01,2026-01-05,35,-2.3
103,2022-06-20,2022-07-15,25,-1.56
103,2023-09-28,2023-10-03,5,-1.67
103,2024-10-24,2025-01-12,80,-2.17
103,2025-03-01,2025-03-01,0,-1.93
103,2025-05-07,2025-06-09,33,-2.64
104,2022-06-20,2022-06-25,5,-1.46
104,2024-10-24,2025-06-09,228,-3.7
104,2025-11-21,2025-11-26,5,-1.55
105,2022-06-15,2022-07-25,40,-1.95
105,2023-09-28,2023-10-03,5,-1.45
105,2024-11-16,2024-12-06,20,-1.6
105,2025-01-07,2025-08-08,213,-3.52
105,2025-11-21,2025-12-01,10,-1.59
106,2022-02-15,2022-02-15,0,-1.57
106,2024-05-17,2024-06-09,23,-1.82
106,2024-10-24,2024-11-03,10,-1.36
106,2024-12-26,2024-12-26,0,-1.71
106,2025-05-20,2025-06-13,24,-1.88
106,2025-07-24,2025-08-23,30,-1.68
107,2022-01-31,2022-02-15,15,-1.56
107,2024-05-20,2024-05-22,2,-1.58
107,2024-12-16,2024-12-28,12,-1.43
107,2025-02-01,2025-03-01,28,-1.3
107,2025-04-14,2025-05-20,36,-2.04
107,2025-07-09,2025-08-23,45,-1.73
107,2025-12-06,2025-12-10,4,-1.42
108,2022-03-27,2022-03-29,2,-1.34
108,2025-03-01,2025-09-04,187,-2.84
108,2025-11-23,2026-01-05,43,-1.94
109,2022-07-05,2022-07-15,10,-1.34
109,2024-05-20,2024-05-25,5,-1.65
109,2025-03-01,2025-06-16,107,-2.73
109,2025-07-19,2025-08-23,35,-1.52
109,2025-11-08,2025-11-23,15,-1.64
110,2025-02-01,2025-09-02,213,-2.63
110,2025-12-10,2025-12-13,3,-1.3
111,2022-01-23,2022-09-10,230,-3.17
111,2024-04-25,2024-07-14,80,-2.89
111,2024-12-28,2025-01-12,15,-10.41
111,2025-03-01,2025-03-06,5,-1.32
111,2025-12-06,2025-12-10,4,-1.65
112,2022-01-23,2022-03-17,53,-2.42
112,2022-04-28,2022-05-06,8,-1.56
112,2024-04-25,2024-06-26,62,-3.28
112,2024-08-15,2024-08-20,5,-1.38
112,2025-11-06,2025-11-11,5,-2.0
112,2026-03-28,2026-04-07,10,-1.8
113,2022-02-02,2022-02-02,0,-2.18
113,2024-05-22,2024-05-22,0,-1.32
113,2025-01-12,2025-01-12,0,-12.01
113,2025-03-01,2025-03-08,7,-1.51
113,2026-03-28,2026-04-07,10,-3.07
114,2022-01-23,2022-05-06,103,-3.08
114,2022-07-15,2022-07-15,0,-1.52
114,2024-04-25,2024-06-24,60,-2.58
114,2024-10-14,2025-04-22,190,-4.74
114,2026-08-10,2026-08-18,8,-1.33
115,2022-01-23,2022-03-22,58,-2.51
115,2022-07-22,2022-07-22,0,-1.54
115,2024-04-22,2024-07-16,85,-3.5
115,2024-10-09,2025-04-17,190,-3.31
115,2026-03-28,2026-04-07,10,-1.32
116,2022-01-26,2022-02-07,12,-1.98
116,2022-03-14,2022-05-08,55,-4.09
116,2022-06-20,2022-08-06,47,-2.09
116,2024-05-22,2024-07-06,45,-1.65
116,2024-10-17,2024-11-08,22,-2.18
116,2024-12-28,2025-03-21,83,-2.91
116,2026-03-28,2026-04-07,10,-4.67
117,2022-02-02,2022-03-22,48,-6.18
117,2022-04-28,2022-05-08,10,-1.75
117,2024-10-12,2025-03-21,160,-15.47
117,2026-02-14,2026-02-16,2,-1.94
117,2026-03-28,2026-04-07,10,-8.23
118,2022-03-17,2022-03-17,0,-8.94
118,2022-07-12,2022-08-06,25,-1.99
118,2024-04-30,2024-05-07,7,-1.51
118,2024-12-16,2025-03-06,80,-11.15
118,2025-12-06,2025-12-10,4,-4.08
118,2026-02-14,2026-02-16,2,-2.37
118,2026-03-28,2026-04-07,10,-8.19
119,2024-06-04,2024-06-19,15,-1.56
119,2024-10-27,2025-03-06,130,-2.07
120,2022-02-02,2022-02-02,0,-1.42
120,2023-10-03,2024-01-01,90,-2.14
120,2024-02-10,2024-02-27,17,-1.42
120,2024-04-07,2024-06-16,70,-2.63
121,2022-02-02,2022-02-02,0,-1.89
121,2023-10-03,2024-03-11,160,-2.7
121,2024-04-30,2024-07-14,75,-2.33
121,2024-12-03,2025-03-01,88,-6.65
121,2025-04-14,2025-04-20,6,-1.48
121,2026-03-28,2026-04-07,10,-3.03
122,2022-03-17,2022-03-17,0,-2.18
122,2023-12-19,2023-12-27,8,-1.44
122,2024-10-22,2025-03-16,145,-1.91
122,2025-04-17,2025-04-25,8,-1.64
123,2022-02-02,2022-02-02,0,-2.05
123,2022-03-17,2022-03-17,0,-4.92
123,2022-05-28,2022-05-31,3,-1.58
123,2024-10-02,2025-03-03,152,-3.71
123,2026-03-28,2026-04-07,10,-2.36
124,2022-01-21,2022-02-02,12,-2.74
124,2022-03-17,2022-03-17,0,-8.44
124,2024-10-22,2024-11-06,15,-2.1
124,2024-12-16,2025-03-03,77,-16.52
124,2025-11-03,2025-12-10,37,-2.52
124,2026-02-14,2026-02-16,2,-4.56
124,2026-03-28,2026-04-07,10,-10.83
124,2026-08-07,2026-08-15,8,-1.42
125,2022-03-17,2022-03-27,10,-3.82
125,2022-04-28,2022-05-08,10,-1.44
125,2022-06-17,2022-07-15,28,-3.02
125,2024-10-14,2024-11-06,23,-1.64
125,2024-12-16,2025-04-05,110,-4.97
125,2025-12-06,2025-12-10,4,-1.49
125,2026-03-28,2026-04-07,10,-1.5
126,2022-03-17,2022-03-29,12,-4.96
126,2022-05-13,2022-07-25,73,-3.49
126,2024-10-12,2024-11-06,25,-1.83
126,2024-12-16,2025-03-16,90,-5.5
126,2025-12-06,2025-12-10,4,-2.54
126,2026-02-14,2026-02-16,2,-1.69
126,2026-03-28,2026-04-07,10,-3.15
127,2022-03-17,2022-03-17,0,-2.65
127,2024-05-17,2024-06-21,35,-1.65
127,2024-10-24,2025-03-01,128,-3.51
128,2022-01-23,2022-06-02,130,-2.71
128,2022-07-15,2022-08-16,32,-2.07
128,2023-10-03,2024-08-15,317,-3.63
128,2025-01-25,2025-01-27,2,-1.56
128,2025-12-06,2025-12-10,4,-1.37
129,2022-01-23,2022-04-28,95,-3.26
129,2022-07-22,2022-08-06,15,-1.55
129,2023-10-03,2024-01-06,95,-4.28
129,2024-02-15,2024-12-08,297,-4.82
129,2025-01-12,2025-01-15,3,-3.23
129,2025-11-21,2025-11-26,5,-1.35
130,2022-03-17,2022-03-17,0,-4.22
130,2022-04-28,2022-05-06,8,-1.81
130,2022-06-17,2022-08-04,48,-1.61
130,2024-03-08,2024-04-12,35,-1.94
130,2024-05-20,2024-06-19,30,-1.54
130,2024-10-22,2025-03-01,130,-2.41
131,2022-06-25,2022-07-15,20,-1.73
131,2024-10-27,2024-11-03,7,-1.52
131,2025-01-27,2025-07-26,180,-3.1
132,2022-02-02,2022-02-02,0,-1.61
132,2022-03-17,2022-03-17,0,-6.33
132,2022-04-28,2022-05-06,8,-1.78
132,2024-04-12,2024-06-04,53,-2.12
132,2024-09-29,2025-03-08,160,-7.28
132,2026-02-14,2026-02-16,2,-2.49
132,2026-03-28,2026-04-07,10,-4.08
133,2022-02-02,2022-02-02,0,-1.67
133,2022-03-14,2022-05-08,55,-7.54
133,2022-06-12,2022-08-01,50,-1.94
133,2024-09-27,2025-04-25,210,-8.85
133,2026-03-28,2026-04-07,10,-3.5
134,2022-03-17,2022-03-17,0,-7.36
134,2022-04-28,2022-08-09,103,-4.62
134,2024-04-22,2024-04-30,8,-1.34
134,2024-10-02,2025-03-16,165,-10.91
134,2025-12-06,2025-12-10,4,-2.59
134,2026-02-14,2026-02-16,2,-2.83
134,2026-03-28,2026-04-07,10,-5.75
135,2022-03-17,2022-03-17,0,-7.47
135,2022-05-18,2022-08-29,103,-7.82
135,2024-09-29,2025-03-16,168,-10.88
135,2025-12-06,2025-12-10,4,-3.55
135,2026-02-14,2026-02-16,2,-1.98
135,2026-03-28,2026-04-07,10,-3.56
136,2022-01-23,2022-03-17,53,-2.44
136,2022-06-02,2022-06-02,0,-1.41
136,2023-09-28,2024-08-13,320,-4.65
136,2024-09-29,2025-05-02,215,-5.64
137,2022-01-23,2022-02-10,18,-2.52
137,2022-03-14,2022-03-22,8,-1.81
137,2022-05-18,2022-08-29,103,-3.37
137,2023-07-15,2023-07-15,0,-1.3
137,2023-11-14,2023-12-02,18,-1.82
137,2024-02-22,2024-05-27,95,-2.91
137,2024-08-23,2024-11-06,75,-1.65
137,2024-12-23,2025-01-15,23,-9.47
137,2025-12-06,2025-12-10,4,-1.69
137,2026-03-28,2026-04-07,10,-3.34
138,2022-03-17,2022-03-17,0,-4.17
138,2022-05-03,2022-08-09,98,-3.17
138,2024-03-13,2025-03-16,368,-5.18
139,2022-03-17,2022-03-17,0,-5.59
139,2022-05-13,2022-07-22,70,-2.4
139,2024-04-05,2024-05-20,45,-2.89
139,2024-08-28,2025-03-21,205,-7.26
139,2025-12-06,2025-12-10,4,-2.06
139,2026-02-14,2026-02-16,2,-1.7
139,2026-03-28,2026-04-07,10,-1.93
140,2022-03-17,2022-05-18,62,-4.04
140,2022-06-22,2022-07-12,20,-4.1
140,2024-09-27,2025-03-16,170,-2.8
141,2022-03-17,2022-03-17,0,-6.44
141,2022-05-18,2022-08-04,78,-7.41
141,2024-09-27,2025-03-26,180,-7.29
142,2022-03-17,2022-03-17,0,-7.33
142,2022-04-28,2022-09-05,130,-8.18
142,2023-05-13,2023-05-23,10,-1.31
142,2024-09-27,2025-04-30,215,-10.59
142,2026-03-28,2026-04-07,10,-2.31
143,2023-01-13,2023-01-13,0,-1.52
143,2024-07-16,2024-08-15,30,-1.71
143,2025-01-12,2025-01-15,3,-1.9
143,2025-04-22,2025-04-25,3,-1.72
144,2022-01-23,2022-02-02,10,-1.77
144,2023-11-24,2024-01-11,48,-2.2
144,2024-02-22,2024-05-27,95,-2.42
144,2024-08-15,2025-04-25,253,-5.86
145,2022-02-07,2022-03-17,38,-3.05
145,2022-05-18,2022-07-22,65,-2.51
145,2024-03-28,2024-06-24,88,-2.4
145,2024-12-16,2025-01-02,17,-3.29
145,2025-02-21,2025-03-03,10,-1.31
145,2026-04-20,2026-04-27,7,-1.44
146,2022-03-17,2022-03-17,0,-2.48
146,2022-05-18,2022-07-22,65,-3.6
146,2022-08-29,2022-08-29,0,-1.55
146,2022-10-25,2022-11-14,20,-3.08
146,2024-04-30,2024-05-20,20,-1.88
146,2024-10-22,2025-03-06,135,-10.53
146,2025-04-20,2025-05-25,35,-2.01
146,2025-12-06,2025-12-10,4,-3.47
146,2026-03-28,2026-04-17,20,-4.28
147,2022-03-17,2022-03-17,0,-4.57
147,2022-05-18,2022-08-04,78,-6.05
147,2024-08-23,2025-03-26,215,-8.23
147,2025-12-06,2025-12-13,7,-2.84
147,2026-03-28,2026-04-07,10,-2.15
148,2022-03-17,2022-03-27,10,-5.03
148,2022-05-18,2022-08-04,78,-7.56
148,2024-09-29,2025-03-26,178,-6.03
149,2022-03-17,2022-03-17,0,-5.88
149,2022-05-13,2022-08-06,85,-7.15
149,2024-09-27,2025-05-15,230,-11.49
150,2022-01-23,2022-03-07,43,-2.25
150,2024-01-08,2024-03-01,53,-1.76
150,2024-11-01,2025-03-16,135,-8.54
151,2023-12-27,2024-06-16,172,-2.13
151,2024-10-04,2024-10-22,18,-1.67
151,2024-12-13,2025-03-06,83,-2.96
152,2022-06-02,2022-07-05,33,-2.71
152,2023-11-27,2023-12-02,5,-1.41
152,2024-05-17,2024-05-17,0,-1.68
152,2024-10-27,2024-11-13,17,-1.52
152,2024-12-16,2025-03-06,80,-3.98
152,2025-05-20,2025-05-20,0,-1.53
152,2025-12-06,2025-12-10,4,-2.38
153,2022-03-17,2022-03-17,0,-4.04
153,2022-05-18,2022-07-12,55,-4.41
153,2024-04-05,2024-04-12,7,-1.47
153,2024-10-12,2025-03-08,147,-6.08
153,2025-05-20,2025-05-20,0,-1.54
153,2025-12-06,2025-12-10,4,-2.44
153,2026-03-28,2026-04-17,20,-2.16
154,2022-03-17,2022-03-17,0,-4.66
154,2022-05-18,2022-07-12,55,-5.92
154,2024-10-14,2025-04-02,170,-6.91
154,2026-03-28,2026-04-07,10,-1.82
155,2022-03-17,2022-03-17,0,-3.69
155,2022-05-18,2022-07-05,48,-4.35
155,2024-10-04,2025-04-25,203,-10.4
155,2026-03-28,2026-04-07,10,-1.38
156,2022-05-06,2022-05-06,0,-1.71
156,2022-07-05,2022-07-05,0,-1.81
156,2023-08-26,2023-10-10,45,-2.07
156,2024-10-27,2024-11-13,17,-1.83
156,2024-12-16,2025-01-27,42,-4.75
156,2025-05-20,2025-05-20,0,-1.34
156,2025-12-06,2025-12-10,4,-2.36
156,2026-04-07,2026-04-07,0,-1.47
157,2022-03-17,2022-03-17,0,-4.61
157,2022-05-18,2022-05-18,0,-2.46
157,2022-06-22,2022-07-05,13,-3.79
157,2024-10-14,2025-03-16,153,-7.29
157,2026-03-28,2026-04-07,10,-1.87
158,2022-01-31,2022-02-07,7,-1.86
158,2022-05-18,2022-05-18,0,-2.17
158,2022-06-20,2022-07-12,22,-3.94
158,2024-09-12,2025-03-08,177,-11.94
159,2022-01-31,2022-01-31,0,-1.6
159,2022-07-05,2022-07-25,20,-1.83
159,2024-11-03,2024-11-26,23,-1.53
159,2025-03-01,2025-08-23,175,-3.0
159,2025-11-13,2025-12-23,40,-1.8
160,2024-04-07,2024-04-07,0,-1.38
160,2024-12-16,2025-02-04,50,-2.7
160,2025-07-21,2025-07-26,5,-1.48
160,2025-11-23,2025-12-01,8,-1.45
160,2026-04-07,2026-04-07,0,-2.26
161,2022-01-31,2022-01-31,0,-1.6
161,2022-11-22,2022-11-24,2,-1.3
161,2023-12-27,2024-01-13,17,-1.77
161,2024-02-20,2024-04-12,52,-2.66
161,2024-12-26,2025-04-02,97,-3.11
161,2025-07-09,2025-08-23,45,-1.96
161,2025-11-23,2025-12-03,10,-1.6
162,2024-12-26,2025-02-04,40,-2.58
162,2025-05-25,2025-05-30,5,-1.56
162,2025-07-09,2025-07-21,12,-1.97
162,2025-08-23,2025-08-23,0,-1.7
162,2025-11-21,2025-12-13,22,-2.07
163,2024-12-16,2025-02-04,50,-2.6
163,2025-07-21,2025-07-26,5,-1.38
164,2022-05-18,2022-05-28,10,-1.49
164,2024-02-10,2024-03-16,35,-1.64
164,2024-12-03,2025-08-23,263,-3.19
164,2025-11-06,2025-12-03,27,-2.25
164,2026-03-16,2026-04-02,17,-2.08
165,2024-02-20,2024-02-20,0,-1.46
165,2024-11-08,2025-08-23,288,-2.94
165,2025-11-06,2025-12-23,47,-2.68
166,2022-07-05,2022-07-15,10,-1.51
166,2023-10-08,2023-10-08,0,-1.34
166,2024-12-11,2025-03-03,82,-2.33
166,2025-07-09,2025-08-23,45,-2.01
166,2025-11-23,2025-12-13,20,-1.45
167,2022-07-05,2022-07-15,10,-1.62
167,2023-10-08,2023-10-08,0,-1.71
167,2024-03-11,2024-03-16,5,-1.46
167,2024-11-28,2025-02-04,68,-3.85
168,2022-06-27,2022-07-15,18,-1.3
168,2024-01-13,2024-03-16,63,-2.85
168,2024-12-03,2025-08-23,263,-3.58
168,2025-11-06,2025-11-16,10,-2.1
168,2026-03-16,2026-04-02,17,-2.46
169,2022-06-25,2022-07-25,30,-1.48
169,2024-03-11,2024-03-16,5,-2.11
169,2024-12-26,2025-09-19,267,-4.55
169,2025-11-01,2025-11-13,12,-2.8
169,2026-03-16,2026-04-02,17,-4.43
170,2022-07-05,2022-07-15,10,-1.49
170,2024-02-20,2024-02-20,0,-1.32
170,2024-11-03,2024-11-08,5,-1.37
170,2024-12-11,2025-08-23,255,-2.92
170,2025-11-01,2025-12-13,42,-2.32
171,2022-07-05,2022-07-12,7,-1.51
171,2024-10-27,2025-08-23,300,-3.98
171,2025-11-06,2025-11-23,17,-2.05
172,2022-05-18,2022-05-28,10,-1.31
172,2024-03-11,2024-03-16,5,-2.12
172,2024-12-03,2025-08-08,248,-3.42
172,2025-11-01,2025-11-16,15,-2.25
173,2024-01-01,2024-04-17,107,-2.59
173,2024-12-26,2025-02-04,40,-3.83
173,2025-03-31,2025-05-30,60,-1.48
173,2025-07-19,2025-08-23,35,-1.76
173,2025-11-06,2025-11-13,7,-1.81
173,2026-03-16,2026-04-02,17,-2.44
174,2022-09-23,2022-09-28,5,-1.34
174,2024-01-11,2024-03-16,65,-1.94
174,2024-12-26,2025-01-27,32,-4.65
174,2025-05-20,2025-05-27,7,-1.34
174,2025-07-21,2025-09-24,65,-2.28
174,2025-11-06,2025-12-23,47,-2.74
174,2026-02-14,2026-04-02,47,-2.68
175,2022-07-05,2022-08-01,27,-2.35
175,2022-09-23,2022-09-28,5,-1.83
175,2022-12-07,2022-12-22,15,-1.74
175,2023-10-28,2023-11-09,12,-1.75
175,2024-01-08,2024-01-11,3,-1.87
175,2024-02-20,2024-03-16,25,-1.96
175,2024-12-26,2025-01-27,32,-5.44
175,2025-03-16,2025-09-19,187,-2.06
175,2025-11-06,2026-01-05,60,-1.92
175,2026-02-14,2026-04-07,52,-4.18
176,2022-06-20,2022-07-25,35,-1.58
176,2024-03-11,2024-03-16,5,-1.75
176,2024-10-29,2024-11-03,5,-1.4
176,2024-12-11,2025-09-19,282,-5.66
176,2025-11-23,2025-12-23,30,-2.18
176,2026-02-16,2026-04-02,45,-2.25
177,2022-06-25,2022-07-12,17,-2.11
177,2024-11-16,2025-01-10,55,-2.08
177,2025-03-01,2025-04-05,35,-2.12
177,2025-05-15,2025-06-13,29,-2.87
177,2025-07-19,2025-07-31,12,-1.67
177,2025-11-06,2025-11-23,17,-1.68
178,2023-10-08,2023-10-08,0,-1.59
178,2024-10-09,2025-08-23,318,-2.37
178,2025-11-08,2025-12-23,45,-2.26
179,2022-01-26,2022-02-15,20,-2.25
179,2022-05-18,2022-05-18,0,-1.31
179,2022-12-07,2023-06-22,197,-4.04
179,2023-07-27,2023-11-19,115,-2.85
179,2024-12-26,2025-01-27,32,-4.89
179,2025-12-06,2025-12-23,17,-2.56
179,2026-04-07,2026-04-07,0,-1.45
180,2022-02-12,2022-02-12,0,-1.64
180,2022-09-23,2022-09-28,5,-1.51
180,2023-02-12,2023-02-22,10,-1.58
180,2023-06-05,2023-06-12,7,-1.65
180,2023-07-17,2023-11-02,108,-3.48
180,2024-12-26,2025-01-27,32,-5.04
180,2025-06-16,2025-09-29,105,-2.52
180,2025-11-01,2025-12-23,52,-3.27
181,2022-01-31,2022-02-15,15,-3.12
181,2022-09-23,2022-09-28,5,-2.59
181,2022-12-02,2022-12-02,0,-1.56
181,2023-07-27,2023-09-05,40,-2.3
181,2024-03-11,2024-03-16,5,-1.51
181,2024-12-16,2025-01-27,42,-6.32
181,2025-05-17,2025-08-28,103,-2.83
181,2025-09-29,2025-09-29,0,-1.34
181,2025-12-03,2025-12-23,20,-3.5
181,2026-03-28,2026-04-07,10,-1.98
182,2022-06-20,2022-07-12,22,-1.7
182,2024-03-11,2024-03-11,0,-1.64
182,2024-12-11,2025-01-10,30,-3.51
182,2025-05-15,2025-08-23,100,-2.51
182,2025-12-03,2025-12-23,20,-2.81
183,2022-06-20,2022-08-09,50,-2.45
183,2024-11-16,2025-04-17,152,-2.83
183,2025-05-20,2025-08-23,95,-2.91
183,2025-11-06,2025-12-13,37,-1.85
184,2022-06-20,2022-07-25,35,-1.95
184,2024-10-02,2025-01-10,100,-2.71
184,2025-03-01,2025-08-23,175,-2.68
184,2025-11-08,2025-11-23,15,-1.8
185,2022-02-12,2022-02-15,3,-2.55
185,2022-05-18,2022-05-18,0,-1.71
185,2023-02-07,2023-03-04,25,-1.78
185,2023-08-14,2023-10-10,57,-2.18
185,2024-12-26,2025-02-04,40,-4.22
185,2025-07-21,2025-07-26,5,-1.53
185,2025-12-06,2025-12-10,4,-2.59
185,2026-04-07,2026-04-07,0,-2.0
186,2022-02-10,2022-02-20,10,-3.1
186,2022-12-02,2023-07-15,225,-11.13
186,2025-11-06,2025-11-13,7,-1.39
187,2023-01-21,2023-03-07,45,-2.58
187,2024-04-05,2024-04-07,2,-1.66
187,2024-05-17,2024-06-19,33,-2.46
187,2025-01-12,2025-01-12,0,-2.15
187,2025-07-11,2025-12-01,143,-3.1
187,2026-08-07,2026-08-13,6,-1.3
188,2023-01-31,2023-02-07,7,-1.45
188,2023-04-11,2023-05-08,27,-1.66
188,2025-07-19,2025-12-01,135,-2.39
188,2026-04-07,2026-04-07,0,-1.33
188,2026-09-16,2026-09-17,1,-1.56
189,2022-02-15,2022-02-15,0,-1.87
189,2022-05-28,2022-05-31,3,-1.32
189,2023-01-01,2023-02-12,42,-3.13
189,2024-12-16,2025-01-10,25,-3.53
189,2025-07-19,2025-07-29,10,-2.26
189,2025-11-06,2025-12-23,47,-2.23
189,2026-03-16,2026-04-02,17,-1.62
190,2022-12-07,2022-12-07,0,-1.51
190,2024-12-03,2024-12-28,25,-1.54
190,2025-02-01,2025-08-23,203,-2.77
190,2025-11-08,2025-12-13,35,-1.82
191,2024-03-06,2024-03-16,10,-2.12
191,2024-11-08,2025-01-12,65,-1.64
191,2025-03-26,2025-08-23,150,-2.65
191,2025-11-01,2025-12-23,52,-2.5
192,2023-10-08,2023-10-08,0,-1.41
192,2023-12-27,2024-01-13,17,-1.53
192,2024-02-20,2024-03-16,25,-1.73
192,2024-10-22,2025-04-12,172,-2.65
192,2025-05-15,2025-08-08,85,-2.16
192,2025-11-08,2025-12-13,35,-2.38
193,2022-02-12,2022-02-15,3,-1.56
193,2023-02-22,2023-03-04,10,-1.54
193,2025-01-10,2025-02-04,25,-2.64
193,2025-07-21,2025-07-26,5,-1.37
194,2022-12-07,2023-07-02,207,-7.8
194,2025-10-09,2025-12-23,75,-2.06
194,2026-04-07,2026-04-07,0,-1.49
195,2023-01-16,2023-05-08,112,-3.41
195,2024-05-20,2024-05-27,7,-1.48
195,2025-07-09,2025-12-23,167,-3.32
195,2026-08-07,2026-08-13,6,-1.36
196,2023-02-12,2023-04-21,68,-1.59
196,2024-05-20,2024-05-22,2,-2.07
196,2025-07-09,2025-11-08,122,-2.73
197,2022-02-10,2022-02-15,5,-2.17
197,2022-11-02,2023-02-05,95,-4.65
197,2025-07-19,2025-08-28,40,-2.28
197,2025-09-29,2025-12-10,72,-1.96
197,2026-04-07,2026-04-07,0,-1.82
198,2022-01-31,2022-02-20,20,-2.66
198,2022-11-14,2022-12-09,25,-2.73
198,2023-01-16,2023-01-21,5,-1.68
198,2025-01-10,2025-01-27,17,-2.81
198,2025-07-19,2025-07-29,10,-2.04
198,2025-09-29,2025-09-29,0,-1.37
198,2025-11-06,2025-11-16,10,-2.26
198,2026-04-07,2026-04-07,0,-2.17
199,2022-12-07,2022-12-07,0,-2.35
199,2023-12-27,2023-12-27,0,-1.51
199,2024-03-11,2024-03-16,5,-1.77
199,2024-10-29,2024-11-03,5,-1.39
199,2024-12-16,2025-01-12,27,-2.81
199,2025-03-26,2025-04-05,10,-1.76
199,2025-05-15,2025-08-23,100,-1.97
199,2025-11-08,2026-01-05,58,-1.84
200,2023-10-08,2023-10-08,0,-1.34
200,2023-12-27,2023-12-27,0,-1.54
200,2024-03-11,2024-03-16,5,-2.14
200,2024-10-24,2025-01-12,80,-2.71
200,2025-03-01,2025-08-23,175,-1.83
200,2025-11-23,2025-12-23,30,-1.91
201,2023-02-02,2023-05-01,88,-2.8
201,2025-08-23,2025-08-23,0,-1.42
201,2026-07-31,2026-08-15,15,-1.44
202,2022-10-25,2022-12-14,50,-2.39
202,2024-04-25,2024-05-22,27,-2.08
202,2025-07-21,2025-08-12,22,-1.33
203,2022-11-14,2023-02-12,90,-5.25
203,2025-05-17,2025-06-13,27,-1.41
203,2025-07-19,2025-09-14,57,-2.45
204,2022-11-12,2023-02-07,87,-3.67
204,2024-05-20,2024-06-16,27,-1.66
204,2025-01-12,2025-01-12,0,-2.74
204,2025-08-08,2025-08-23,15,-1.47
205,2022-11-02,2023-06-05,215,-7.32
206,2022-04-28,2022-05-28,30,-2.03
206,2022-10-23,2022-11-24,32,-2.13
206,2024-04-07,2024-04-07,0,-1.49
206,2024-05-20,2024-07-01,42,-2.33
206,2024-12-16,2025-04-25,130,-2.5
206,2025-07-21,2025-08-23,33,-1.4
207,2022-02-02,2022-02-20,18,-2.23
207,2022-04-28,2022-05-06,8,-1.44
207,2022-07-05,2022-07-22,17,-2.11
207,2023-02-12,2024-01-06,328,-9.81
208,2023-04-16,2024-04-05,355,-10.34
208,2026-07-04,2026-08-15,42,-1.65
209,2022-07-05,2022-07-15,10,-1.56
209,2022-10-03,2024-02-15,500,-4.62
210,2022-06-20,2022-07-05,15,-1.32
210,2023-01-11,2024-01-03,357,-8.57
211,2022-09-30,2023-10-05,370,-7.43
211,2025-10-12,2025-11-11,30,-2.13
211,2026-01-30,2026-03-16,45,-1.55
212,2022-02-12,2022-02-20,8,-1.51
212,2022-04-28,2022-07-25,88,-2.69
212,2022-08-31,2022-09-05,5,-1.35
212,2023-01-16,2023-03-14,57,-1.86
212,2023-05-26,2023-12-09,197,-12.52
213,2022-05-28,2022-06-02,5,-1.76
213,2023-03-07,2024-02-10,340,-13.78
213,2024-10-29,2025-02-01,95,-3.22
213,2025-12-03,2026-05-17,165,-11.89
213,2026-07-16,2026-09-04,50,-2.73
214,2023-09-28,2024-02-10,135,-2.03
214,2024-11-01,2026-05-07,552,-14.3
215,2022-06-05,2022-07-15,40,-3.07
215,2023-02-07,2023-12-22,318,-8.18
216,2022-05-28,2022-07-22,55,-1.81
216,2023-04-16,2024-03-08,327,-14.17
217,2023-06-05,2024-02-15,255,-3.84
217,2024-11-01,2025-07-26,267,-8.09
217,2025-10-17,2026-04-19,184,-2.98
218,2022-05-18,2022-07-12,55,-1.94
218,2023-04-01,2024-02-15,320,-9.67
219,2022-06-20,2022-08-04,45,-2.15
219,2023-06-12,2024-02-27,260,-4.95
219,2024-12-11,2025-06-24,195,-14.56
219,2025-11-23,2026-09-17,298,-6.14
220,2022-07-22,2022-07-22,0,-1.65
220,2023-12-27,2024-01-01,5,-1.63
220,2024-12-11,2025-09-02,265,-6.35
220,2025-12-06,2025-12-30,24,-3.03
221,2022-07-22,2022-07-22,0,-1.45
221,2022-12-07,2023-10-03,300,-8.08
221,2025-09-29,2025-10-29,30,-1.6
222,2023-02-02,2024-01-18,350,-7.66
223,2022-03-19,2022-03-29,10,-1.47
223,2022-05-18,2022-07-22,65,-2.93
223,2023-04-01,2024-04-20,385,-10.76
223,2024-11-08,2025-05-07,180,-13.82
223,2025-09-21,2026-04-02,193,-2.89
224,2022-06-27,2022-07-12,15,-1.77
224,2022-12-07,2023-01-01,25,-1.77
224,2024-03-11,2024-03-16,5,-1.33
224,2024-12-08,2026-02-19,438,-10.55
224,2026-03-28,2026-04-07,10,-2.64
225,2022-07-22,2022-08-09,18,-1.69
225,2024-12-11,2025-09-02,265,-3.73
225,2025-12-10,2025-12-23,13,-1.9
226,2022-05-28,2022-05-28,0,-1.31
226,2022-11-02,2023-08-19,290,-7.93
226,2025-11-01,2025-12-23,52,-1.51
227,2022-05-28,2022-05-31,3,-1.6
227,2022-11-09,2023-11-19,375,-8.62
227,2025-11-08,2026-04-30,173,-3.85
228,2022-06-27,2022-07-12,15,-1.85
228,2023-11-24,2023-12-12,18,-1.96
228,2024-01-18,2024-03-16,58,-2.35
228,2024-11-08,2025-08-08,273,-14.34
228,2025-10-09,2026-04-20,193,-5.86
229,2022-06-27,2022-07-22,25,-2.31
229,2024-03-11,2024-03-16,5,-1.42
229,2024-10-27,2025-12-26,425,-6.59
229,2026-02-16,2026-04-07,50,-2.16
230,2024-12-26,2025-09-02,250,-4.37
230,2025-10-31,2025-11-16,16,-2.34
231,2022-08-31,2023-10-13,408,-7.0
232,2022-05-28,2022-05-31,3,-1.45
232,2022-07-05,2022-07-15,10,-1.33
232,2022-09-03,2024-01-11,495,-7.6
232,2024-02-20,2024-02-27,7,-1.78
233,2022-02-10,2022-05-06,85,-2.48
233,2022-07-05,2022-07-15,10,-1.66
233,2023-01-01,2024-01-23,387,-8.59
234,2023-02-15,2023-02-15,0,-1.35
234,2023-04-03,2023-04-16,13,-1.68
234,2024-11-13,2026-05-17,550,-9.04
235,2023-08-09,2023-08-09,0,-2.73
235,2024-11-26,2026-04-02,492,-8.1
236,2022-05-13,2022-05-18,5,-1.49
236,2022-06-20,2022-09-28,100,-2.32
236,2024-12-16,2025-09-02,260,-3.89
236,2025-11-06,2025-12-01,25,-3.07
237,2022-08-29,2022-08-29,0,-1.72
237,2024-12-16,2025-09-02,260,-3.85
237,2025-11-06,2025-12-08,32,-2.29
238,2022-07-15,2022-07-25,10,-1.45
238,2023-09-30,2023-10-03,3,-1.53
238,2024-12-06,2025-08-23,260,-5.27
238,2025-11-08,2026-01-05,58,-1.98
239,2022-02-02,2022-02-10,8,-1.39
239,2022-11-22,2022-11-24,2,-1.99
239,2023-04-01,2024-02-10,315,-11.43
239,2026-03-28,2026-04-02,5,-1.78
240,2022-11-19,2022-12-09,20,-2.55
240,2023-01-31,2024-04-05,430,-9.63
240,2025-01-12,2025-01-15,3,-1.69
240,2026-02-14,2026-02-26,12,-1.57
241,2022-07-05,2022-07-15,10,-1.85
241,2023-03-24,2023-06-05,73,-14.12
241,2023-08-09,2024-03-21,225,-7.32
242,2022-07-15,2022-07-22,7,-1.48
242,2023-04-03,2023-04-16,13,-1.88
242,2023-08-14,2023-09-10,27,-2.1
242,2023-12-17,2024-01-11,25,-1.4
242,2024-11-16,2026-03-01,470,-13.29
243,2022-11-22,2022-11-22,0,-1.31
243,2023-04-03,2023-04-16,13,-1.73
243,2024-12-06,2026-05-12,522,-17.73
244,2022-06-20,2022-06-25,5,-2.15
244,2023-09-28,2023-10-03,5,-1.46
244,2024-11-26,2025-08-23,270,-3.76
244,2025-11-06,2025-12-08,32,-1.71
245,2022-11-22,2022-11-24,2,-1.32
245,2023-08-29,2023-11-09,72,-1.71
245,2024-10-02,2025-10-02,365,-17.42
246,2022-11-22,2022-11-24,2,-1.4
246,2023-10-05,2023-10-10,5,-1.7
246,2023-11-27,2024-02-22,87,-1.61
246,2024-10-19,2025-09-04,320,-9.45
246,2026-03-28,2026-04-07,10,-2.75
246,2026-09-04,2026-09-04,0,-1.87
247,2023-10-08,2024-01-06,90,-1.7
247,2024-02-15,2024-02-22,7,-1.6
247,2024-10-24,2025-09-29,340,-26.67
247,2026-01-05,2026-01-12,7,-1.33
248,2024-09-27,2025-12-28,457,-8.85
249,2023-09-30,2023-10-18,18,-1.55
249,2023-11-19,2024-01-01,43,-1.6
249,2024-04-05,2024-04-07,2,-1.52
249,2024-10-04,2025-12-23,445,-10.68
250,2022-07-05,2022-07-15,10,-1.32
250,2023-10-05,2024-01-01,88,-1.74
250,2024-02-10,2024-02-15,5,-1.33
250,2024-09-27,2025-08-23,330,-5.25
250,2025-12-06,2025-12-10,4,-1.53
250,2026-01-30,2026-09-17,230,-4.23
251,2022-06-20,2022-06-25,5,-1.91
251,2022-08-04,2022-08-06,2,-1.49
251,2023-09-25,2023-10-08,13,-1.61
251,2024-10-19,2025-08-23,308,-2.91
251,2025-11-08,2025-11-11,3,-1.32
252,2022-01-31,2022-03-17,45,-6.06
252,2024-04-07,2024-04-22,15,-1.77
252,2024-12-26,2025-01-02,7,-2.97
252,2025-07-21,2025-07-26,5,-1.68
252,2025-11-08,2025-11-26,18,-2.16
252,2026-02-16,2026-02-16,0,-1.85
252,2026-03-28,2026-04-19,22,-3.49
253,2022-01-31,2022-02-10,10,-1.64
253,2022-03-17,2022-03-17,0,-3.71
253,2022-05-18,2022-05-31,13,-1.54
253,2024-10-14,2025-03-06,143,-2.78
253,2025-07-21,2025-07-26,5,-1.87
253,2026-04-07,2026-04-17,10,-1.52
254,2022-02-02,2022-02-12,10,-1.86
254,2024-10-29,2025-05-20,203,-3.58
254,2025-07-09,2025-07-24,15,-1.45
254,2025-11-08,2025-11-13,5,-1.35
255,2022-03-29,2022-06-25,88,-1.8
255,2024-10-14,2025-06-04,233,-2.92
255,2025-07-09,2025-07-26,17,-1.86
255,2025-11-08,2025-12-23,45,-2.14
256,2022-02-02,2022-02-12,10,-1.74
256,2022-03-17,2022-03-17,0,-3.32
256,2024-10-17,2025-04-20,185,-3.24
256,2025-07-21,2025-07-26,5,-1.46
256,2025-12-06,2025-12-10,4,-1.42
256,2026-04-07,2026-04-17,10,-1.84
257,2022-10-25,2022-11-14,20,-1.57
257,2025-03-01,2025-03-06,5,-1.39
257,2025-04-10,2025-04-12,2,-1.33
257,2025-06-11,2025-08-13,63,-1.88
257,2025-11-06,2025-11-16,10,-1.44
258,2022-01-31,2022-02-10,10,-1.9
258,2022-03-17,2022-03-17,0,-3.4
258,2022-04-28,2022-05-18,20,-1.41
258,2023-11-27,2023-12-04,7,-1.87
258,2024-04-07,2024-04-22,15,-1.86
258,2025-01-12,2025-01-12,0,-7.9
258,2025-07-21,2025-07-29,8,-1.8
258,2025-11-16,2025-11-23,7,-1.71
258,2026-04-07,2026-04-17,10,-2.09
259,2022-03-17,2022-03-17,0,-3.01
259,2022-05-18,2022-05-31,13,-1.62
259,2022-12-07,2022-12-07,0,-1.42
259,2024-10-14,2025-01-12,90,-2.49
259,2025-03-01,2025-03-18,17,-2.01
259,2025-07-21,2025-07-26,5,-1.66
259,2025-11-08,2025-12-10,32,-2.41
259,2026-03-28,2026-04-27,30,-2.23
260,2022-03-17,2022-03-17,0,-2.94
260,2022-05-18,2022-05-31,13,-1.53
260,2023-10-08,2023-10-08,0,-1.39
260,2024-10-14,2025-04-02,170,-3.81
260,2025-07-21,2025-07-26,5,-1.6
260,2025-11-08,2025-12-10,32,-3.22
260,2026-04-07,2026-04-17,10,-2.06
261,2022-02-02,2022-03-17,43,-4.27
261,2023-10-08,2023-10-08,0,-1.34
261,2024-10-14,2025-03-06,143,-4.59
261,2025-07-21,2025-07-26,5,-1.5
261,2025-12-06,2025-12-10,4,-1.58
261,2026-03-28,2026-04-19,22,-2.12
262,2022-01-31,2022-01-31,0,-1.54
262,2023-09-30,2023-10-10,10,-1.63
262,2024-03-11,2024-03-16,5,-1.32
262,2024-10-14,2025-03-21,158,-3.49
262,2025-11-08,2025-12-03,25,-1.89
262,2026-03-28,2026-04-19,22,-2.12
263,2023-09-28,2023-11-02,35,-1.88
263,2024-03-11,2024-03-16,5,-1.76
263,2024-10-22,2025-02-04,105,-5.11
263,2026-03-28,2026-04-17,20,-3.85
264,2022-03-17,2022-03-17,0,-2.81
264,2024-03-11,2024-06-04,85,-1.49
264,2024-12-26,2024-12-28,2,-1.76
264,2025-11-21,2025-11-23,2,-1.37
264,2026-04-07,2026-04-17,10,-1.91
265,2022-02-02,2022-02-10,8,-1.53
265,2022-05-13,2022-05-31,18,-1.7
265,2024-05-17,2024-06-21,35,-1.68
265,2024-11-16,2025-03-26,130,-6.29
265,2025-05-20,2025-05-27,7,-1.56
265,2025-07-21,2025-07-29,8,-1.96
265,2025-12-06,2025-12-10,4,-1.92
265,2026-04-07,2026-04-27,20,-1.58
266,2022-03-17,2022-03-17,0,-1.61
266,2022-04-23,2022-05-18,25,-2.69
266,2024-05-17,2024-05-17,0,-1.83
266,2024-09-27,2025-03-08,162,-10.29
266,2025-07-21,2025-07-26,5,-1.51
266,2025-12-06,2025-12-10,4,-3.53
266,2026-03-28,2026-04-17,20,-2.02
267,2022-01-31,2022-02-02,2,-1.47
267,2022-03-17,2022-03-17,0,-3.94
267,2022-05-18,2022-05-31,13,-1.56
267,2024-10-14,2024-11-03,20,-1.49
267,2024-12-26,2025-01-20,25,-6.74
267,2025-03-01,2025-03-18,17,-1.9
267,2025-11-16,2025-12-10,24,-4.69
267,2026-04-07,2026-04-17,10,-1.51
268,2022-05-18,2022-06-25,38,-1.46
268,2024-03-11,2024-03-16,5,-2.03
268,2024-10-12,2025-03-26,165,-4.3
268,2025-07-21,2025-07-26,5,-1.98
268,2025-11-06,2025-12-10,34,-2.63
268,2026-04-07,2026-04-17,10,-1.47
269,2023-08-16,2023-08-19,3,-1.67
269,2023-09-30,2023-11-02,33,-2.12
269,2024-03-11,2024-03-16,5,-1.86
269,2024-11-28,2025-01-27,60,-5.14
269,2025-03-01,2025-03-06,5,-1.42
269,2026-03-28,2026-04-19,22,-3.41
270,2022-02-12,2022-02-12,0,-1.33
270,2022-03-17,2022-03-17,0,-2.62
270,2024-05-07,2024-06-04,28,-1.66
270,2024-10-04,2024-10-22,18,-1.43
270,2024-12-26,2025-01-15,20,-1.51
270,2025-07-21,2025-09-19,60,-2.89
270,2025-10-29,2025-11-08,10,-1.9
271,2024-03-21,2024-04-05,15,-1.61
271,2024-05-20,2024-05-20,0,-1.5
271,2024-12-23,2025-09-29,280,-4.35
272,2022-01-31,2022-02-10,10,-2.0
272,2022-03-17,2022-03-17,0,-2.23
272,2022-05-18,2022-07-15,58,-2.62
272,2025-01-12,2025-01-12,0,-8.28
272,2025-03-01,2025-03-08,7,-1.33
272,2025-11-08,2025-12-13,35,-2.52
272,2026-03-28,2026-04-27,30,-4.56
273,2022-03-17,2022-03-17,0,-2.75
273,2024-05-17,2024-05-17,0,-1.32
273,2025-01-02,2025-01-20,18,-5.73
273,2025-03-01,2025-03-06,5,-1.38
273,2025-11-08,2025-11-16,8,-1.81
273,2026-03-28,2026-04-19,22,-2.08
274,2022-06-27,2022-07-12,15,-1.48
274,2024-03-11,2024-03-16,5,-1.85
274,2024-10-29,2025-04-20,173,-4.81
274,2025-07-21,2025-07-26,5,-1.63
274,2025-11-08,2025-11-13,5,-1.9
275,2023-09-30,2023-10-10,10,-1.4
275,2024-10-14,2025-04-02,170,-3.16
275,2025-07-21,2025-08-23,33,-1.93
275,2025-11-08,2025-11-16,8,-1.78
276,2022-06-20,2022-07-15,25,-2.13
276,2023-02-05,2023-06-05,120,-2.96
276,2025-11-08,2025-11-13,5,-1.63
276,2026-02-04,2026-02-04,0,-1.35
276,2026-03-16,2026-04-02,17,-1.51
277,2024-05-07,2024-06-21,45,-1.75
277,2025-04-10,2025-04-30,20,-1.99
277,2025-06-04,2025-08-23,80,-2.06
277,2026-04-07,2026-04-07,0,-1.67
278,2024-05-20,2024-05-20,0,-1.83
278,2025-01-12,2025-01-12,0,-2.6
278,2025-04-22,2025-04-25,3,-1.34
278,2025-06-09,2025-07-26,47,-2.11
278,2026-08-05,2026-08-13,8,-1.37
279,2024-12-28,2025-01-15,18,-2.29
279,2025-03-01,2025-04-12,42,-1.86
279,2025-07-19,2025-09-19,62,-3.14
279,2025-11-06,2025-11-28,22,-1.99
280,2023-04-06,2023-06-17,72,-1.91
280,2024-12-03,2025-02-04,63,-3.46
280,2025-07-19,2025-12-10,144,-2.22
280,2026-02-14,2026-02-16,2,-1.49
281,2022-04-28,2022-05-18,20,-1.59
281,2022-06-20,2022-08-04,45,-2.51
281,2022-11-14,2022-11-17,3,-1.47
281,2023-08-16,2023-08-26,10,-1.38
281,2023-09-30,2023-10-03,3,-1.42
281,2025-03-01,2025-03-03,2,-1.31
281,2025-07-16,2025-08-23,38,-2.12
281,2025-11-06,2025-12-23,47,-2.09
282,2023-04-01,2023-04-11,10,-2.25
282,2024-02-20,2024-03-16,25,-1.53
282,2024-11-26,2025-01-10,45,-2.01
283,2023-02-02,2023-06-17,135,-2.15
283,2023-08-19,2023-08-19,0,-1.39
283,2023-09-30,2023-10-10,10,-1.93
283,2024-12-16,2025-01-27,42,-4.36
283,2026-02-14,2026-02-14,0,-2.58
283,2026-03-28,2026-04-07,10,-4.91
284,2022-02-12,2022-02-15,3,-1.9
284,2023-02-22,2024-01-08,320,-8.95
284,2024-04-27,2024-06-11,45,-5.68
284,2024-09-04,2024-10-17,43,-3.2
284,2025-10-12,2025-10-14,2,-1.56
284,2026-07-11,2026-08-15,35,-2.45
285,2022-02-02,2022-02-02,0,-1.49
285,2022-11-14,2022-11-17,3,-1.37
285,2023-02-07,2023-03-04,25,-1.75
285,2023-09-28,2023-10-03,5,-1.39
285,2024-10-14,2024-10-29,15,-1.32
285,2025-02-21,2025-04-20,58,-2.39
285,2025-06-14,2025-09-19,97,-2.38
285,2025-11-08,2025-12-28,50,-1.6
286,2022-06-25,2022-07-12,17,-1.84
286,2023-03-22,2023-04-03,12,-1.75
286,2024-03-11,2024-03-16,5,-1.68
286,2024-12-26,2024-12-26,0,-2.19
286,2025-03-01,2025-04-10,40,-1.97
286,2025-05-25,2025-05-30,5,-2.92
286,2025-11-06,2025-12-23,47,-2.36
286,2026-02-14,2026-02-19,5,-1.49
287,2023-04-01,2023-04-01,0,-5.81
287,2023-08-19,2023-09-03,15,-1.89
287,2024-01-11,2024-04-20,100,-2.8
287,2024-12-16,2025-01-27,42,-8.34
287,2026-02-14,2026-02-14,0,-4.64
287,2026-03-28,2026-04-07,10,-5.12
288,2022-10-25,2022-11-02,8,-1.38
288,2023-02-07,2023-09-03,208,-6.06
288,2023-11-09,2024-01-11,63,-2.1
288,2024-04-27,2024-06-24,58,-6.18
288,2024-08-05,2025-02-04,183,-8.86
288,2025-10-31,2025-10-31,0,-2.41
288,2026-03-16,2026-03-28,12,-2.23
288,2026-07-11,2026-07-16,5,-1.45
289,2022-07-22,2022-08-11,20,-2.05
289,2022-09-23,2022-09-25,2,-1.37
289,2022-11-12,2022-12-22,40,-1.88
289,2023-02-07,2023-04-06,58,-1.99
289,2024-12-28,2024-12-28,0,-1.31
289,2025-02-04,2026-02-09,370,-7.56
290,2023-03-12,2023-04-03,22,-1.47
290,2025-06-11,2026-01-02,205,-3.8
291,2022-02-02,2022-02-12,10,-2.52
291,2023-03-12,2023-04-11,30,-7.03
291,2023-12-09,2024-04-12,125,-2.64
291,2024-11-26,2025-01-27,62,-5.15
291,2026-02-14,2026-02-16,2,-3.17
291,2026-03-28,2026-04-17,20,-4.04
292,2022-02-15,2022-02-15,0,-2.18
292,2023-04-01,2023-04-01,0,-7.0
292,2023-11-29,2023-12-04,5,-2.49
292,2024-01-11,2024-01-23,12,-1.68
292,2024-03-11,2024-04-12,32,-1.41
292,2024-10-24,2025-01-27,95,-6.13
292,2026-02-14,2026-02-14,0,-3.83
292,2026-03-28,2026-04-07,10,-5.03
293,2023-02-07,2023-06-12,125,-3.64
293,2025-03-03,2026-01-12,315,-6.45
294,2023-03-07,2023-05-01,55,-8.47
294,2023-12-09,2023-12-09,0,-1.49
294,2024-01-11,2024-04-12,92,-1.91
294,2024-12-03,2025-01-27,55,-6.15
294,2025-12-03,2025-12-13,10,-1.86
294,2026-02-14,2026-02-16,2,-3.18
294,2026-03-28,2026-04-07,10,-5.01
295,2023-04-01,2023-04-01,0,-6.68
295,2023-12-07,2023-12-17,10,-1.31
295,2024-03-11,2024-03-16,5,-1.68
295,2024-10-27,2025-01-27,92,-5.22
295,2025-11-11,2025-12-13,32,-1.74
295,2026-02-14,2026-02-16,2,-1.88
295,2026-03-28,2026-04-07,10,-3.47
296,2023-02-15,2023-06-12,117,-4.38
296,2024-12-26,2025-01-15,20,-1.81
296,2025-03-01,2026-02-24,360,-8.38
297,2022-02-12,2022-02-15,3,-2.32
297,2022-05-13,2022-07-22,70,-1.72
297,2023-02-07,2023-05-28,110,-5.78
297,2024-12-16,2025-01-27,42,-6.56
297,2025-03-26,2025-05-24,59,-1.57
297,2025-07-21,2025-08-08,18,-1.52
297,2025-10-19,2025-12-13,55,-2.74
297,2026-02-04,2026-02-19,15,-2.48
297,2026-03-28,2026-04-07,10,-4.24
298,2022-07-05,2022-07-05,0,-1.63
298,2022-11-22,2022-12-02,10,-1.71
298,2023-02-07,2023-12-27,323,-10.41
298,2025-10-12,2026-04-27,197,-6.7
298,2026-07-11,2026-07-16,5,-1.63
299,2022-01-31,2022-02-12,12,-3.51
299,2022-03-17,2022-03-17,0,-1.69
299,2023-11-29,2023-12-02,3,-1.53
299,2024-10-19,2024-11-18,30,-1.53
299,2024-12-26,2024-12-26,0,-1.56
299,2025-07-21,2025-07-26,5,-1.55
299,2025-11-06,2025-11-13,7,-1.51
300,2023-12-27,2023-12-27,0,-1.57
300,2024-09-29,2025-03-01,153,-2.8
300,2025-05-25,2025-05-30,5,-1.69
300,2025-07-21,2025-07-26,5,-1.36
301,2023-09-28,2023-10-08,10,-1.44
301,2023-12-27,2023-12-27,0,-1.35
301,2024-10-02,2025-03-18,167,-2.93
301,2025-05-24,2025-05-30,6,-2.04
301,2025-07-19,2025-07-21,2,-1.38
302,2022-01-31,2022-01-31,0,-2.07
302,2022-03-17,2022-03-17,0,-3.0
302,2023-11-29,2023-11-29,0,-1.86
302,2024-04-07,2024-04-12,5,-1.48
302,2024-09-29,2025-03-01,153,-2.98
303,2022-01-31,2022-01-31,0,-2.35
303,2024-09-29,2025-03-01,153,-2.45
303,2025-07-19,2025-07-26,7,-1.4
304,2024-10-17,2024-12-28,72,-2.16
304,2025-01-30,2025-03-01,30,-2.11
304,2025-07-19,2025-07-26,7,-1.4
305,2023-12-19,2023-12-27,8,-1.38
305,2024-10-04,2024-10-12,8,-1.33
305,2024-12-03,2025-01-05,33,-2.95
305,2025-11-08,2025-11-16,8,-1.5
306,2022-03-17,2022-03-17,0,-1.83
306,2024-10-02,2025-03-06,155,-2.21
307,2022-03-17,2022-03-17,0,-2.83
307,2023-11-14,2023-12-04,20,-1.97
307,2024-01-13,2024-02-10,28,-1.41
307,2024-04-07,2024-04-12,5,-1.5
307,2024-05-20,2024-05-27,7,-1.76
307,2024-10-04,2025-01-15,103,-7.14
307,2026-03-28,2026-04-17,20,-3.86
308,2022-03-17,2022-03-17,0,-6.45
308,2024-09-29,2025-03-06,158,-3.99
308,2025-11-08,2025-12-10,32,-1.81
308,2026-03-28,2026-04-07,10,-3.52
309,2022-01-31,2022-01-31,0,-1.92
309,2024-03-21,2024-03-28,7,-2.03
309,2024-12-03,2024-12-08,5,-1.39
309,2025-03-01,2025-03-06,5,-1.51
310,2022-01-31,2022-02-02,2,-1.64
310,2022-03-17,2022-08-04,140,-3.2
310,2024-10-14,2025-03-06,143,-3.64
310,2025-11-06,2025-11-23,17,-1.89
311,2022-06-12,2022-07-15,33,-1.82
311,2023-10-08,2023-10-08,0,-1.43
311,2024-10-14,2025-08-23,313,-3.27
311,2025-11-06,2025-11-16,10,-1.51
312,2022-02-02,2022-08-06,185,-10.39
312,2024-10-04,2025-02-04,123,-5.24
312,2025-12-06,2025-12-10,4,-2.35
312,2026-02-14,2026-02-14,0,-2.47
313,2024-02-22,2024-03-08,15,-1.51
313,2024-12-26,2025-01-05,10,-1.69
313,2025-03-01,2025-03-06,5,-1.42
314,2022-03-17,2022-03-17,0,-4.98
314,2022-06-20,2022-07-15,25,-1.72
314,2024-11-13,2025-05-30,198,-4.72
314,2025-07-21,2025-08-12,22,-1.46
314,2025-11-06,2025-11-23,17,-2.23
314,2026-02-16,2026-02-16,0,-2.03
314,2026-03-28,2026-04-07,10,-1.5
315,2022-03-29,2022-04-23,25,-1.5
315,2022-06-20,2022-07-22,32,-2.15
315,2024-10-29,2025-06-01,215,-4.41
315,2025-07-21,2025-08-23,33,-1.71
315,2025-11-06,2025-11-13,7,-1.9
316,2022-06-20,2022-07-25,35,-1.74
316,2024-10-19,2025-05-25,218,-1.83
316,2025-07-11,2025-08-23,43,-1.46
316,2025-11-06,2025-12-01,25,-2.21
317,2022-01-31,2022-02-02,2,-2.33
317,2022-03-17,2022-03-17,0,-3.64
317,2023-08-26,2023-08-26,0,-1.38
317,2023-11-29,2023-11-29,0,-1.34
317,2024-09-12,2025-02-11,152,-3.73
318,2022-02-02,2022-02-02,0,-1.56
318,2023-10-08,2023-10-10,2,-1.45
318,2023-12-19,2024-01-01,13,-1.35
318,2024-12-26,2025-04-12,107,-2.59
318,2025-11-23,2025-12-01,8,-1.35
319,2024-10-27,2025-07-26,272,-5.45
320,2022-05-28,2022-05-31,3,-1.48
320,2024-02-20,2024-02-20,0,-1.95
320,2024-10-14,2025-05-30,228,-5.41
320,2025-07-21,2025-07-26,5,-1.33
320,2025-11-06,2025-12-10,34,-1.53
321,2022-06-02,2022-06-02,0,-1.36
321,2022-07-05,2022-08-04,30,-2.07
321,2024-11-16,2024-11-18,2,-1.31
321,2024-12-26,2025-06-01,157,-2.23
321,2025-08-23,2025-08-23,0,-1.36
321,2025-11-08,2025-11-16,8,-1.96
322,2022-03-17,2022-03-17,0,-4.2
322,2022-05-28,2022-05-31,3,-1.37
322,2022-07-05,2022-07-15,10,-1.96
322,2022-09-25,2022-11-24,60,-2.14
322,2024-12-26,2024-12-28,2,-1.63
322,2025-05-17,2025-09-04,110,-2.47
323,2022-03-17,2022-03-17,0,-1.56
323,2022-07-05,2022-07-15,10,-1.31
323,2022-09-18,2022-10-25,37,-1.42
323,2023-12-19,2024-01-01,13,-1.46
323,2024-02-20,2024-02-20,0,-1.47
323,2025-05-25,2025-05-25,0,-1.45
323,2025-07-21,2025-07-26,5,-1.3
324,2022-06-15,2022-07-15,30,-1.35
324,2023-08-31,2023-12-02,93,-2.33
324,2024-12-26,2025-03-06,70,-2.53
324,2025-05-30,2025-06-01,2,-1.47
324,2025-12-10,2025-12-23,13,-1.38
325,2022-03-17,2022-07-12,117,-7.23
325,2024-10-14,2025-04-25,193,-5.45
325,2025-07-21,2025-07-26,5,-1.58
325,2025-11-08,2025-12-10,32,-1.66
325,2026-02-16,2026-02-16,0,-2.12
326,2022-03-17,2022-03-17,0,-11.69
326,2022-06-25,2022-11-24,152,-3.62
326,2024-12-16,2025-01-27,42,-3.72
326,2026-02-14,2026-02-16,2,-2.55
326,2026-03-28,2026-04-07,10,-2.13
327,2022-02-02,2022-02-02,0,-1.49
327,2022-03-17,2022-03-17,0,-11.64
327,2022-06-17,2022-08-04,48,-1.75
327,2023-07-15,2023-07-17,2,-1.53
327,2023-09-30,2023-11-24,55,-1.73
327,2024-10-24,2025-03-06,133,-4.96
327,2026-02-14,2026-02-14,0,-1.86
328,2022-03-17,2022-03-17,0,-2.53
328,2022-06-20,2022-06-25,5,-1.46
328,2023-09-30,2023-10-15,15,-1.57
328,2024-12-03,2025-02-11,70,-2.71
329,2022-03-17,2022-03-17,0,-8.87
329,2023-10-05,2023-12-07,63,-1.67
329,2024-10-09,2025-03-06,148,-5.66
329,2025-05-20,2025-05-25,5,-1.47
329,2025-12-06,2025-12-10,4,-3.4
329,2026-03-28,2026-04-07,10,-3.23
330,2022-01-31,2022-02-07,7,-2.22
330,2022-03-17,2022-03-17,0,-6.99
330,2023-12-09,2023-12-12,3,-1.31
330,2024-04-05,2024-06-24,80,-1.9
330,2024-10-22,2025-03-06,135,-3.86
331,2022-01-23,2022-02-10,18,-2.37
331,2022-11-17,2022-11-24,7,-1.4
331,2023-09-28,2023-09-30,2,-1.6
331,2024-03-28,2024-04-07,10,-1.45
331,2024-05-17,2024-07-14,58,-2.82
331,2024-09-12,2025-03-06,175,-6.26
331,2025-12-06,2025-12-10,4,-2.04
332,2022-01-23,2022-03-27,63,-2.59
332,2023-10-10,2024-07-06,270,-2.82
332,2024-12-26,2025-01-02,7,-3.3
333,2022-07-05,2022-07-22,17,-1.6
333,2023-09-28,2023-10-10,12,-1.82
333,2024-11-16,2025-08-23,280,-3.21
334,2022-05-18,2022-08-01,75,-2.65
334,2023-09-23,2023-10-08,15,-1.69
334,2024-08-23,2024-11-26,95,-1.8
334,2025-02-11,2025-08-23,193,-3.01
334,2025-11-13,2025-12-23,40,-1.92
335,2022-05-13,2022-05-18,5,-1.97
335,2022-06-20,2022-08-26,67,-3.12
335,2024-10-02,2025-01-12,102,-2.64
335,2025-03-01,2025-04-02,32,-2.57
335,2025-05-17,2025-06-04,18,-2.0
335,2025-07-09,2025-08-23,45,-2.1
335,2025-11-06,2025-11-21,15,-2.09
336,2022-07-05,2022-07-22,17,-1.73
336,2023-09-28,2023-10-08,10,-1.57
336,2024-12-03,2025-09-04,275,-2.97
336,2025-12-03,2025-12-23,20,-1.99
337,2022-06-20,2022-08-04,45,-2.72
337,2024-12-03,2025-09-04,275,-2.6
337,2025-12-06,2025-12-23,17,-2.15
338,2022-06-20,2022-07-22,32,-1.72
338,2023-09-25,2023-10-08,13,-1.75
338,2024-10-02,2025-07-11,282,-4.48
338,2025-08-23,2025-08-23,0,-1.36
338,2025-11-06,2025-12-10,34,-2.65
338,2026-02-01,2026-02-01,0,-1.73
339,2023-09-30,2023-10-08,8,-1.3
339,2024-11-16,2025-04-17,152,-3.89
340,2022-07-05,2022-08-01,27,-2.45
340,2023-09-23,2023-10-08,15,-2.09
340,2024-10-29,2024-11-08,10,-1.51
340,2025-01-30,2025-08-23,205,-3.11
340,2025-11-06,2025-12-23,47,-2.09
341,2022-05-13,2022-05-18,5,-2.09
341,2022-06-20,2022-08-09,50,-4.32
341,2024-10-02,2025-01-10,100,-1.9
341,2025-03-01,2025-03-26,25,-2.69
341,2025-05-17,2025-09-04,110,-2.48
341,2025-11-06,2025-12-23,47,-1.8
342,2022-02-15,2022-02-15,0,-1.68
342,2022-05-13,2022-05-23,10,-2.07
342,2022-06-25,2022-07-15,20,-3.51
342,2023-01-31,2023-02-02,2,-1.75
342,2024-03-08,2024-03-08,0,-3.78
342,2024-11-23,2025-01-12,50,-5.31
342,2025-03-01,2025-04-05,35,-2.25
342,2025-05-07,2025-09-19,135,-3.09
342,2025-11-06,2025-12-13,37,-2.21
342,2026-03-16,2026-04-02,17,-2.63
343,2022-07-05,2022-07-22,17,-1.71
343,2024-12-03,2025-09-24,295,-3.29
343,2025-12-03,2026-01-05,33,-1.75
344,2022-06-20,2022-07-05,15,-1.48
344,2023-09-28,2023-10-08,10,-1.8
344,2024-10-22,2025-09-04,317,-3.86
345,2024-11-13,2025-08-28,288,-5.12
345,2025-12-03,2025-12-13,10,-2.05
346,2022-02-12,2022-02-12,0,-2.5
346,2022-07-05,2022-07-22,17,-1.76
346,2024-10-27,2025-04-05,160,-3.32
346,2025-05-15,2025-08-23,100,-1.65
346,2025-11-13,2025-12-23,40,-2.29
347,2022-07-05,2022-07-22,17,-1.79
347,2024-04-05,2024-04-12,7,-1.42
347,2024-12-26,2025-09-19,267,-2.69
347,2025-12-01,2026-01-05,35,-2.46
348,2024-03-08,2024-03-16,8,-1.79
348,2024-12-16,2025-09-02,260,-4.09
348,2025-12-03,2025-12-13,10,-1.67
349,2023-09-30,2023-10-03,3,-1.64
349,2024-10-27,2025-05-24,209,-3.95
349,2025-07-21,2025-08-23,33,-1.7
349,2025-11-16,2025-12-13,27,-1.76
350,2022-07-05,2022-07-22,17,-1.64
350,2023-10-08,2023-10-08,0,-1.36
350,2024-05-17,2024-05-22,5,-1.62
350,2024-12-26,2025-06-01,157,-3.05
350,2025-07-09,2025-09-04,57,-2.37
350,2025-11-16,2025-12-13,27,-1.81
351,2022-05-18,2022-05-28,10,-1.38
351,2022-07-05,2022-07-22,17,-2.22
351,2024-05-17,2024-05-22,5,-1.51
351,2024-10-29,2024-11-01,3,-1.32
351,2024-12-03,2025-09-02,273,-2.62
351,2025-12-01,2025-12-23,22,-2.35
352,2024-10-22,2024-12-03,42,-1.8
352,2025-01-10,2025-08-23,225,-4.21
352,2025-12-01,2025-12-13,12,-1.89
353,2025-01-25,2025-09-21,239,-4.11
353,2025-11-11,2025-12-23,42,-2.08
354,2022-03-19,2022-03-29,10,-1.8
354,2022-07-05,2022-08-01,27,-2.01
354,2024-12-26,2025-09-17,265,-3.97
354,2025-11-11,2026-01-05,55,-2.25
355,2022-03-27,2022-03-29,2,-1.89
355,2022-07-05,2022-07-25,20,-1.88
355,2024-12-03,2025-09-24,295,-3.62
355,2025-11-11,2025-12-30,49,-2.67
356,2022-05-28,2022-06-27,30,-1.65
356,2023-09-25,2023-10-08,13,-1.97
356,2024-10-27,2025-08-23,300,-3.15
356,2025-11-13,2025-12-23,40,-1.44
357,2022-05-11,2022-05-18,7,-1.32
357,2022-07-22,2022-08-31,40,-2.18
357,2023-09-25,2023-10-10,15,-2.03
357,2024-10-29,2025-08-23,298,-3.17
357,2025-11-13,2026-01-05,53,-1.64
358,2022-05-18,2022-05-28,10,-1.8
358,2023-09-28,2023-10-08,10,-1.36
358,2024-05-20,2024-05-20,0,-1.62
358,2024-10-29,2024-11-01,3,-1.39
358,2024-12-26,2025-08-23,240,-2.99
359,2022-04-28,2022-05-28,30,-1.49
359,2022-07-22,2022-07-25,3,-1.53
359,2024-12-16,2025-08-13,240,-2.77
360,2022-03-14,2022-04-06,23,-1.84
360,2022-07-25,2022-07-25,0,-1.48
360,2024-12-11,2025-09-04,267,-4.02
360,2025-11-11,2025-11-16,5,-1.37
361,2022-03-27,2022-03-29,2,-2.01
361,2022-05-18,2022-08-06,80,-2.99
361,2023-09-30,2023-10-03,3,-1.31
361,2024-12-13,2025-09-24,285,-3.98
361,2025-11-11,2025-12-30,49,-2.17
362,2022-07-15,2022-08-01,17,-1.77
362,2023-09-28,2023-10-03,5,-1.9
362,2025-01-05,2025-09-04,242,-4.11
362,2025-11-06,2025-12-31,55,-2.64
363,2022-05-28,2022-07-25,58,-1.85
363,2023-09-25,2023-10-08,13,-2.17
363,2024-10-22,2025-08-23,305,-3.31
363,2025-11-13,2025-12-30,47,-1.71
364,2023-09-28,2023-10-08,10,-1.66
364,2024-10-24,2025-07-29,278,-2.41
364,2025-11-13,2025-12-23,40,-1.6
365,2023-09-25,2023-10-08,13,-1.62
365,2024-10-29,2025-07-29,273,-2.84
365,2025-11-16,2025-12-30,44,-2.0
366,2022-03-19,2022-03-29,10,-1.66
366,2022-06-15,2022-06-20,5,-1.61
366,2023-09-28,2023-09-30,2,-1.53
366,2024-12-26,2024-12-28,2,-1.44
366,2025-01-30,2025-06-01,122,-2.27
366,2025-07-11,2025-08-23,43,-2.0
366,2025-11-08,2025-11-08,0,-1.34
367,2022-06-02,2022-08-04,63,-1.96
367,2023-09-25,2023-10-10,15,-1.73
367,2024-12-06,2025-06-01,177,-2.42
367,2025-07-11,2025-08-23,43,-1.67
367,2025-11-08,2025-12-10,32,-1.68
368,2023-09-28,2023-10-08,10,-1.57
368,2024-10-29,2024-10-29,0,-2.21
368,2024-12-26,2024-12-28,2,-2.4
368,2025-01-30,2025-08-23,205,-2.48
368,2025-11-13,2025-12-28,45,-1.89
369,2022-06-02,2022-06-02,0,-1.42
369,2024-10-29,2024-11-01,3,-1.44
369,2024-12-11,2025-08-23,255,-2.52
369,2025-11-08,2025-12-28,50,-1.64
370,2022-06-02,2022-06-02,0,-1.3
370,2024-12-26,2024-12-28,2,-2.32
370,2025-01-30,2025-08-23,205,-2.28
370,2025-11-08,2025-12-28,50,-2.14
371,2022-06-02,2022-06-02,0,-1.48
371,2024-12-03,2025-08-23,263,-2.52
371,2025-11-08,2025-12-28,50,-1.68
372,2022-06-02,2022-06-02,0,-1.43
372,2023-09-30,2023-10-03,3,-1.39
372,2024-12-26,2025-09-12,260,-3.39
372,2025-11-06,2025-12-28,52,-2.27
373,2023-09-28,2023-09-28,0,-1.41
373,2024-12-01,2024-12-28,27,-2.48
373,2025-01-30,2025-03-01,30,-2.08
373,2025-05-15,2025-05-30,15,-1.67
373,2025-07-09,2025-08-23,45,-2.09
373,2025-11-08,2025-11-26,18,-1.6
374,2022-05-28,2022-05-31,3,-1.64
374,2023-09-30,2023-10-03,3,-1.66
374,2024-10-29,2025-03-01,123,-5.6
374,2025-07-21,2025-07-26,5,-1.95
374,2025-12-06,2025-12-10,4,-2.44
374,2026-04-07,2026-04-07,0,-1.66
375,2022-06-15,2022-06-20,5,-1.53
375,2023-09-28,2023-10-08,10,-1.8
375,2024-10-19,2025-08-23,308,-3.45
375,2025-11-08,2025-12-28,50,-2.19
376,2022-06-02,2022-06-02,0,-1.3
376,2023-09-30,2023-10-08,8,-1.77
376,2024-10-14,2025-07-29,288,-4.11
376,2025-11-28,2025-12-28,30,-1.88
377,2022-06-15,2022-07-05,20,-1.76
377,2024-11-13,2025-09-19,310,-3.75
377,2025-11-11,2025-12-28,47,-2.22
378,2022-06-02,2022-07-25,53,-1.85
378,2024-10-14,2025-09-17,338,-4.08
378,2025-11-28,2025-12-28,30,-1.55
379,2022-06-15,2022-08-06,52,-1.74
379,2023-09-30,2023-10-10,10,-1.43
379,2024-10-27,2025-08-23,300,-2.8
379,2025-11-08,2025-12-28,50,-1.91
380,2022-06-02,2022-08-04,63,-1.93
380,2023-09-25,2023-10-03,8,-1.44
380,2024-10-29,2025-08-23,298,-2.91
380,2025-11-28,2025-12-28,30,-1.9
381,2022-07-22,2022-07-22,0,-1.68
381,2023-09-30,2023-10-10,10,-1.73
381,2024-10-29,2025-05-27,210,-3.69
381,2025-07-09,2025-08-23,45,-1.95
381,2025-11-08,2025-12-28,50,-1.84
382,2022-06-25,2022-07-15,20,-1.82
382,2023-09-30,2023-10-13,13,-1.7
382,2024-11-08,2025-02-04,88,-3.09
382,2025-04-17,2025-05-24,37,-1.61
382,2025-07-19,2025-08-23,35,-2.25
382,2025-11-28,2025-12-10,12,-1.95
383,2023-09-18,2024-02-22,157,-2.66
383,2024-12-26,2025-02-04,40,-1.65
383,2025-05-20,2025-05-30,10,-1.63
383,2025-07-21,2025-07-26,5,-1.62
384,2022-06-20,2022-06-25,5,-1.33
384,2023-09-10,2024-01-16,128,-4.38
384,2024-02-22,2024-02-27,5,-1.51
384,2024-12-26,2025-01-27,32,-1.94
385,2023-08-19,2024-02-22,187,-4.07
385,2024-12-26,2025-02-11,47,-3.84
386,2022-11-29,2023-10-10,315,-13.02
387,2022-04-28,2022-05-06,8,-1.58
387,2022-06-15,2022-06-20,5,-1.63
387,2023-08-14,2024-06-26,317,-18.08
388,2022-05-01,2022-08-11,102,-2.06
388,2023-08-11,2024-06-16,310,-17.51
389,2022-12-07,2024-02-20,440,-13.85
389,2024-04-25,2024-05-07,12,-3.97
389,2026-07-18,2026-07-19,1,-1.31
390,2023-07-27,2024-08-08,378,-17.34
391,2022-12-12,2023-12-07,360,-13.0
392,2023-03-14,2024-03-13,365,-7.48
393,2022-07-15,2022-12-12,150,-1.99
393,2024-10-12,2025-08-03,295,-14.44
394,2022-02-12,2022-03-17,33,-5.8
394,2022-04-28,2022-07-15,78,-1.76
394,2023-09-28,2023-10-10,12,-1.59
394,2024-10-29,2025-02-04,98,-3.77
394,2025-07-21,2025-07-26,5,-1.62
394,2025-12-06,2025-12-10,4,-1.48
395,2022-03-17,2022-03-17,0,-1.9
395,2023-09-28,2023-10-20,22,-1.97
395,2024-10-29,2024-12-08,40,-1.66
395,2025-01-27,2025-03-16,48,-1.83
395,2025-07-19,2025-07-26,7,-1.74
395,2025-12-08,2025-12-10,2,-1.74
396,2022-03-17,2022-03-17,0,-3.49
396,2022-05-28,2022-05-31,3,-1.72
396,2024-10-14,2025-08-28,318,-3.71
396,2025-11-08,2025-12-13,35,-1.72
397,2022-03-17,2022-03-17,0,-4.01
397,2022-06-15,2022-06-20,5,-1.39
397,2023-10-05,2023-10-18,13,-1.64
397,2024-04-07,2024-04-07,0,-1.74
397,2024-10-14,2025-03-01,138,-1.76
397,2025-04-17,2025-05-20,33,-1.31
397,2025-07-09,2025-07-26,17,-2.13
397,2025-12-06,2025-12-10,4,-1.76
398,2023-09-30,2023-10-08,8,-1.42
398,2024-10-19,2024-10-19,0,-1.41
398,2025-02-21,2025-07-26,155,-2.59
399,2025-02-01,2025-03-01,28,-1.48
399,2025-04-10,2025-04-12,2,-1.31
399,2025-06-14,2025-07-26,42,-1.69
400,2022-05-11,2022-06-20,40,-1.58
400,2024-01-23,2024-02-20,28,-2.08
400,2024-09-29,2025-09-19,355,-3.95
400,2025-12-03,2025-12-23,20,-1.63
401,2022-06-07,2022-07-15,38,-3.16
401,2024-01-21,2024-03-01,40,-1.99
401,2024-04-05,2024-04-20,15,-2.02
401,2024-10-22,2025-07-29,280,-3.85
401,2025-12-06,2025-12-10,4,-2.65
402,2022-05-18,2022-09-08,113,-2.65
402,2024-02-15,2024-02-15,0,-1.52
402,2024-12-01,2024-12-06,5,-1.63
402,2025-01-10,2025-04-05,85,-1.92
402,2025-05-17,2025-07-26,70,-1.66
402,2025-11-08,2025-11-08,0,-1.51
403,2023-12-07,2023-12-19,12,-1.5
403,2024-02-22,2024-02-22,0,-1.66
403,2024-04-05,2024-04-20,15,-1.47
403,2024-12-01,2025-01-12,42,-2.51
403,2025-04-17,2025-05-24,37,-1.58
403,2025-07-21,2025-07-26,5,-2.25
403,2025-11-21,2025-11-26,5,-1.4
403,2026-04-07,2026-04-07,0,-1.99
404,2023-01-21,2023-02-02,12,-1.58
404,2023-09-30,2023-10-03,3,-1.3
404,2024-04-05,2024-04-12,7,-1.42
404,2024-12-01,2025-01-20,50,-5.16
405,2022-05-23,2022-09-13,113,-4.39
405,2024-01-23,2024-02-22,30,-2.07
405,2024-12-03,2025-08-28,268,-3.93
405,2025-11-08,2025-12-13,35,-1.82
406,2022-03-29,2022-03-29,0,-1.52
406,2022-06-02,2022-10-28,148,-2.82
406,2025-01-25,2025-08-28,215,-4.05
406,2025-11-16,2025-12-28,42,-1.99
407,2022-05-31,2022-09-15,107,-2.18
407,2022-10-20,2022-10-28,8,-1.43
407,2024-12-01,2024-12-06,5,-1.81
407,2025-01-10,2025-07-26,197,-2.42
407,2025-11-08,2025-12-03,25,-1.79
408,2022-06-20,2022-06-25,5,-1.93
408,2023-12-07,2023-12-07,0,-1.45
408,2024-10-14,2025-01-27,105,-4.41
408,2025-07-19,2025-07-26,7,-2.37
408,2025-12-06,2025-12-10,4,-1.97
408,2026-04-07,2026-04-07,0,-1.36
409,2022-05-18,2022-08-04,78,-1.48
409,2023-09-30,2023-10-10,10,-1.58
409,2024-10-27,2025-08-23,300,-2.61
409,2025-11-06,2025-11-26,20,-2.31
410,2022-05-28,2022-07-12,45,-1.69
410,2022-12-07,2022-12-07,0,-2.08
410,2024-01-23,2024-04-20,88,-2.3
410,2024-10-27,2025-08-13,290,-8.72
411,2022-05-18,2022-09-05,110,-2.25
411,2024-10-14,2025-09-02,323,-17.67
411,2025-11-06,2025-12-13,37,-4.22
411,2026-03-28,2026-04-17,20,-1.55
412,2022-05-13,2022-08-06,85,-2.76
412,2024-10-14,2025-05-30,228,-17.95
412,2025-07-21,2025-07-26,5,-1.59
412,2025-11-08,2025-11-23,15,-1.42
413,2024-10-27,2025-09-14,322,-11.06
414,2023-09-28,2023-09-28,0,-1.48
414,2024-03-11,2024-03-11,0,-1.73
414,2024-10-27,2025-06-01,217,-12.95
414,2025-07-03,2025-10-27,116,-3.25
415,2023-12-27,2024-02-10,45,-1.47
415,2024-10-22,2025-09-14,327,-14.04
416,2022-07-05,2022-07-15,10,-1.76
416,2024-10-12,2025-03-06,145,-4.53
416,2025-11-08,2025-11-13,5,-1.31
417,2022-07-05,2022-07-15,10,-1.63
417,2024-02-20,2024-02-27,7,-1.55
417,2024-10-14,2025-03-25,162,-3.74
417,2025-11-08,2025-11-16,8,-1.61
418,2022-01-23,2022-03-17,53,-3.0
418,2024-04-30,2024-05-10,10,-1.97
418,2024-10-29,2024-11-06,8,-1.87
418,2024-12-28,2025-01-27,30,-3.62
419,2022-01-23,2022-03-22,58,-2.93
419,2022-08-04,2022-08-04,0,-1.3
419,2024-05-07,2024-05-07,0,-1.35
419,2024-12-16,2025-01-27,42,-8.24
419,2026-02-14,2026-02-16,2,-2.35
419,2026-03-28,2026-04-07,10,-8.45
420,2022-02-02,2022-02-02,0,-2.29
420,2024-05-20,2024-06-04,15,-1.35
420,2024-10-02,2024-10-29,27,-1.64
420,2024-12-03,2025-01-27,55,-10.55
420,2026-03-28,2026-04-07,10,-3.67
421,2022-02-02,2022-02-02,0,-1.71
421,2024-02-20,2024-02-22,2,-1.74
421,2024-09-29,2025-02-04,128,-6.14
421,2026-03-28,2026-04-07,10,-2.79
422,2022-02-02,2022-02-02,0,-1.97
422,2024-02-20,2024-02-27,7,-1.45
422,2024-05-20,2024-05-22,2,-1.42
422,2024-10-29,2024-10-29,0,-2.03
422,2024-12-16,2025-02-04,50,-6.38
422,2026-03-28,2026-04-07,10,-4.4
423,2023-11-27,2023-12-02,5,-3.4
423,2024-02-20,2024-03-01,10,-2.29
423,2024-06-11,2024-06-11,0,-1.46
423,2024-10-22,2025-01-27,97,-6.55
423,2025-11-06,2025-11-13,7,-3.5
423,2026-03-28,2026-04-07,10,-2.91
424,2022-02-02,2022-02-02,0,-1.67
424,2022-04-28,2022-05-06,8,-1.35
424,2023-12-02,2024-07-24,235,-5.6
424,2024-09-29,2024-11-01,33,-1.5
424,2024-12-16,2025-01-27,42,-3.26
424,2026-03-28,2026-04-07,10,-1.44
425,2022-01-23,2022-02-10,18,-2.47
425,2022-03-17,2022-03-17,0,-4.92
425,2024-04-22,2024-05-07,15,-2.64
425,2024-10-24,2025-01-05,73,-3.16
425,2026-02-14,2026-02-16,2,-4.4
425,2026-03-28,2026-04-07,10,-6.22
426,2022-01-23,2022-02-07,15,-2.62
426,2022-03-17,2022-03-17,0,-6.65
426,2024-02-22,2024-02-27,5,-1.53
426,2024-10-29,2024-10-29,0,-1.61
426,2024-12-16,2025-01-27,42,-4.15
426,2025-11-21,2025-11-26,5,-1.74
426,2026-03-28,2026-04-07,10,-10.51
427,2022-02-02,2022-02-02,0,-1.75
427,2024-02-10,2024-02-27,17,-2.16
427,2024-04-30,2024-05-27,27,-1.5
427,2024-12-16,2025-01-27,42,-18.07
427,2025-11-03,2025-11-26,23,-1.85
427,2026-03-28,2026-04-17,20,-9.42
428,2023-11-29,2023-12-02,3,-1.39
428,2024-02-20,2024-02-22,2,-1.78
428,2024-06-04,2024-06-04,0,-1.34
428,2024-10-02,2025-02-04,125,-4.69
428,2025-11-06,2025-11-08,2,-1.32
428,2026-03-28,2026-04-07,10,-3.28
429,2024-02-10,2024-03-11,30,-2.07
429,2024-05-20,2024-06-16,27,-1.35
429,2024-10-22,2024-10-29,7,-1.41
429,2024-12-03,2025-02-04,63,-4.38
429,2025-11-08,2025-11-13,5,-1.65
429,2026-03-28,2026-04-07,10,-1.81
430,2022-05-28,2022-05-31,3,-1.39
430,2023-09-30,2023-10-10,10,-1.5
430,2024-04-05,2024-04-12,7,-1.5
430,2024-05-20,2024-05-20,0,-1.38
430,2024-09-27,2025-02-04,130,-3.63
430,2025-11-08,2025-11-13,5,-1.49
430,2026-03-28,2026-04-07,10,-1.96
431,2023-12-02,2025-03-01,455,-5.51
432,2022-03-17,2022-03-17,0,-2.65
432,2024-01-18,2024-02-17,30,-1.61
432,2024-10-12,2025-02-04,115,-2.32
433,2022-02-02,2022-02-02,0,-1.55
433,2022-03-17,2022-03-17,0,-2.92
433,2024-02-10,2024-03-11,30,-3.31
433,2024-05-17,2024-06-11,25,-1.65
433,2024-10-24,2025-02-04,103,-4.44
433,2026-03-28,2026-04-07,10,-1.41
434,2022-02-02,2022-02-02,0,-1.36
434,2024-01-18,2024-03-11,53,-3.36
434,2024-10-12,2025-02-04,115,-4.76
434,2025-11-08,2025-11-13,5,-1.37
434,2026-03-28,2026-04-07,10,-2.33
435,2022-07-05,2022-07-15,10,-2.43
435,2023-09-30,2023-10-03,3,-1.52
435,2024-02-10,2024-02-27,17,-2.05
435,2025-01-30,2025-03-16,45,-1.59
435,2025-11-06,2025-12-10,34,-1.64
436,2022-07-05,2022-07-25,20,-2.57
436,2023-09-30,2023-11-02,33,-1.53
436,2024-02-15,2024-02-15,0,-1.62
436,2024-04-07,2024-04-12,5,-1.36
436,2024-11-03,2024-11-03,0,-1.4
436,2025-01-10,2025-03-21,70,-1.9
436,2025-07-19,2025-07-26,7,-1.44
436,2025-11-06,2025-12-13,37,-2.5
437,2023-09-28,2023-10-03,5,-1.33
437,2024-12-21,2025-08-23,245,-3.17
437,2025-11-13,2026-01-05,53,-2.31
438,2024-10-29,2025-08-23,298,-3.02
438,2025-11-06,2026-01-05,60,-2.27
439,2024-12-26,2025-08-23,240,-3.25
439,2025-11-06,2026-01-05,60,-3.01
440,2023-01-01,2023-11-19,322,-4.4
441,2022-07-25,2022-07-25,0,-1.33
441,2023-09-30,2023-10-10,10,-1.73
441,2025-02-04,2025-09-02,210,-3.07
441,2025-11-13,2026-01-05,53,-2.5
442,2022-07-25,2022-08-01,7,-1.33
442,2023-09-28,2023-10-03,5,-1.78
442,2025-01-30,2025-08-28,210,-2.93
442,2025-11-23,2025-12-23,30,-2.15
443,2023-02-07,2023-04-16,68,-2.1
443,2024-12-26,2024-12-26,0,-1.57
443,2025-11-08,2026-01-05,58,-2.2
444,2023-01-21,2023-02-07,17,-4.72
444,2023-04-01,2023-06-07,67,-2.21
444,2024-12-16,2025-01-27,42,-1.75
444,2025-11-08,2025-12-23,45,-1.5
445,2023-05-01,2023-05-08,7,-2.24
445,2023-09-25,2023-10-05,10,-1.91
445,2024-11-26,2025-02-04,70,-2.52
445,2025-03-26,2025-04-05,10,-1.52
445,2025-11-06,2025-12-10,34,-2.08
446,2022-06-02,2022-08-04,63,-1.95
446,2023-09-20,2023-10-23,33,-2.49
446,2024-12-16,2025-06-16,182,-3.66
446,2025-07-19,2025-07-29,10,-1.38
446,2025-12-01,2025-12-28,27,-2.24
447,2022-06-25,2022-08-01,37,-1.79
447,2023-09-23,2023-10-23,30,-2.47
447,2025-01-30,2025-08-23,205,-2.8
447,2025-11-11,2025-12-28,47,-2.29
448,2022-06-20,2022-07-22,32,-1.99
448,2022-11-24,2023-05-08,165,-3.79
448,2024-12-16,2025-01-27,42,-3.73
448,2026-03-28,2026-04-17,20,-3.64
449,2022-08-06,2022-08-06,0,-1.3
449,2023-04-16,2023-04-16,0,-1.33
449,2024-11-16,2025-03-03,107,-5.7
449,2025-07-21,2025-07-26,5,-1.58
449,2025-11-08,2025-12-10,32,-1.78
449,2026-02-14,2026-02-16,2,-1.69
450,2022-12-17,2023-05-01,135,-14.7
450,2023-12-07,2023-12-07,0,-2.36
450,2024-01-08,2024-04-20,103,-4.82
450,2024-11-16,2025-03-01,105,-7.88
450,2025-09-02,2026-08-27,359,-5.76
451,2022-06-25,2022-06-25,0,-1.79
451,2022-08-06,2022-08-06,0,-1.35
451,2023-02-05,2023-08-31,207,-6.68
451,2023-12-07,2024-02-15,70,-2.08
451,2024-11-18,2025-04-05,138,-11.78
451,2025-09-01,2026-03-16,196,-5.07
451,2026-04-19,2026-08-15,118,-2.58
452,2022-10-08,2023-02-07,122,-3.41
452,2024-10-29,2025-06-14,228,-5.13
452,2025-08-08,2025-12-13,127,-3.2
453,2022-06-12,2022-06-17,5,-1.33
453,2022-10-25,2022-11-02,8,-1.47
453,2024-05-20,2024-05-20,0,-1.76
453,2024-12-26,2024-12-28,2,-2.57
453,2025-07-21,2025-09-04,45,-2.03
454,2022-01-26,2022-02-20,25,-1.62
454,2023-01-16,2024-02-20,400,-11.32
454,2025-11-21,2025-11-21,0,-1.31
455,2022-06-02,2022-07-15,43,-1.69
455,2023-02-07,2024-01-11,338,-9.81
456,2022-11-22,2024-02-22,457,-10.25
456,2025-10-24,2026-04-20,178,-2.69
456,2026-06-18,2026-07-24,36,-1.84
457,2024-11-16,2025-04-05,140,-4.9
457,2025-05-15,2025-09-24,132,-3.04
457,2025-11-08,2025-12-13,35,-2.29
458,2022-06-20,2022-07-12,22,-2.0
458,2024-10-19,2025-09-24,340,-3.62
458,2025-11-08,2025-12-23,45,-1.68
459,2022-05-13,2022-07-15,63,-1.94
459,2023-04-03,2023-04-03,0,-1.6
459,2023-11-27,2024-04-07,132,-2.74
459,2024-12-01,2025-01-27,57,-4.74
459,2025-12-06,2025-12-10,4,-1.4
460,2023-02-12,2023-02-12,0,-1.56
460,2023-04-03,2023-04-03,0,-1.53
460,2024-12-26,2025-01-05,10,-2.96
460,2025-05-15,2025-09-24,132,-3.14
460,2025-11-08,2025-11-08,0,-1.45
461,2024-11-16,2025-01-10,55,-2.44
461,2025-05-15,2025-09-24,132,-2.84
461,2025-11-08,2025-11-08,0,-1.31
461,2025-12-10,2025-12-23,13,-1.35
462,2024-01-11,2024-01-16,5,-1.4
462,2024-11-08,2025-01-27,80,-6.53
462,2025-07-21,2025-07-26,5,-1.5
463,2024-10-29,2025-09-04,310,-2.72
463,2025-11-08,2025-12-01,23,-1.55
464,2022-07-05,2022-07-15,10,-1.79
464,2023-02-10,2023-04-03,52,-1.94
464,2023-10-08,2023-10-08,0,-1.5
464,2023-12-22,2024-01-11,20,-1.41
464,2024-12-26,2025-01-27,32,-3.08
464,2025-07-21,2025-08-23,33,-1.66
465,2022-07-05,2022-07-15,10,-1.68
465,2023-10-08,2023-10-08,0,-1.36
465,2024-11-08,2025-09-19,315,-3.06
465,2025-11-08,2025-12-23,45,-1.75
466,2022-07-05,2022-07-15,10,-1.61
466,2024-11-08,2025-09-24,320,-3.06
466,2025-12-10,2025-12-23,13,-1.39
467,2024-03-06,2024-03-16,10,-1.64
467,2024-11-13,2025-02-21,100,-5.36
467,2025-07-21,2025-07-26,5,-1.66
467,2025-11-08,2025-11-11,3,-1.37
468,2024-12-26,2025-06-16,172,-1.87
468,2025-07-21,2025-08-23,33,-2.13
468,2025-11-08,2025-11-08,0,-1.3
468,2025-12-10,2025-12-23,13,-1.37
469,2022-06-25,2022-07-15,20,-1.67
469,2023-09-30,2023-10-08,8,-1.36
469,2024-02-20,2024-02-22,2,-1.36
469,2024-12-03,2025-01-10,38,-1.86
469,2025-03-03,2025-08-23,173,-2.68
469,2025-11-01,2025-12-23,52,-2.39
470,2022-06-25,2022-07-15,20,-1.65
470,2023-12-27,2023-12-27,0,-1.39
470,2024-02-20,2024-03-16,25,-2.41
470,2024-12-03,2025-06-16,195,-3.21
470,2025-07-19,2025-08-23,35,-1.99
470,2025-11-06,2025-12-13,37,-2.23
470,2026-03-16,2026-04-02,17,-1.38
471,2025-01-30,2025-02-04,5,-1.59
471,2025-03-26,2025-05-27,62,-1.68
471,2025-07-09,2025-08-23,45,-2.51
471,2025-11-21,2025-12-23,32,-1.49
472,2022-07-05,2022-07-15,10,-1.66
472,2023-10-08,2023-10-08,0,-1.32
472,2023-12-27,2024-01-11,15,-1.5
472,2024-04-05,2024-04-07,2,-1.83
472,2024-12-03,2025-01-10,38,-2.13
472,2025-03-31,2025-04-12,12,-1.76
472,2025-05-15,2025-05-25,10,-1.46
472,2025-07-11,2025-08-23,43,-2.55
472,2025-11-08,2025-12-23,45,-2.41
473,2023-12-27,2024-01-16,20,-1.4
473,2024-04-05,2024-04-07,2,-1.63
473,2024-12-03,2025-04-02,120,-3.63
473,2025-07-19,2025-08-23,35,-2.17
473,2025-12-01,2025-12-13,12,-2.25
474,2022-07-05,2022-07-15,10,-1.88
474,2024-01-01,2024-01-01,0,-1.36
474,2024-11-28,2025-09-19,295,-2.68
474,2025-11-08,2026-01-05,58,-2.18
475,2022-01-21,2022-02-05,15,-1.79
475,2022-03-17,2022-03-17,0,-6.58
475,2022-04-28,2022-05-08,10,-2.03
475,2022-07-12,2022-08-01,20,-1.79
475,2024-04-25,2024-05-22,27,-1.53
475,2024-12-16,2025-01-27,42,-10.92
475,2025-03-01,2025-03-06,5,-1.48
475,2025-12-06,2025-12-10,4,-1.36
475,2026-02-14,2026-02-16,2,-1.4
475,2026-03-28,2026-04-07,10,-9.54
476,2022-03-14,2022-05-11,58,-7.38
476,2022-07-12,2022-08-06,25,-2.41
476,2024-04-30,2024-05-07,7,-1.61
476,2024-12-16,2025-03-16,90,-8.77
476,2025-04-22,2025-04-30,8,-1.31
476,2025-12-06,2025-12-10,4,-4.22
476,2026-02-14,2026-02-16,2,-3.05
476,2026-03-28,2026-04-07,10,-8.81
477,2022-03-17,2022-07-22,127,-4.07
477,2024-10-12,2025-04-02,172,-2.28
477,2025-11-08,2025-11-13,5,-1.74
478,2022-03-17,2022-03-17,0,-4.74
478,2022-04-28,2022-04-28,0,-1.36
478,2022-06-12,2022-07-15,33,-2.14
478,2024-11-16,2025-04-25,160,-4.14
478,2025-11-08,2025-11-26,18,-1.78
479,2022-12-07,2022-12-07,0,-1.44
479,2024-11-16,2025-01-27,72,-3.68
479,2025-11-06,2025-12-13,37,-2.49
479,2026-02-14,2026-02-16,2,-3.5
480,2022-05-28,2022-05-31,3,-1.33
480,2023-10-08,2023-10-08,0,-1.35
480,2024-10-22,2024-11-18,27,-1.8
480,2025-01-30,2025-03-01,30,-2.38
480,2025-11-06,2025-12-10,34,-1.92
481,2022-03-29,2022-03-29,0,-1.54
481,2023-09-30,2023-10-10,10,-1.4
481,2023-12-27,2023-12-27,0,-1.44
481,2024-02-10,2024-02-22,12,-1.31
481,2024-11-18,2024-11-21,3,-1.33
481,2025-02-01,2025-03-18,45,-1.8
481,2025-05-17,2025-06-01,15,-1.84
481,2025-07-19,2025-07-26,7,-2.0
481,2025-11-08,2025-12-06,28,-1.88
482,2022-01-31,2022-02-07,7,-1.82
482,2022-03-17,2022-03-17,0,-6.52
482,2022-04-28,2022-05-08,10,-1.7
482,2024-04-22,2024-05-07,15,-1.72
482,2024-12-16,2025-03-16,90,-10.53
482,2026-02-14,2026-02-16,2,-1.49
482,2026-03-28,2026-04-17,20,-6.41
483,2022-01-21,2022-02-07,17,-2.01
483,2022-03-17,2022-03-17,0,-8.11
483,2022-04-23,2022-08-09,108,-2.74
483,2024-04-25,2024-05-22,27,-2.29
483,2024-10-29,2025-03-08,130,-15.29
483,2025-04-22,2025-04-22,0,-1.31
483,2026-03-28,2026-04-17,20,-5.96
484,2022-02-02,2022-02-02,0,-1.35
484,2022-03-17,2022-03-17,0,-5.21
484,2022-04-28,2022-08-06,100,-2.74
484,2024-10-17,2025-03-06,140,-4.26
484,2026-03-28,2026-04-07,10,-1.92
485,2022-03-14,2022-05-18,65,-4.55
485,2022-06-25,2022-07-22,27,-2.25
485,2024-11-13,2025-06-14,213,-5.7
485,2025-11-21,2025-11-23,2,-1.45
485,2026-02-16,2026-02-16,0,-2.13
485,2026-03-28,2026-04-07,10,-2.15
486,2022-03-19,2022-04-28,40,-1.92
486,2022-05-31,2022-08-01,62,-2.2
486,2023-08-06,2023-08-06,0,-1.43
486,2024-02-22,2024-02-22,0,-1.42
486,2024-11-16,2025-01-27,72,-4.55
486,2025-03-06,2025-03-16,10,-1.46
486,2025-09-02,2025-09-19,17,-1.65
486,2025-11-08,2025-11-23,15,-1.96
486,2026-02-14,2026-02-16,2,-2.55
487,2024-10-14,2025-03-18,155,-2.57
487,2025-04-25,2025-04-30,5,-1.36
487,2025-06-13,2025-06-16,3,-1.32
487,2025-11-06,2025-12-01,25,-2.5
488,2022-06-15,2022-06-20,5,-1.61
488,2025-02-01,2025-07-29,178,-2.25
488,2025-11-06,2025-12-10,34,-1.64
489,2022-03-17,2022-03-17,0,-6.42
489,2024-09-22,2025-09-19,362,-4.94
489,2025-11-21,2025-12-10,19,-1.65
489,2026-02-14,2026-02-16,2,-2.0
490,2022-02-02,2022-02-02,0,-1.31
490,2022-04-28,2022-06-12,45,-1.46
490,2024-09-27,2025-07-21,297,-5.21
490,2025-11-21,2025-12-10,19,-1.59
490,2026-02-14,2026-02-16,2,-2.75
491,2022-01-31,2022-01-31,0,-1.85
491,2022-04-28,2022-04-28,0,-1.33
491,2025-01-30,2025-07-11,162,-3.33
491,2025-11-06,2025-12-13,37,-2.16
492,2022-05-18,2022-05-28,10,-1.41
492,2022-07-15,2022-07-25,10,-1.77
492,2023-09-30,2023-10-20,20,-1.45
492,2024-11-03,2024-11-03,0,-1.48
492,2025-01-15,2025-08-23,220,-2.31
492,2025-11-11,2025-11-16,5,-1.35
493,2022-05-28,2022-05-31,3,-1.32
493,2023-11-27,2023-12-02,5,-1.54
493,2024-10-14,2025-05-24,222,-2.9
493,2025-06-26,2025-07-26,30,-1.59
493,2025-12-03,2025-12-13,10,-1.96
494,2024-10-29,2025-08-23,298,-2.79
494,2025-11-08,2025-11-23,15,-2.2
495,2023-09-30,2023-10-08,8,-1.37
495,2024-10-29,2025-08-23,298,-2.33
495,2025-11-08,2025-12-23,45,-2.07
496,2022-05-18,2022-05-31,13,-1.57
496,2022-07-22,2022-07-22,0,-1.41
496,2024-10-22,2025-07-26,277,-3.06
496,2025-12-03,2025-12-13,10,-1.38
497,2022-05-06,2022-05-06,0,-1.44
497,2022-07-22,2022-08-09,18,-1.84
497,2024-10-29,2025-08-23,298,-3.17
497,2025-11-16,2025-12-23,37,-1.71
498,2023-06-22,2023-06-30,8,-1.65
498,2024-10-29,2025-04-20,173,-3.26
498,2025-11-08,2025-12-23,45,-2.27
498,2026-03-28,2026-04-07,10,-1.83
499,2024-10-29,2025-08-23,298,-3.05
499,2025-11-16,2025-11-26,10,-1.88
500,2024-10-19,2025-07-26,280,-2.74
500,2025-11-08,2025-11-16,8,-2.25
501,2024-10-27,2024-11-03,7,-1.84
501,2024-12-08,2025-03-03,85,-3.26
501,2025-11-06,2025-12-23,47,-1.95
501,2026-03-28,2026-04-07,10,-1.79
502,2023-01-08,2023-01-08,0,-1.99
502,2024-10-29,2025-05-25,208,-4.82
502,2025-07-21,2025-07-26,5,-1.3
502,2025-11-21,2025-12-13,22,-2.96
503,2022-07-05,2022-07-22,17,-1.45
503,2024-10-24,2025-07-26,275,-3.6
503,2025-11-16,2025-12-23,37,-3.34
504,2022-01-26,2022-02-12,17,-2.03
504,2022-04-28,2022-05-31,33,-1.75
504,2022-12-07,2022-12-07,0,-1.4
504,2024-10-19,2024-11-21,33,-2.08
504,2024-12-26,2025-03-31,95,-4.99
504,2025-11-06,2025-12-23,47,-4.2
504,2026-02-14,2026-02-14,0,-4.11
504,2026-03-28,2026-04-07,10,-4.81
505,2024-10-14,2025-03-01,138,-2.5
505,2025-04-17,2025-04-25,8,-1.36
505,2025-06-13,2025-06-24,11,-1.66
505,2025-11-08,2025-11-13,5,-1.31
506,2022-02-02,2022-02-25,23,-3.82
506,2022-05-28,2022-06-02,5,-1.62
506,2022-07-22,2022-07-22,0,-1.42
506,2023-07-10,2023-08-21,42,-2.24
506,2023-09-25,2023-10-03,8,-1.49
506,2024-11-28,2025-02-04,68,-3.23
506,2025-12-06,2025-12-30,24,-3.22
506,2026-02-14,2026-02-14,0,-2.34
506,2026-03-28,2026-04-07,10,-2.99
507,2022-01-26,2022-05-18,112,-4.79
507,2022-07-05,2022-07-15,10,-1.35
507,2022-12-07,2022-12-07,0,-1.49
507,2023-08-09,2023-10-03,55,-2.03
507,2024-12-26,2025-02-04,40,-3.77
507,2025-12-06,2025-12-23,17,-1.33
507,2026-02-14,2026-02-14,0,-2.83
507,2026-03-28,2026-04-07,10,-5.2
508,2022-01-31,2022-03-29,57,-2.0
508,2022-05-31,2022-06-02,2,-1.43
508,2022-07-15,2022-07-15,0,-1.47
509,2022-02-02,2022-02-02,0,-1.71
509,2022-03-17,2022-03-17,0,-1.66
509,2022-11-14,2023-02-22,100,-2.78
509,2024-12-28,2025-01-15,18,-2.32
510,2022-02-02,2022-02-02,0,-1.53
510,2024-11-03,2024-11-16,13,-1.5
510,2024-12-28,2025-03-01,63,-1.52
511,2022-02-02,2022-02-02,0,-1.59
511,2022-07-05,2022-07-15,10,-1.54
511,2025-01-10,2025-03-01,50,-1.99
512,2022-01-26,2022-02-07,12,-2.62
512,2022-03-17,2022-03-17,0,-2.58
512,2022-12-07,2022-12-22,15,-1.76
512,2024-10-02,2024-10-29,27,-1.82
513,2022-01-31,2022-02-02,2,-3.5
513,2022-03-17,2022-03-17,0,-5.03
513,2022-11-19,2023-06-15,208,-6.04
513,2024-12-28,2025-01-15,18,-2.58
513,2026-03-28,2026-04-07,10,-4.92
514,2022-01-31,2022-01-31,0,-3.02
514,2022-03-17,2022-03-17,0,-6.98
514,2023-01-16,2023-06-10,145,-3.82
514,2024-12-28,2025-01-15,18,-4.94
514,2026-02-14,2026-02-16,2,-1.88
514,2026-03-28,2026-04-17,20,-5.09
515,2022-01-31,2022-01-31,0,-2.75
515,2024-10-09,2025-01-27,110,-5.76
515,2025-08-23,2025-08-23,0,-1.47
515,2025-11-08,2025-12-03,25,-1.42
515,2026-03-28,2026-04-17,20,-3.64
516,2023-09-30,2023-10-03,3,-1.36
516,2024-10-29,2025-04-25,178,-2.44
516,2025-07-21,2025-07-21,0,-1.31
516,2025-11-08,2025-12-23,45,-2.52
517,2022-01-31,2022-02-12,12,-2.21
517,2022-03-17,2022-03-17,0,-9.15
517,2022-11-19,2023-06-10,203,-4.02
517,2024-12-28,2025-01-15,18,-6.24
517,2026-03-28,2026-04-07,10,-5.29
518,2022-03-17,2022-03-17,0,-7.72
518,2022-12-14,2023-07-05,203,-5.55
518,2024-12-28,2025-01-15,18,-4.6
518,2025-12-03,2025-12-03,0,-1.4
518,2026-03-28,2026-04-07,10,-4.67
519,2022-02-12,2022-02-12,0,-1.5
519,2023-04-03,2023-04-06,3,-1.32
519,2024-11-01,2025-02-04,95,-2.82
520,2023-10-08,2023-10-08,0,-1.3
520,2024-02-15,2024-02-15,0,-1.32
520,2024-09-27,2025-03-06,160,-4.03
520,2026-03-28,2026-04-17,20,-1.75
521,2022-03-17,2022-03-17,0,-9.53
521,2023-06-07,2023-06-17,10,-1.5
521,2024-09-29,2025-02-04,128,-6.93
521,2025-07-19,2025-09-19,62,-1.75
521,2025-11-08,2025-12-10,32,-1.89
521,2026-03-28,2026-04-07,10,-4.86
522,2022-02-15,2022-02-17,2,-1.39
522,2022-10-20,2022-12-07,48,-2.2
522,2023-01-13,2023-01-16,3,-1.89
522,2023-08-19,2023-08-29,10,-1.37
522,2023-09-30,2023-10-08,8,-1.67
522,2024-10-12,2025-01-27,107,-2.77
522,2025-07-09,2025-08-23,45,-1.81
522,2025-12-06,2025-12-10,4,-3.35
522,2026-02-14,2026-02-16,2,-1.51
522,2026-03-28,2026-04-07,10,-2.79
523,2024-10-12,2025-04-10,180,-3.46
523,2026-02-16,2026-02-16,0,-1.33
524,2022-08-31,2022-09-05,5,-1.35
524,2024-09-29,2025-03-16,168,-5.52
524,2026-03-28,2026-04-17,20,-2.17
525,2022-07-15,2022-07-15,0,-1.39
525,2022-09-23,2022-09-28,5,-1.33
525,2024-10-22,2025-04-02,162,-4.33
525,2025-05-20,2025-05-30,10,-1.57
525,2025-08-23,2025-08-23,0,-1.82
526,2022-07-25,2022-07-25,0,-1.47
526,2024-10-24,2025-08-23,303,-4.06
527,2022-08-26,2022-08-26,0,-1.6
527,2024-11-28,2025-08-23,268,-3.39
527,2025-12-06,2025-12-13,7,-1.34
528,2022-07-15,2022-11-24,132,-2.47
528,2023-01-01,2023-01-16,15,-1.31
528,2024-10-27,2025-04-02,157,-6.04
528,2025-05-17,2025-06-16,30,-1.75
528,2025-07-19,2025-09-02,45,-2.29
528,2026-03-28,2026-04-02,5,-1.31
529,2024-04-05,2024-04-20,15,-1.56
529,2024-10-29,2025-04-05,158,-12.18
529,2025-05-24,2025-05-25,1,-2.13
529,2025-08-23,2025-08-23,0,-1.68
529,2026-04-07,2026-04-07,0,-1.68
530,2022-06-20,2022-07-25,35,-1.59
530,2024-10-27,2025-08-23,300,-5.3
530,2025-12-06,2025-12-13,7,-1.64
531,2024-01-01,2024-01-13,12,-1.55
531,2024-10-27,2025-08-28,305,-3.55
531,2025-12-01,2025-12-23,22,-2.41
532,2022-08-26,2022-09-28,33,-2.35
532,2023-11-07,2023-11-07,0,-1.81
532,2024-11-28,2025-02-04,68,-5.63
532,2025-05-07,2025-05-24,17,-1.96
532,2025-06-24,2025-08-28,65,-1.98
533,2024-04-20,2024-04-20,0,-1.81
533,2024-12-16,2025-02-04,50,-6.16
533,2025-05-07,2025-06-16,40,-1.72
533,2025-07-19,2025-07-29,10,-2.11
533,2026-03-28,2026-04-02,5,-1.99
534,2022-07-15,2022-08-26,42,-1.42
534,2023-10-08,2023-10-08,0,-1.36
534,2024-01-11,2024-01-11,0,-1.32
534,2024-02-15,2024-03-03,17,-1.77
534,2024-10-24,2025-04-12,170,-5.26
534,2025-05-17,2025-06-16,30,-2.04
534,2025-08-23,2025-08-23,0,-2.22
534,2025-12-06,2025-12-13,7,-1.89
535,2022-07-15,2022-08-04,20,-1.55
535,2023-09-30,2023-10-13,13,-1.5
535,2023-12-27,2024-01-13,17,-1.5
535,2024-02-15,2024-02-15,0,-1.38
535,2024-11-26,2025-08-23,270,-2.97
535,2025-12-01,2025-12-30,29,-1.83
536,2022-06-20,2022-07-15,25,-1.58
536,2024-04-05,2024-04-07,2,-1.67
536,2024-05-17,2024-05-22,5,-1.73
536,2024-12-26,2025-08-28,245,-4.13
537,2022-06-20,2022-08-26,67,-2.28
537,2024-04-05,2024-04-17,12,-1.45
537,2024-05-20,2024-05-20,0,-1.34
537,2024-12-03,2025-02-04,63,-4.04
537,2025-03-26,2025-08-23,150,-2.23
537,2025-12-06,2025-12-13,7,-1.65
538,2022-07-25,2022-07-25,0,-1.77
538,2022-08-26,2022-08-26,0,-1.41
538,2023-08-19,2023-08-19,0,-1.5
538,2023-11-04,2024-01-13,70,-1.93
538,2024-02-20,2024-02-20,0,-1.66
538,2024-12-03,2025-08-23,263,-3.4
538,2025-12-06,2025-12-13,7,-1.76
539,2022-03-17,2022-03-17,0,-1.69
539,2024-12-16,2025-01-12,27,-3.52
539,2025-04-14,2025-04-25,11,-1.52
539,2025-07-19,2025-08-23,35,-1.79
540,2022-03-17,2022-03-17,0,-1.48
540,2023-12-27,2024-01-13,17,-1.48
540,2024-10-29,2025-03-01,123,-5.19
540,2025-05-07,2025-06-16,40,-2.09
540,2025-07-21,2025-07-24,3,-1.31
541,2022-03-27,2022-08-29,155,-2.64
541,2024-10-29,2025-09-04,310,-2.51
541,2025-11-11,2025-12-30,49,-1.94
542,2022-03-17,2022-03-17,0,-1.51
542,2022-07-22,2022-07-22,0,-1.32
542,2024-01-08,2024-01-08,0,-1.79
542,2024-03-21,2024-03-21,0,-1.52
542,2024-10-29,2024-10-29,0,-1.65
542,2024-12-16,2025-07-24,220,-6.81
542,2025-12-13,2025-12-13,0,-2.32
543,2022-03-17,2022-03-27,10,-6.4
543,2022-07-22,2022-08-04,13,-1.53
543,2024-10-19,2024-10-19,0,-1.36
543,2024-12-01,2025-03-06,95,-8.44
543,2025-04-22,2025-05-25,33,-2.14
543,2026-03-28,2026-04-07,10,-1.78
544,2022-03-17,2022-03-17,0,-2.84
544,2024-02-22,2024-03-11,18,-1.82
544,2024-11-16,2025-05-20,185,-4.46
544,2025-11-13,2025-12-13,30,-2.21
545,2023-09-23,2023-09-30,7,-1.36
545,2023-11-27,2024-01-06,40,-1.6
545,2024-10-27,2025-05-20,205,-3.34
545,2025-11-16,2025-12-13,27,-1.85
545,2026-04-07,2026-04-07,0,-1.45
546,2022-05-18,2022-07-12,55,-1.79
546,2024-02-15,2024-02-22,7,-1.55
546,2024-10-29,2025-05-25,208,-3.92
546,2025-12-06,2025-12-13,7,-1.41
547,2022-03-19,2022-09-05,170,-2.73
547,2024-10-27,2025-03-06,130,-6.27
547,2025-05-02,2025-05-24,22,-1.53
547,2025-11-08,2026-01-02,55,-2.06
547,2026-03-28,2026-04-07,10,-1.99
548,2022-06-02,2022-09-05,95,-2.79
548,2024-10-27,2025-06-21,237,-9.23
548,2025-11-08,2025-12-10,32,-2.39
548,2026-03-28,2026-04-07,10,-2.48
549,2022-05-01,2022-09-05,127,-3.47
549,2024-09-29,2025-03-16,168,-7.47
549,2025-05-15,2025-05-25,10,-2.1
549,2025-07-16,2025-09-04,50,-1.5
549,2025-11-08,2026-01-02,55,-1.76
550,2022-03-17,2022-03-17,0,-2.41
550,2022-05-18,2022-09-05,110,-2.79
550,2024-10-02,2026-02-16,502,-7.17
551,2022-03-17,2022-03-17,0,-6.23
551,2022-06-22,2022-08-06,45,-1.58
551,2023-06-12,2023-07-15,33,-2.08
551,2024-11-26,2025-11-21,360,-10.74
551,2026-03-28,2026-04-07,10,-5.01
552,2022-03-27,2022-03-27,0,-1.56
552,2022-05-18,2022-07-15,58,-3.16
552,2024-10-24,2026-05-20,573,-10.09
553,2022-05-18,2022-08-04,78,-2.69
553,2023-06-12,2023-06-15,3,-1.56
553,2024-10-14,2026-05-12,575,-10.36
554,2022-12-07,2023-10-05,302,-12.03
554,2025-07-16,2026-05-09,297,-6.59
555,2024-11-01,2025-03-06,125,-4.89
555,2025-05-17,2025-09-29,135,-2.08
555,2025-11-06,2025-11-08,2,-2.29
555,2026-03-28,2026-04-07,10,-2.34
556,2022-03-19,2022-03-29,10,-1.65
556,2022-05-18,2022-05-31,13,-2.14
556,2024-10-09,2025-01-05,88,-2.43
556,2025-03-06,2025-09-19,197,-2.46
556,2025-11-01,2025-12-30,59,-2.61
557,2022-01-31,2022-02-05,5,-1.53
557,2024-10-22,2025-01-27,97,-3.68
557,2025-03-01,2025-03-06,5,-1.68
557,2025-07-16,2025-09-02,48,-1.63
557,2025-11-01,2025-12-10,39,-2.09
558,2022-02-02,2022-02-02,0,-2.61
558,2022-03-19,2022-07-22,125,-3.44
558,2023-09-28,2023-09-30,2,-1.48
558,2024-09-12,2025-05-30,260,-4.04
558,2025-07-01,2025-07-11,10,-1.54
558,2025-11-13,2025-12-08,25,-2.36
559,2022-02-02,2022-02-02,0,-1.5
559,2022-03-27,2022-03-29,2,-1.73
559,2022-05-06,2022-07-15,70,-1.79
559,2024-09-27,2025-05-30,245,-3.27
559,2025-07-09,2025-07-26,17,-1.7
560,2022-05-18,2022-05-18,0,-1.61
560,2024-09-22,2025-03-06,165,-5.33
560,2025-07-21,2025-08-28,38,-1.87
560,2025-12-06,2025-12-10,4,-1.83
561,2022-04-23,2022-08-04,103,-2.33
561,2023-07-10,2023-07-27,17,-1.53
561,2023-09-23,2023-10-08,15,-1.69
561,2024-10-02,2025-04-05,185,-4.4
561,2025-05-20,2025-05-27,7,-1.36
562,2022-03-29,2022-03-29,0,-1.36
562,2022-05-03,2022-05-08,5,-1.37
562,2022-06-15,2022-06-20,5,-1.54
562,2023-09-28,2023-09-30,2,-1.51
562,2024-09-29,2025-06-04,248,-3.91
562,2025-07-19,2025-08-23,35,-1.73
562,2025-11-06,2025-12-23,47,-2.46
563,2022-01-26,2022-02-10,15,-1.69
563,2022-12-07,2022-12-09,2,-2.09
563,2024-04-07,2024-04-12,5,-1.35
563,2024-09-12,2025-03-06,175,-4.02
563,2025-07-21,2025-07-29,8,-1.6
563,2025-12-06,2025-12-10,4,-1.33
564,2022-02-02,2022-02-10,8,-1.6
564,2022-04-23,2022-05-06,13,-1.36
564,2022-06-25,2022-07-22,27,-1.43
564,2024-04-25,2024-07-04,70,-3.01
564,2024-12-03,2025-01-15,43,-5.0
565,2022-01-31,2022-01-31,0,-1.48
565,2024-01-08,2024-01-23,15,-1.53
565,2024-03-18,2024-06-21,95,-2.01
565,2024-11-03,2025-01-12,70,-4.58
566,2024-01-08,2024-01-13,5,-1.59
566,2024-04-05,2024-04-07,2,-1.88
566,2024-05-20,2024-05-20,0,-1.61
566,2024-12-21,2025-01-10,20,-2.89
566,2025-07-19,2025-07-19,0,-1.33
567,2022-01-26,2022-02-17,22,-1.83
567,2023-01-13,2023-02-02,20,-3.06
567,2023-03-07,2023-06-15,100,-2.21
567,2024-12-08,2025-01-27,50,-2.87
567,2026-03-28,2026-04-07,10,-2.38
568,2022-01-31,2022-02-07,7,-1.67
568,2022-11-22,2022-11-29,7,-1.62
568,2023-01-11,2023-01-21,10,-2.33
568,2023-04-21,2023-04-21,0,-1.51
568,2023-06-02,2023-06-12,10,-1.64
568,2023-08-19,2023-10-10,52,-1.88
568,2023-11-19,2023-12-02,13,-1.4
568,2024-04-20,2024-06-21,62,-1.7
568,2025-07-21,2025-07-26,5,-1.37
569,2022-01-31,2022-02-12,12,-1.64
569,2024-10-02,2025-03-21,170,-2.78
570,2022-01-31,2022-02-15,15,-2.04
570,2023-01-11,2023-07-10,180,-4.69
570,2023-08-19,2023-09-05,17,-1.43
570,2024-12-26,2025-01-15,20,-2.75
571,2022-01-31,2022-02-12,12,-1.59
571,2023-01-11,2023-01-16,5,-3.54
571,2023-03-04,2023-06-17,105,-3.12
571,2023-08-26,2023-09-05,10,-1.73
571,2023-10-08,2023-10-08,0,-1.54
571,2025-07-21,2025-07-26,5,-1.49
572,2022-01-23,2022-02-10,18,-2.04
572,2022-11-22,2022-12-02,10,-1.54
572,2023-01-11,2023-10-15,277,-3.86
572,2024-05-20,2024-05-20,0,-1.35
573,2022-01-31,2022-02-10,10,-1.9
573,2022-03-17,2022-03-17,0,-3.37
573,2023-01-31,2023-09-03,215,-5.84
573,2024-12-28,2025-01-15,18,-4.81
573,2026-03-28,2026-04-17,20,-3.37
574,2022-02-02,2022-02-12,10,-1.71
574,2022-11-14,2022-11-24,10,-1.41
574,2023-02-12,2023-02-22,10,-1.36
574,2023-08-11,2023-08-19,8,-1.32
574,2023-09-28,2023-10-03,5,-1.34
574,2024-10-24,2024-11-06,13,-1.73
574,2024-12-16,2024-12-28,12,-2.4
574,2025-07-16,2025-08-23,38,-1.76
575,2022-11-09,2022-11-24,15,-1.8
575,2023-07-27,2023-10-03,68,-1.84
575,2024-11-26,2024-12-26,30,-1.7
575,2025-07-19,2025-08-23,35,-1.89
576,2023-01-21,2023-09-05,227,-3.87
576,2024-12-26,2025-01-15,20,-1.65
576,2025-07-21,2025-07-26,5,-1.36
577,2022-01-23,2022-02-12,20,-1.97
577,2022-03-17,2022-03-17,0,-5.73
577,2023-01-21,2023-06-15,145,-3.86
577,2024-12-03,2024-12-08,5,-1.33
577,2025-01-12,2025-01-15,3,-7.38
577,2025-11-08,2025-12-03,25,-1.42
577,2026-03-28,2026-04-17,20,-2.88
578,2022-11-17,2022-11-29,12,-1.5
578,2025-02-11,2025-04-05,53,-1.68
578,2025-05-15,2025-08-08,85,-2.37
578,2025-11-08,2025-12-10,32,-2.05
579,2023-02-02,2023-11-02,273,-4.62
579,2024-12-26,2025-01-20,25,-2.45
580,2024-11-26,2025-09-04,282,-2.47
580,2025-11-16,2025-12-23,37,-1.46
581,2024-10-29,2025-05-24,207,-4.03
581,2025-06-26,2025-07-26,30,-1.7
582,2022-01-31,2022-02-10,10,-1.56
582,2022-04-28,2022-05-01,3,-1.89
582,2022-06-17,2022-09-10,85,-2.28
582,2023-07-15,2023-07-15,0,-1.54
582,2023-11-27,2023-11-27,0,-1.82
582,2024-10-22,2025-05-02,192,-8.21
582,2026-03-28,2026-04-07,10,-1.56
583,2023-12-27,2024-01-08,12,-1.64
583,2024-03-21,2024-04-05,15,-2.04
583,2024-05-20,2024-06-19,30,-1.72
583,2024-12-16,2025-01-20,35,-2.79
584,2023-09-28,2023-09-28,0,-1.34
584,2025-01-30,2025-08-23,205,-3.0
584,2025-11-06,2025-12-28,52,-1.86
585,2022-07-05,2022-07-22,17,-2.11
585,2023-09-23,2023-09-30,7,-1.5
585,2025-01-30,2025-08-23,205,-3.01
585,2025-11-06,2025-12-28,52,-2.99
586,2022-01-31,2022-01-31,0,-1.59
586,2024-10-07,2025-07-16,282,-3.22
587,2022-04-28,2022-05-01,3,-1.37
587,2022-06-02,2022-06-07,5,-1.39
587,2022-07-15,2022-08-09,25,-1.68
587,2024-08-25,2025-02-06,165,-4.65
587,2025-05-04,2025-05-15,11,-1.54
587,2026-03-28,2026-04-07,10,-2.45
588,2022-07-05,2022-07-25,20,-1.78
588,2024-12-26,2025-09-04,252,-3.55
588,2025-11-11,2025-12-30,49,-1.95
589,2022-08-09,2022-08-09,0,-1.38
589,2024-11-16,2025-01-25,70,-2.78
589,2025-03-18,2025-06-24,98,-2.66
589,2025-08-08,2025-08-28,20,-1.73
589,2025-11-03,2025-11-23,20,-1.62
589,2026-02-01,2026-02-01,0,-1.38
589,2026-03-16,2026-04-02,17,-1.71
590,2022-03-22,2022-03-22,0,-1.32
590,2022-06-17,2022-07-05,18,-2.09
590,2023-09-25,2023-10-03,8,-1.69
590,2024-11-26,2025-09-02,280,-3.5
590,2025-11-06,2025-12-13,37,-1.91
590,2026-03-16,2026-04-02,17,-1.33
591,2022-03-24,2022-03-27,3,-1.43
591,2022-06-02,2022-07-05,33,-1.93
591,2022-08-19,2022-09-25,37,-1.53
591,2024-12-26,2025-10-02,280,-4.34
591,2025-11-11,2025-12-30,49,-2.03
592,2022-04-21,2022-04-28,7,-1.33
592,2022-06-02,2022-09-25,115,-2.28
592,2023-09-28,2023-10-05,7,-1.8
592,2024-11-26,2025-09-04,282,-4.0
592,2025-11-11,2026-01-05,55,-1.87
593,2022-06-02,2022-09-25,115,-1.86
593,2023-09-28,2023-10-05,7,-1.45
593,2024-12-26,2025-09-29,277,-3.84
593,2025-11-11,2026-01-05,55,-1.87
594,2022-06-02,2022-06-25,23,-2.43
594,2023-09-30,2023-10-03,3,-1.54
594,2024-10-29,2025-08-23,298,-5.19
594,2025-11-23,2025-12-23,30,-1.37
595,2022-06-20,2022-06-25,5,-2.29
595,2023-09-28,2023-10-03,5,-1.4
595,2024-10-29,2025-09-02,308,-4.81
595,2025-11-13,2025-12-01,18,-1.52
596,2022-06-20,2022-06-25,5,-2.64
596,2024-10-29,2025-07-24,268,-3.35
596,2025-11-06,2025-11-23,17,-1.66
596,2026-02-01,2026-02-01,0,-1.36
597,2022-02-12,2022-02-12,0,-1.56
597,2022-03-17,2022-03-17,0,-3.07
597,2024-10-24,2025-01-10,78,-3.64
597,2025-03-01,2025-03-06,5,-2.1
597,2025-07-09,2025-08-23,45,-2.01
597,2025-11-08,2025-11-26,18,-1.63
598,2022-03-17,2022-03-17,0,-7.46
598,2022-05-18,2022-08-09,83,-2.45
598,2023-08-16,2023-08-26,10,-1.42
598,2024-03-11,2024-04-12,32,-1.78
598,2024-11-03,2025-04-02,150,-5.66
598,2025-05-17,2025-05-25,8,-1.58
598,2025-07-21,2025-07-29,8,-1.78
598,2025-11-08,2025-12-10,32,-3.69
598,2026-03-28,2026-04-02,5,-2.58
599,2024-11-08,2025-01-05,58,-3.49
599,2025-03-01,2025-09-19,202,-2.95
599,2025-11-16,2025-11-16,0,-1.49
600,2022-03-29,2022-08-09,133,-2.87
600,2024-11-16,2025-09-17,305,-3.36
600,2025-11-06,2026-01-02,57,-2.23
601,2023-09-28,2023-09-30,2,-1.49
601,2024-11-08,2025-04-30,173,-3.1
601,2025-07-19,2025-09-17,60,-2.28
601,2025-11-06,2025-12-13,37,-1.94
602,2022-02-05,2022-02-12,7,-1.51
602,2022-03-17,2022-08-31,167,-3.58
602,2024-11-08,2025-09-21,317,-4.09
602,2025-11-11,2026-01-02,52,-2.22
603,2022-03-17,2022-03-17,0,-3.06
603,2024-10-29,2025-05-25,208,-4.45
603,2025-06-26,2025-07-21,25,-1.42
603,2025-11-13,2025-12-10,27,-1.71
603,2026-04-07,2026-04-07,0,-1.65
604,2024-11-01,2025-08-28,300,-4.22
604,2025-11-13,2025-12-13,30,-2.11
605,2022-02-12,2022-02-15,3,-1.61
605,2022-05-28,2022-05-31,3,-1.31
605,2023-11-27,2023-12-02,5,-1.33
605,2024-12-28,2025-01-05,8,-2.24
605,2026-04-07,2026-04-30,23,-1.75
606,2024-10-12,2024-12-06,55,-2.03
606,2025-01-30,2025-09-17,230,-2.6
606,2025-12-06,2025-12-10,4,-2.52
607,2022-05-13,2022-07-15,63,-2.04
607,2024-04-05,2024-04-07,2,-1.73
607,2024-11-16,2024-11-21,5,-1.64
607,2024-12-26,2025-04-02,97,-2.97
607,2025-05-24,2025-05-30,6,-1.86
607,2025-07-09,2025-09-04,57,-2.31
607,2025-11-06,2025-11-16,10,-1.89
608,2022-02-12,2022-02-15,3,-1.87
608,2023-11-19,2023-12-22,33,-2.92
608,2024-03-28,2024-04-07,10,-1.31
608,2025-01-12,2025-01-15,3,-2.7
609,2022-02-12,2022-02-15,3,-1.58
609,2022-08-31,2022-10-23,53,-4.1
609,2023-04-01,2023-04-01,0,-2.43
609,2026-04-07,2026-04-07,0,-1.9
609,2026-09-16,2026-09-17,1,-1.31
610,2022-08-31,2022-10-15,45,-4.57
610,2023-05-26,2023-06-17,22,-1.65
610,2025-10-29,2025-12-23,55,-2.09
610,2026-02-04,2026-02-21,17,-1.54
610,2026-04-07,2026-06-19,73,-2.7
610,2026-08-07,2026-09-17,41,-1.65
611,2022-10-25,2022-12-07,43,-1.78
611,2023-01-16,2023-03-09,52,-1.94
611,2023-11-09,2024-02-27,110,-2.95
611,2025-01-25,2025-01-25,0,-1.74
612,2022-10-25,2022-11-07,13,-1.65
612,2023-11-24,2024-01-13,50,-1.46
613,2022-10-23,2023-01-16,85,-1.65
613,2023-11-24,2023-12-02,8,-1.45
613,2024-01-08,2024-01-13,5,-1.37
613,2026-04-17,2026-04-17,0,-1.64
613,2026-06-11,2026-06-11,0,-1.5
614,2022-03-17,2022-08-09,145,-2.78
614,2023-09-23,2023-10-08,15,-1.64
614,2024-10-24,2026-02-14,478,-8.88
615,2022-03-29,2022-03-29,0,-1.45
615,2022-06-02,2022-08-06,65,-2.38
615,2023-09-23,2023-10-03,10,-1.78
615,2024-10-29,2025-08-23,298,-6.39
615,2025-11-06,2025-11-28,22,-1.65
616,2022-03-29,2022-03-29,0,-1.46
616,2023-12-27,2023-12-27,0,-1.48
616,2024-02-10,2024-02-20,10,-1.87
616,2024-10-29,2025-06-24,238,-4.08
616,2025-11-06,2025-12-23,47,-1.73
617,2022-03-19,2022-04-03,15,-4.1
617,2022-05-06,2022-08-09,95,-3.02
617,2023-09-28,2023-10-03,5,-1.56
617,2024-11-03,2025-09-12,313,-5.3
617,2025-11-08,2025-12-28,50,-2.22
618,2022-03-19,2022-04-03,15,-2.4
618,2022-05-06,2022-08-04,90,-2.4
618,2023-09-23,2023-10-03,10,-1.81
618,2024-11-03,2025-09-02,303,-4.81
618,2025-11-08,2025-12-23,45,-1.73
619,2022-03-27,2022-08-06,132,-3.05
619,2023-09-23,2023-10-03,10,-1.57
619,2024-11-08,2025-09-29,325,-4.07
619,2025-11-08,2025-11-08,0,-1.98
619,2025-12-10,2026-01-05,26,-2.16
620,2022-03-29,2022-03-29,0,-1.32
620,2022-05-01,2022-08-06,97,-3.27
620,2023-09-23,2023-10-03,10,-1.49
620,2024-01-06,2024-01-13,7,-1.93
620,2024-12-08,2025-09-12,278,-3.97
620,2025-11-08,2025-12-23,45,-2.25
