stand,area_ha,n_obs,last_obs,alert_now,alerts_2022_2026,years_monitored,ndvi_base,ndvi_now,ndvi_change_pct,ndvi_change_sigma,ndmi_base,ndmi_now,ndmi_change_pct,ndmi_change_sigma,condition,group,lon,lat,stock_tC_p10,stock_tC_p50,stock_tC_p90
ADN1,170.1,660,2026-09-17,False,3,4.69,0.406,0.39,-4.0,-0.5,0.388,0.37,-4.6,-0.7,stable,ADN,54.58905027637304,24.59900133776314,13393.0,18437.0,23554.0
ADN10,40.9,663,2026-09-17,False,7,4.7,0.182,0.208,14.6,1.5,0.178,0.201,12.7,1.3,stable,ADN,54.59647282608695,24.62768606497313,3220.0,4433.0,5664.0
ADN11,36.0,689,2026-09-17,False,4,4.7,0.43,0.467,8.8,1.1,0.39,0.392,0.4,0.1,stable,ADN,54.58687104605993,24.630084581945983,2834.0,3902.0,4985.0
ADN12,33.4,704,2026-09-17,False,5,4.69,0.573,0.581,1.5,0.2,0.376,0.375,-0.3,-0.0,stable,ADN,54.582611697614055,24.642243423679744,2630.0,3620.0,4625.0
ADN13,29.4,659,2026-09-17,False,6,4.68,0.143,0.178,24.3,2.4,0.197,0.211,7.3,1.2,stable,ADN,54.59052355195911,24.647543228279385,2315.0,3187.0,4071.0
ADN14,24.5,674,2026-09-17,False,4,4.68,0.433,0.353,-18.6,-2.2,0.315,0.27,-14.3,-1.7,stable,ADN,54.6150655539676,24.60649151014019,1929.0,2656.0,3393.0
ADN15,23.4,693,2026-09-17,False,3,4.69,0.553,0.53,-4.3,-0.7,0.381,0.352,-7.8,-1.1,stable,ADN,54.58044393356145,24.605820929569436,1842.0,2536.0,3240.0
ADN16,19.1,658,2026-09-17,False,6,4.68,0.319,0.379,19.0,1.8,0.336,0.351,4.5,0.6,stable,ADN,54.58843720595922,24.64038022739153,1504.0,2070.0,2645.0
ADN17,17.0,684,2026-09-17,False,5,4.69,0.617,0.537,-13.0,-1.8,0.407,0.323,-20.6,-2.6,stable,ADN,54.5568255774124,24.610154653552552,1338.0,1843.0,2354.0
ADN18,15.7,666,2026-09-17,False,3,4.68,0.219,0.223,1.8,0.2,0.236,0.237,0.4,0.0,stable,ADN,54.61152054214316,24.61225661795849,1236.0,1702.0,2174.0
ADN19,15.3,694,2026-09-17,False,2,4.69,0.635,0.591,-6.9,-1.1,0.464,0.399,-14.1,-2.4,stable,ADN,54.56527513097577,24.60215768936913,1205.0,1658.0,2119.0
ADN2,65.1,664,2026-09-17,False,5,4.68,0.13,0.169,30.4,2.7,0.232,0.265,14.5,2.2,stable,ADN,54.60475659647505,24.64573637155446,5126.0,7056.0,9015.0
ADN20,13.3,666,2026-09-17,False,6,4.69,0.455,0.41,-10.0,-1.3,0.395,0.338,-14.4,-2.0,stable,ADN,54.56736312217194,24.60914316239316,1047.0,1442.0,1842.0
ADN21,12.8,665,2026-09-17,False,8,4.68,0.201,0.241,20.0,2.2,0.262,0.298,13.5,2.5,stable,ADN,54.57916523213354,24.619020409494,1008.0,1387.0,1772.0
ADN22,12.6,645,2026-09-17,False,8,4.7,0.21,0.233,10.7,1.3,0.144,0.162,12.4,1.2,stable,ADN,54.59331812483504,24.61068662575877,992.0,1366.0,1745.0
ADN23,12.5,668,2026-09-17,False,3,4.68,0.452,0.341,-24.4,-3.1,0.364,0.29,-20.5,-2.7,stable,ADN,54.61033222891566,24.596656994645247,984.0,1355.0,1731.0
ADN24,12.3,656,2026-09-17,False,4,4.68,0.218,0.253,15.9,1.1,0.274,0.297,8.7,0.9,stable,ADN,54.546822229013856,24.62375010187449,968.0,1333.0,1703.0
ADN25,11.2,659,2026-09-17,False,7,4.69,0.29,0.303,4.6,0.6,0.279,0.3,7.8,0.8,stable,ADN,54.57871226975639,24.613710784313724,882.0,1214.0,1551.0
ADN26,10.0,696,2026-09-17,False,4,4.7,0.632,0.599,-5.2,-0.8,0.424,0.37,-12.7,-2.2,stable,ADN,54.5660743512974,24.6063873087159,787.0,1084.0,1385.0
ADN27,8.1,674,2026-09-17,False,4,4.68,0.452,0.335,-25.8,-3.2,0.384,0.305,-20.6,-3.1,decline,ADN,54.60667491799918,24.59726358138581,638.0,878.0,1122.0
ADN28,6.3,693,2026-09-17,False,5,4.69,0.56,0.522,-6.8,-0.9,0.338,0.298,-11.7,-1.4,stable,ADN,54.57776318565401,24.608586366033755,496.0,683.0,872.0
ADN29,5.9,637,2026-09-17,False,5,4.69,0.327,0.271,-17.3,-1.4,0.338,0.241,-28.6,-2.2,stable,ADN,54.55129564168086,24.612078009653604,465.0,640.0,817.0
ADN3,59.7,659,2026-09-17,False,7,4.7,0.229,0.252,10.3,1.4,0.271,0.278,2.6,0.3,stable,ADN,54.58563853085593,24.61117711471934,4700.0,6471.0,8267.0
ADN30,4.9,690,2026-09-17,False,4,4.69,0.511,0.509,-0.5,-0.1,0.419,0.394,-5.9,-0.8,stable,ADN,54.58305781786942,24.639137886597936,386.0,531.0,679.0
ADN31,4.7,646,2026-09-17,False,7,4.69,0.363,0.373,2.7,0.3,0.315,0.307,-2.5,-0.3,stable,ADN,54.55104607117688,24.62101365398168,370.0,509.0,651.0
ADN32,4.7,622,2026-09-17,False,3,4.69,0.48,0.499,4.0,0.4,0.382,0.368,-3.8,-0.4,stable,ADN,54.54963499286224,24.609616791577444,370.0,509.0,651.0
ADN33,4.1,660,2026-09-17,False,6,4.69,0.245,0.271,10.8,1.4,0.325,0.326,0.5,0.1,stable,ADN,54.57508937346437,24.60606296068796,323.0,444.0,568.0
ADN34,3.9,706,2026-09-17,False,6,4.69,0.603,0.553,-8.2,-1.3,0.4,0.35,-12.4,-1.8,stable,ADN,54.574942266495285,24.6130455227078,307.0,423.0,540.0
ADN35,3.8,641,2026-09-17,False,2,4.68,0.249,0.257,3.1,0.3,0.15,0.146,-2.7,-0.2,stable,ADN,54.61761522222222,24.61270122222222,299.0,412.0,526.0
ADN36,3.2,638,2026-09-17,False,4,4.69,0.324,0.267,-17.5,-1.1,0.296,0.188,-36.6,-2.5,stable,ADN,54.54545599688473,24.620178738317755,252.0,347.0,443.0
ADN4,48.5,660,2026-09-17,False,8,4.7,0.169,0.196,15.9,1.9,0.208,0.226,8.6,1.4,stable,ADN,54.585431947882284,24.62084899271177,3819.0,5257.0,6716.0
ADN5,47.5,643,2026-09-17,False,3,4.68,0.19,0.22,15.5,1.4,0.19,0.236,23.8,1.8,stable,ADN,54.61122714035088,24.630980561403508,3740.0,5149.0,6578.0
ADN6,47.1,670,2026-09-17,False,4,4.69,0.437,0.327,-25.1,-3.8,0.36,0.278,-22.9,-3.0,stable,ADN,54.612037016408514,24.60152865301648,3708.0,5105.0,6522.0
ADN7,45.2,670,2026-09-17,False,5,4.69,0.407,0.442,8.5,1.2,0.406,0.401,-1.2,-0.2,stable,ADN,54.5757934922918,24.62648239839197,3559.0,4899.0,6259.0
ADN8,43.0,645,2026-09-17,False,4,4.7,0.27,0.25,-7.5,-0.7,0.344,0.298,-13.4,-1.5,stable,ADN,54.5968533678054,24.614587274382213,3386.0,4661.0,5954.0
ADN9,41.1,677,2026-09-17,False,6,4.69,0.434,0.453,4.6,0.6,0.393,0.373,-5.0,-0.7,stable,ADN,54.57830936865611,24.64706014007308,3236.0,4455.0,5691.0
ADW1,197.9,701,2026-09-17,False,3,4.7,0.564,0.538,-4.6,-0.6,0.369,0.339,-8.0,-0.9,stable,ADW,54.42849289767943,24.45598463760062,15582.0,21451.0,27404.0
ADW10,20.3,695,2026-09-17,False,2,4.7,0.666,0.631,-5.2,-0.7,0.39,0.334,-14.2,-1.5,stable,ADW,54.419253743007566,24.447338680487004,1598.0,2200.0,2811.0
ADW11,15.5,657,2026-09-17,False,7,4.69,0.543,0.524,-3.5,-0.3,0.342,0.294,-14.0,-1.2,stable,ADW,54.507820034320034,24.45612601887602,1220.0,1680.0,2146.0
ADW12,10.5,683,2026-09-17,False,3,4.7,0.613,0.621,1.3,0.1,0.351,0.342,-2.5,-0.2,stable,ADW,54.40238862484157,24.423577867553867,827.0,1138.0,1454.0
ADW13,6.8,667,2026-09-17,False,4,4.7,0.57,0.56,-1.8,-0.2,0.353,0.328,-7.0,-0.7,stable,ADW,54.40132914201183,24.420986316568047,535.0,737.0,942.0
ADW14,5.5,647,2026-09-17,False,3,4.7,0.401,0.376,-6.2,-0.8,0.28,0.228,-18.5,-2.0,stable,ADW,54.44660960144928,24.470943538647344,433.0,596.0,762.0
ADW15,4.6,674,2026-09-17,False,2,4.7,0.345,0.318,-7.9,-1.0,0.234,0.209,-10.7,-1.1,stable,ADW,54.40953807471264,24.462182291666668,362.0,499.0,637.0
ADW16,4.5,624,2026-09-17,False,3,4.7,0.435,0.441,1.3,0.1,0.334,0.295,-11.7,-1.0,stable,ADW,54.46636197916667,24.45140513392857,354.0,488.0,623.0
ADW17,4.3,678,2026-09-17,False,5,4.7,0.545,0.566,3.9,0.4,0.293,0.296,0.8,0.1,stable,ADW,54.411367266047954,24.420346191028617,339.0,466.0,595.0
ADW18,4.2,653,2026-09-17,False,3,4.7,0.538,0.529,-1.6,-0.2,0.364,0.341,-6.1,-0.7,stable,ADW,54.45243808962264,24.455885220125783,331.0,455.0,582.0
ADW19,3.9,655,2026-09-17,False,2,4.7,0.667,0.644,-3.4,-0.5,0.412,0.371,-10.0,-1.0,stable,ADW,54.44403214285715,24.44758474025974,307.0,423.0,540.0
ADW2,92.2,648,2026-09-17,False,5,4.7,0.402,0.401,-0.4,-0.0,0.353,0.334,-5.3,-0.7,stable,ADW,54.439496972818624,24.47502513012362,7259.0,9994.0,12767.0
ADW20,3.6,675,2026-09-17,False,3,4.7,0.435,0.395,-9.3,-1.2,0.289,0.253,-12.4,-1.2,stable,ADW,54.41189061065197,24.462360307621672,283.0,390.0,499.0
ADW21,3.0,651,2026-09-17,False,2,4.7,0.588,0.53,-9.9,-1.2,0.362,0.285,-21.3,-2.0,stable,ADW,54.45792594130676,24.4427050110742,236.0,325.0,415.0
ADW3,75.5,696,2026-09-17,False,4,4.7,0.561,0.542,-3.4,-0.5,0.37,0.339,-8.5,-1.0,stable,ADW,54.43831830465476,24.455943541804544,5944.0,8184.0,10455.0
ADW4,46.9,679,2026-09-17,False,2,4.7,0.383,0.371,-3.0,-0.4,0.198,0.203,2.7,0.2,stable,ADW,54.41947622982868,24.45226586159096,3693.0,5084.0,6494.0
ADW5,39.0,671,2026-09-17,False,5,4.7,0.513,0.501,-2.5,-0.3,0.336,0.301,-10.4,-1.0,stable,ADW,54.43818188034188,24.483295213675213,3071.0,4227.0,5400.0
ADW6,38.6,688,2026-09-17,False,3,4.7,0.564,0.553,-2.0,-0.3,0.353,0.314,-10.9,-1.2,stable,ADW,54.40902217829056,24.45413286448881,3039.0,4184.0,5345.0
ADW7,25.1,687,2026-09-17,False,3,4.7,0.466,0.438,-5.9,-0.9,0.322,0.276,-14.3,-1.7,stable,ADW,54.41299677954847,24.455250996015938,1976.0,2721.0,3476.0
ADW8,22.1,642,2026-09-17,False,5,4.7,0.516,0.492,-4.6,-0.5,0.314,0.269,-14.1,-1.0,stable,ADW,54.460125866094295,24.463199408796505,1740.0,2395.0,3060.0
ADW9,21.5,675,2026-09-17,False,2,4.7,0.554,0.563,1.7,0.2,0.321,0.311,-3.1,-0.3,stable,ADW,54.46044812053433,24.439754388008694,1693.0,2330.0,2977.0
TRT1,192.0,712,2026-09-18,False,6,4.7,0.313,0.303,-3.3,-0.3,0.257,0.248,-3.5,-0.3,stable,TRT,50.01182496006528,26.724021069903117,,,
TRT2,77.8,723,2026-09-18,False,3,4.7,0.561,0.482,-14.0,-1.7,0.341,0.271,-20.7,-1.7,stable,TRT,50.00219527131284,26.65906755496978,,,
TRT3,35.6,663,2026-09-18,False,4,4.7,0.239,0.221,-7.5,-0.6,0.221,0.2,-9.6,-0.6,stable,TRT,49.995082315932265,26.73487254420432,,,
TRT4,20.5,677,2026-09-18,False,7,4.7,0.55,0.544,-1.1,-0.1,0.373,0.356,-4.4,-0.3,stable,TRT,50.0158184131249,26.65614344162189,,,
TRT5,12.6,726,2026-09-18,False,4,4.7,0.675,0.584,-13.5,-1.8,0.341,0.253,-25.6,-2.1,stable,TRT,49.99066170634921,26.660161177248675,,,
TRT6,10.5,680,2026-09-18,False,5,4.7,0.24,0.255,6.3,0.5,0.161,0.165,2.6,0.1,stable,TRT,50.00680015065017,26.737580915001583,,,
TRT7,5.7,678,2026-09-18,False,5,4.7,0.269,0.277,3.0,0.2,0.239,0.256,7.0,0.5,stable,TRT,50.00280945032334,26.737151308054084,,,
TRT8,3.8,691,2026-09-18,False,4,4.7,0.139,0.166,19.7,1.3,0.156,0.176,12.5,0.7,stable,TRT,50.00950710848644,26.735096128608923,,,
TRT9,3.4,721,2026-09-18,False,2,4.7,0.591,0.439,-25.7,-3.2,0.271,0.118,-56.4,-3.8,decline,TRT,49.98688266567755,26.66044646389713,,,
