stand,start,end,days,min_z_comp
ADN1,2022-05-18,2022-05-28,10,-1.68
ADN1,2022-07-22,2022-07-22,0,-1.43
ADN1,2024-12-03,2025-12-30,392,-2.75
ADN10,2022-02-02,2022-02-05,3,-1.34
ADN10,2023-01-08,2023-01-11,3,-1.64
ADN10,2023-11-24,2023-12-17,23,-2.37
ADN10,2024-04-07,2024-04-07,0,-1.48
ADN10,2024-05-20,2024-05-22,2,-1.92
ADN10,2024-11-16,2024-11-21,5,-1.81
ADN10,2025-11-06,2025-11-26,20,-1.98
ADN11,2022-06-20,2022-08-04,45,-2.85
ADN11,2024-10-27,2024-11-13,17,-1.53
ADN11,2025-01-30,2025-09-02,215,-2.67
ADN11,2025-11-11,2025-12-23,42,-1.99
ADN12,2022-05-06,2022-07-22,77,-2.02
ADN12,2024-03-28,2024-04-07,10,-1.51
ADN12,2024-10-27,2024-11-23,27,-1.32
ADN12,2025-01-30,2025-09-04,217,-3.18
ADN12,2025-10-27,2025-12-08,42,-2.27
ADN13,2022-01-26,2022-03-02,35,-2.79
ADN13,2022-04-28,2022-07-25,88,-2.63
ADN13,2024-02-22,2024-07-01,130,-3.6
ADN13,2024-11-03,2024-11-06,3,-1.56
ADN13,2024-12-26,2025-01-07,12,-2.36
ADN13,2025-12-06,2026-01-07,32,-8.76
ADN14,2022-03-19,2022-04-01,13,-1.85
ADN14,2022-05-08,2022-08-09,93,-2.3
ADN14,2023-09-28,2023-10-03,5,-1.63
ADN14,2024-11-01,2025-07-09,250,-2.97
ADN15,2022-04-28,2022-08-29,123,-3.26
ADN15,2024-10-27,2024-11-03,7,-1.4
ADN15,2024-12-06,2025-12-30,389,-3.62
ADN16,2022-03-17,2022-03-17,0,-2.92
ADN16,2022-05-18,2022-06-20,33,-1.75
ADN16,2024-12-16,2025-02-04,50,-4.15
ADN16,2025-03-16,2025-09-01,169,-2.4
ADN16,2025-11-06,2026-01-02,57,-2.93
ADN16,2026-04-07,2026-04-07,0,-1.74
ADN17,2022-02-02,2022-08-29,208,-3.5
ADN17,2023-09-23,2023-11-04,42,-2.0
ADN17,2023-12-17,2024-01-13,27,-2.05
ADN17,2024-11-23,2025-07-21,240,-3.46
ADN17,2025-11-08,2025-12-23,45,-1.89
ADN18,2024-12-28,2025-01-12,15,-3.03
ADN18,2025-07-19,2025-07-29,10,-1.65
ADN18,2025-11-08,2025-11-16,8,-1.49
ADN19,2024-10-22,2025-09-17,330,-2.96
ADN19,2025-11-11,2025-12-23,42,-1.98
ADN2,2022-02-02,2022-02-15,13,-2.3
ADN2,2022-05-28,2022-05-31,3,-1.84
ADN2,2024-01-11,2024-01-11,0,-1.5
ADN2,2024-04-07,2024-06-16,70,-2.54
ADN2,2025-11-21,2025-11-23,2,-2.04
ADN20,2022-03-19,2022-03-22,3,-1.71
ADN20,2022-04-28,2022-04-28,0,-1.69
ADN20,2022-06-15,2022-07-25,40,-1.66
ADN20,2024-10-07,2025-06-16,252,-3.81
ADN20,2025-07-19,2025-07-26,7,-1.78
ADN20,2025-11-16,2025-11-26,10,-1.81
ADN21,2022-01-26,2022-03-17,50,-3.48
ADN21,2022-04-28,2022-07-25,88,-3.19
ADN21,2024-03-21,2024-06-24,95,-3.16
ADN21,2024-11-03,2024-11-06,3,-1.58
ADN21,2024-12-26,2025-01-12,17,-2.17
ADN21,2025-05-20,2025-05-20,0,-1.56
ADN21,2026-04-07,2026-04-07,0,-1.34
ADN21,2026-05-27,2026-06-06,10,-1.93
ADN22,2022-03-17,2022-03-17,0,-2.59
ADN22,2024-01-08,2024-01-08,0,-2.35
ADN22,2024-04-05,2024-04-05,0,-1.62
ADN22,2024-05-20,2024-05-27,7,-1.69
ADN22,2024-12-26,2025-01-05,10,-4.28
ADN22,2025-02-21,2025-04-22,60,-2.01
ADN22,2025-06-11,2025-08-28,78,-2.08
ADN22,2025-12-03,2025-12-13,10,-3.33
ADN23,2024-03-28,2024-04-07,10,-1.45
ADN23,2024-11-16,2025-08-28,285,-3.88
ADN23,2025-11-03,2025-12-13,40,-1.81
ADN24,2022-02-02,2022-02-02,0,-1.45
ADN24,2022-03-17,2022-03-17,0,-4.14
ADN24,2024-05-20,2024-05-20,0,-1.39
ADN24,2024-09-29,2025-04-20,203,-5.15
ADN25,2023-09-23,2023-09-25,2,-1.47
ADN25,2024-05-20,2024-05-22,2,-1.36
ADN25,2024-11-01,2024-11-21,20,-1.44
ADN25,2024-12-26,2024-12-28,2,-1.86
ADN25,2025-03-16,2025-03-16,0,-1.66
ADN25,2025-06-09,2025-07-29,50,-1.98
ADN25,2025-11-08,2025-11-13,5,-1.42
ADN26,2022-06-02,2022-08-31,90,-2.4
ADN26,2023-09-30,2023-10-03,3,-1.4
ADN26,2024-10-09,2025-07-26,290,-2.92
ADN26,2025-11-21,2025-12-01,10,-1.39
ADN27,2023-09-28,2023-11-02,35,-2.09
ADN27,2024-03-28,2024-04-07,10,-1.84
ADN27,2024-10-12,2025-07-24,285,-3.98
ADN27,2025-11-06,2025-12-28,52,-1.71
ADN28,2022-03-22,2022-03-29,7,-1.63
ADN28,2022-06-02,2022-08-31,90,-3.52
ADN28,2023-09-10,2023-11-02,53,-2.4
ADN28,2024-11-21,2025-07-26,247,-3.6
ADN28,2025-11-11,2025-11-26,15,-1.66
ADN29,2022-01-31,2022-03-29,57,-3.05
ADN29,2022-05-11,2022-06-20,40,-2.1
ADN29,2022-07-25,2022-08-06,12,-1.54
ADN29,2024-06-11,2025-04-20,313,-6.8
ADN29,2026-02-14,2026-02-14,0,-1.47
ADN3,2022-03-17,2022-03-17,0,-1.74
ADN3,2024-05-20,2024-06-21,32,-1.61
ADN3,2025-02-11,2025-02-11,0,-2.07
ADN3,2025-04-22,2025-04-30,8,-1.46
ADN3,2025-07-19,2025-07-29,10,-1.87
ADN3,2025-11-08,2025-11-16,8,-1.78
ADN3,2026-04-07,2026-04-07,0,-1.86
ADN30,2022-05-18,2022-05-28,10,-1.5
ADN30,2022-07-05,2022-07-15,10,-2.87
ADN30,2025-02-04,2025-09-02,210,-3.1
ADN30,2025-11-11,2025-12-30,49,-2.31
ADN31,2022-05-18,2022-05-18,0,-1.63
ADN31,2023-08-19,2023-08-24,5,-1.52
ADN31,2023-09-28,2023-10-08,10,-1.85
ADN31,2024-10-14,2025-01-30,108,-3.55
ADN31,2025-03-31,2025-04-05,5,-1.37
ADN31,2025-05-25,2025-05-25,0,-1.52
ADN31,2025-07-19,2025-07-21,2,-1.43
ADN32,2023-09-28,2023-09-28,0,-1.89
ADN32,2024-10-04,2025-09-04,335,-2.58
ADN32,2025-12-01,2025-12-01,0,-1.79
ADN33,2022-03-17,2022-03-17,0,-1.4
ADN33,2022-07-15,2022-07-25,10,-1.46
ADN33,2024-12-28,2024-12-28,0,-1.35
ADN33,2025-06-11,2025-06-13,2,-1.49
ADN33,2025-07-19,2025-08-23,35,-2.2
ADN33,2025-11-06,2025-12-10,34,-2.13
ADN34,2022-03-19,2022-03-29,10,-2.21
ADN34,2022-06-02,2022-08-26,85,-3.22
ADN34,2023-09-30,2023-10-03,3,-1.33
ADN34,2024-03-08,2024-04-07,30,-1.4
ADN34,2024-11-26,2025-09-04,282,-3.67
ADN34,2025-11-08,2025-12-30,52,-2.13
ADN35,2024-12-16,2025-01-05,20,-2.55
ADN35,2025-07-21,2025-07-26,5,-1.47
ADN36,2022-03-17,2022-03-17,0,-2.03
ADN36,2022-05-06,2022-05-08,2,-1.51
ADN36,2023-09-23,2023-09-30,7,-1.36
ADN36,2024-08-20,2025-04-20,243,-8.89
ADN4,2022-05-18,2022-08-29,103,-4.32
ADN4,2023-11-24,2023-12-02,8,-1.5
ADN4,2024-02-27,2024-07-16,140,-3.17
ADN4,2024-10-09,2024-11-13,35,-1.75
ADN4,2024-12-26,2024-12-28,2,-1.83
ADN4,2025-03-01,2025-03-06,5,-1.46
ADN4,2025-07-21,2025-07-26,5,-1.3
ADN4,2026-05-27,2026-06-06,10,-1.38
ADN5,2024-01-08,2024-01-08,0,-1.56
ADN5,2024-04-07,2024-05-22,45,-2.48
ADN5,2024-12-16,2025-01-12,27,-2.0
ADN6,2022-03-17,2022-03-17,0,-1.49
ADN6,2022-05-18,2022-08-04,78,-2.24
ADN6,2024-03-11,2024-03-13,2,-1.36
ADN6,2024-11-16,2025-08-28,285,-3.03
ADN7,2022-03-17,2022-03-17,0,-1.89
ADN7,2022-06-15,2022-07-22,37,-2.25
ADN7,2024-10-14,2024-11-06,23,-1.72
ADN7,2024-12-21,2025-09-02,255,-2.58
ADN7,2025-11-08,2025-11-16,8,-1.64
ADN8,2024-10-17,2025-02-04,110,-3.0
ADN8,2025-03-31,2025-04-05,5,-1.31
ADN8,2025-05-17,2025-08-23,98,-1.88
ADN8,2026-02-14,2026-02-16,2,-1.41
ADN9,2022-05-18,2022-06-20,33,-1.57
ADN9,2024-02-27,2024-04-07,40,-2.77
ADN9,2024-10-17,2024-11-16,30,-1.69
ADN9,2024-12-26,2024-12-26,0,-1.49
ADN9,2025-01-30,2025-08-23,205,-2.39
ADN9,2025-11-01,2025-12-10,39,-2.44
ADW1,2022-03-17,2022-03-29,12,-1.74
ADW1,2022-05-08,2022-08-06,90,-3.23
ADW1,2024-12-03,2025-12-28,390,-4.79
ADW10,2022-06-20,2022-08-04,45,-3.11
ADW10,2024-12-28,2025-12-28,365,-5.11
ADW11,2022-03-27,2022-03-29,2,-1.39
ADW11,2022-07-05,2022-08-01,27,-1.91
ADW11,2023-09-28,2023-10-08,10,-1.46
ADW11,2024-03-16,2024-03-28,12,-2.29
ADW11,2024-05-07,2024-05-10,3,-1.38
ADW11,2024-11-23,2025-08-23,273,-4.73
ADW11,2025-11-11,2025-11-16,5,-1.46
ADW12,2022-06-25,2022-08-01,37,-2.32
ADW12,2023-09-23,2023-11-02,40,-1.91
ADW12,2024-12-08,2026-01-05,393,-3.71
ADW13,2023-09-30,2023-09-30,0,-1.49
ADW13,2024-12-26,2025-09-29,277,-6.29
ADW13,2025-11-08,2025-11-08,0,-1.55
ADW13,2025-12-10,2026-01-05,26,-2.59
ADW14,2022-03-07,2022-08-06,152,-3.16
ADW14,2024-11-16,2025-09-29,317,-3.65
ADW14,2025-11-08,2026-01-05,58,-1.68
ADW15,2022-01-31,2022-01-31,0,-2.22
ADW15,2024-10-29,2025-07-26,270,-4.65
ADW16,2023-09-30,2023-09-30,0,-1.42
ADW16,2024-10-22,2025-08-23,305,-3.26
ADW16,2025-11-28,2025-11-28,0,-1.31
ADW17,2022-06-25,2022-08-04,40,-2.92
ADW17,2023-07-07,2023-07-15,8,-1.4
ADW17,2023-08-16,2023-11-02,78,-3.22
ADW17,2024-12-28,2025-10-04,280,-2.7
ADW17,2025-11-06,2025-12-28,52,-1.99
ADW18,2023-12-27,2024-01-08,12,-1.59
ADW18,2024-12-08,2025-09-12,278,-5.43
ADW18,2025-11-06,2025-12-10,34,-2.36
ADW19,2022-06-25,2022-08-06,42,-2.37
ADW19,2024-12-26,2025-12-28,367,-4.91
ADW2,2022-03-19,2022-03-29,10,-2.15
ADW2,2022-05-06,2022-07-22,77,-3.18
ADW2,2023-09-28,2023-10-03,5,-1.35
ADW2,2024-11-13,2025-09-12,303,-5.05
ADW2,2025-11-16,2026-01-02,47,-2.17
ADW20,2022-07-15,2022-08-01,17,-1.85
ADW20,2024-10-22,2025-08-23,305,-4.55
ADW20,2025-12-01,2025-12-23,22,-2.12
ADW21,2022-06-25,2022-07-25,30,-2.3
ADW21,2024-12-13,2025-12-28,380,-4.77
ADW3,2022-06-02,2022-06-02,0,-1.41
ADW3,2022-07-15,2022-08-06,22,-1.91
ADW3,2023-09-25,2023-10-03,8,-1.41
ADW3,2024-12-13,2025-12-28,380,-4.48
ADW4,2022-07-12,2022-08-01,20,-1.88
ADW4,2025-01-10,2025-09-24,257,-3.0
ADW5,2022-03-19,2022-04-03,15,-1.81
ADW5,2022-05-06,2022-08-09,95,-3.57
ADW5,2023-09-30,2023-09-30,0,-1.33
ADW5,2024-11-08,2025-09-12,308,-4.88
ADW5,2025-11-08,2025-12-23,45,-1.8
ADW6,2022-03-19,2022-08-06,140,-3.82
ADW6,2024-11-23,2025-09-21,302,-5.44
ADW6,2025-11-08,2026-01-02,55,-1.98
ADW7,2022-05-08,2022-08-04,88,-2.85
ADW7,2024-10-29,2025-09-19,325,-5.7
ADW7,2025-11-08,2026-01-02,55,-1.93
ADW8,2022-03-29,2022-03-29,0,-1.72
ADW8,2022-06-02,2022-08-06,65,-2.89
ADW8,2023-09-23,2023-10-08,15,-2.05
ADW8,2024-10-24,2025-08-23,303,-4.33
ADW8,2025-11-28,2025-12-30,32,-1.61
ADW9,2022-06-25,2022-08-01,37,-1.74
ADW9,2024-11-18,2025-12-28,405,-5.33
TRT1,2022-05-02,2022-05-12,10,-2.37
TRT1,2024-08-09,2024-08-11,2,-1.67
TRT1,2025-01-23,2025-01-23,0,-2.77
TRT1,2025-04-28,2025-07-22,85,-2.42
TRT1,2025-09-28,2025-12-19,82,-2.01
TRT1,2026-05-21,2026-05-25,4,-1.52
TRT2,2022-02-11,2022-08-05,175,-5.06
TRT2,2025-01-18,2025-01-21,3,-1.36
TRT2,2025-04-08,2025-07-20,103,-2.26
TRT3,2022-04-27,2022-05-29,32,-1.87
TRT3,2023-08-20,2023-10-31,72,-1.87
TRT3,2025-01-21,2025-02-10,20,-1.68
TRT3,2025-04-11,2025-07-19,99,-2.33
TRT4,2022-04-07,2022-05-29,52,-1.87
TRT4,2022-07-18,2022-08-02,15,-1.58
TRT4,2025-01-03,2025-01-03,0,-1.36
TRT4,2025-02-10,2025-02-10,0,-1.44
TRT4,2025-04-08,2025-08-08,122,-3.89
TRT4,2025-09-18,2025-10-15,27,-1.5
TRT4,2025-11-17,2025-11-29,12,-1.41
TRT5,2022-03-23,2022-03-25,2,-1.45
TRT5,2022-05-02,2022-08-05,95,-4.21
TRT5,2023-08-27,2023-11-05,70,-1.97
TRT5,2025-04-18,2025-07-20,93,-2.78
TRT6,2023-08-27,2023-09-01,5,-1.46
TRT6,2023-12-05,2024-02-18,75,-1.95
TRT6,2025-03-02,2025-03-09,7,-1.31
TRT6,2025-04-10,2025-08-11,123,-1.96
TRT6,2025-10-03,2025-10-08,5,-1.45
TRT7,2022-05-12,2022-08-02,82,-2.42
TRT7,2024-08-09,2024-08-09,0,-1.37
TRT7,2024-11-02,2025-02-22,112,-2.0
TRT7,2025-04-10,2025-08-01,113,-2.87
TRT7,2025-11-24,2025-12-19,25,-1.65
TRT8,2023-08-10,2023-08-15,5,-1.44
TRT8,2024-02-03,2024-02-16,13,-1.48
TRT8,2025-05-20,2025-05-23,3,-1.37
TRT8,2025-07-15,2025-07-17,2,-3.47
TRT9,2022-03-13,2022-08-25,165,-3.82
TRT9,2023-08-27,2023-11-10,75,-2.76
