stand,ndvi_base,ndvi_now,ndvi_change_pct,ndmi_base,ndmi_now,ndmi_change_pct,condition,area_ha
1,0.249,0.199,-19.9,0.335,0.239,-28.8,stable,205.4
2,0.405,0.374,-7.7,0.381,0.349,-8.4,stable,195.4
3,0.211,0.247,17.0,0.382,0.38,-0.4,stable,190.3
4,0.261,0.265,1.2,0.338,0.3,-11.3,stable,178.9
5,0.274,-0.03,-111.0,0.382,-0.015,-104.0,severe decline,176.5
6,0.205,0.217,5.5,0.294,0.26,-11.6,stable,165.0
7,0.281,0.283,0.8,0.365,0.358,-1.9,stable,126.0
8,0.362,0.362,-0.1,0.379,0.341,-10.1,stable,119.6
9,0.402,0.36,-10.4,0.389,0.331,-14.8,stable,99.2
10,0.265,0.279,5.3,0.301,0.309,2.7,stable,79.6
11,0.173,0.185,6.8,0.324,0.317,-2.1,stable,79.2
12,0.358,0.273,-23.8,0.396,0.301,-24.1,stable,75.9
13,0.306,0.319,4.0,0.319,0.302,-5.4,stable,68.0
14,0.238,0.256,7.9,0.417,0.408,-2.2,stable,59.4
15,0.278,0.277,-0.2,0.343,0.327,-4.6,stable,59.4
16,0.206,0.251,22.0,0.251,0.259,3.2,stable,55.6
17,0.279,0.298,6.6,0.379,0.37,-2.3,stable,52.8
18,0.27,0.249,-8.0,0.39,0.328,-15.8,stable,50.6
19,0.206,0.275,33.3,0.263,0.287,9.2,stable,48.5
20,0.199,0.242,21.2,0.187,0.17,-9.2,stable,46.9
21,0.247,0.262,6.3,0.361,0.323,-10.6,stable,31.2
22,0.552,0.503,-8.8,0.39,0.356,-8.7,stable,30.9
23,0.317,0.328,3.3,0.31,0.305,-1.7,stable,30.8
24,0.218,0.26,19.1,0.169,0.19,12.4,stable,28.6
25,0.577,0.517,-10.5,0.341,0.259,-24.2,stable,27.3
