cell,ndvi_base,ndvi_now,ndvi_change_pct,ndmi_base,ndmi_now,ndmi_change_pct,condition,stand,n_px,row,col,area_ha
366,0.457,0.445,-2.6,0.523,0.456,-12.9,stable,9,137,133.96350364963504,533.5985401459855,1.37
367,0.587,0.543,-7.5,0.491,0.421,-14.3,stable,9,113,135.28318584070797,545.4955752212389,1.1300000000000001
368,0.516,0.492,-4.7,0.448,0.415,-7.4,stable,9,193,147.5336787564767,533.8445595854922,1.93
369,0.595,0.566,-4.9,0.461,0.411,-10.9,stable,9,384,149.79947916666666,549.1380208333334,3.84
370,0.519,0.517,-0.4,0.415,0.401,-3.2,stable,9,305,168.45245901639345,551.6098360655737,3.0500000000000003
371,0.488,0.47,-3.8,0.388,0.359,-7.5,stable,9,183,169.4153005464481,566.3715846994536,1.83
372,0.48,0.489,1.9,0.399,0.378,-5.2,stable,9,74,184.0810810810811,555.527027027027,0.74
373,0.371,0.381,2.5,0.305,0.304,-0.1,stable,9,247,189.46153846153845,573.2307692307693,2.47
374,0.265,0.272,2.8,0.305,0.311,1.9,stable,9,125,190.328,582.712,1.25
375,0.457,0.459,0.4,0.367,0.358,-2.3,stable,9,242,208.96694214876032,573.3760330578513,2.42
376,0.399,0.41,3.0,0.381,0.362,-5.1,stable,9,146,212.3287671232877,586.2191780821918,1.46
377,0.473,0.479,1.4,0.341,0.322,-5.5,stable,9,95,225.5157894736842,575.9473684210526,0.9500000000000001
378,0.492,0.497,0.9,0.382,0.364,-4.7,stable,9,395,229.38481012658227,589.6101265822784,3.95
379,0.424,0.423,-0.2,0.41,0.38,-7.5,stable,9,234,231.5042735042735,606.1111111111111,2.34
380,0.552,0.515,-6.7,0.417,0.371,-11.0,stable,9,235,247.23829787234044,592.5914893617021,2.35
381,0.419,0.419,0.1,0.415,0.387,-6.9,stable,9,400,249.5,609.5,4.0
382,0.362,0.384,6.1,0.389,0.381,-2.1,stable,9,287,251.50174216027875,627.595818815331,2.87
383,0.377,0.376,-0.3,0.362,0.321,-11.3,stable,9,179,265.5586592178771,612.8491620111732,1.79
384,0.297,0.31,4.5,0.366,0.353,-3.6,stable,9,400,269.5,629.5,4.0
385,0.288,0.231,-19.7,0.403,0.282,-29.9,stable,9,176,273.82954545454544,646.4772727272727,1.76
386,0.312,-0.062,-119.9,0.343,-0.08,-123.2,severe decline,9,315,270.7079365079365,671.0730158730158,3.15
387,0.216,-0.005,-102.1,0.329,0.128,-61.2,severe decline,9,239,287.4225941422594,632.6820083682009,2.39
388,0.234,-0.096,-140.9,0.41,0.033,-92.0,severe decline,9,390,289.5615384615385,649.276923076923,3.9
389,0.144,-0.144,-199.8,0.306,-0.164,-153.7,severe decline,9,327,289.0061162079511,667.8532110091743,3.27
390,0.188,-0.075,-139.9,0.33,-0.031,-109.3,severe decline,9,318,308.437106918239,651.2672955974842,3.18
391,0.362,-0.076,-121.0,0.377,-0.049,-113.0,severe decline,9,265,309.1094339622642,666.166037735849,2.65
392,0.187,0.013,-93.2,0.205,-0.007,-103.2,severe decline,9,259,329.64092664092664,668.3629343629343,2.59
393,0.336,0.071,-78.9,0.211,0.004,-98.0,severe decline,9,68,344.8235294117647,673.1617647058823,0.68
437,0.515,0.465,-9.5,0.413,0.363,-12.1,stable,12,304,111.15789473684212,729.0427631578947,3.04
438,0.318,0.3,-5.6,0.391,0.369,-5.7,stable,12,264,127.73863636363636,732.2386363636364,2.64
439,0.43,0.384,-10.8,0.401,0.362,-9.8,stable,12,379,129.46437994722956,749.1055408970976,3.79
440,0.339,0.267,-21.4,0.367,0.257,-30.1,stable,12,275,131.6690909090909,768.8472727272728,2.75
441,0.49,0.449,-8.4,0.377,0.332,-11.9,stable,12,357,130.49579831932772,789.8235294117648,3.5700000000000003
442,0.534,0.493,-7.6,0.405,0.353,-12.8,stable,12,258,132.39922480620154,807.7403100775193,2.58
443,0.342,0.299,-12.5,0.384,0.337,-12.1,stable,12,188,148.35638297872342,753.4255319148937,1.8800000000000001
444,0.291,0.235,-19.0,0.389,0.31,-20.3,stable,12,400,149.5,769.5,4.0
445,0.403,0.324,-19.6,0.398,0.325,-18.4,stable,12,372,149.18548387096774,788.9381720430108,3.72
446,0.557,0.475,-14.7,0.377,0.285,-24.4,stable,12,302,147.33112582781456,810.115894039735,3.02
447,0.565,0.515,-8.9,0.409,0.346,-15.4,stable,12,175,149.49142857142857,825.56,1.75
448,0.318,0.186,-41.6,0.354,0.238,-32.6,stable,12,247,168.2914979757085,751.5951417004048,2.47
449,0.256,0.259,0.8,0.385,0.351,-8.8,stable,12,313,167.77316293929712,770.4504792332268,3.13
450,0.209,-0.093,-144.6,0.454,0.003,-99.3,severe decline,12,400,169.5,789.5,4.0
451,0.287,-0.079,-127.5,0.374,-0.022,-105.9,severe decline,12,344,170.61627906976744,808.5348837209302,3.44
452,0.24,-0.006,-102.4,0.246,-0.005,-102.1,severe decline,12,73,187.13698630136983,748.6986301369863,0.73
453,0.241,0.26,7.7,0.077,0.124,60.7,stable,12,90,183.0888888888889,773.7333333333333,0.9
454,0.201,-0.058,-129.1,0.361,-0.047,-113.1,severe decline,12,104,183.29807692307693,792.6826923076923,1.04
455,0.245,-0.003,-101.3,0.242,0.007,-97.2,severe decline,12,304,187.76315789473685,811.1315789473684,3.04
456,0.197,-0.023,-111.9,0.252,-0.053,-121.1,severe decline,12,99,189.1414141414141,822.070707070707,0.99
539,0.377,0.342,-9.3,0.23,0.203,-11.4,stable,18,118,115.635593220339,650.1949152542373,1.18
540,0.32,0.308,-3.6,0.424,0.396,-6.6,stable,18,93,116.49462365591398,666.505376344086,0.93
541,0.564,0.527,-6.5,0.387,0.348,-10.1,stable,18,186,130.63440860215053,634.6290322580645,1.86
542,0.277,0.285,2.9,0.274,0.28,2.1,stable,18,282,130.6631205673759,650.0886524822695,2.82
543,0.242,0.244,1.0,0.457,0.453,-0.8,stable,18,399,129.52380952380952,669.4761904761905,3.99
544,0.279,0.278,-0.4,0.389,0.377,-3.3,stable,18,82,133.1341463414634,682.4268292682926,0.8200000000000001
545,0.402,0.391,-2.8,0.332,0.334,0.7,stable,18,182,147.71978021978023,634.2362637362637,1.82
546,0.262,0.279,6.5,0.289,0.305,5.7,stable,18,320,147.671875,649.18125,3.2
547,0.246,0.246,-0.2,0.386,0.369,-4.4,stable,18,390,149.27179487179487,669.7025641025641,3.9
548,0.238,0.241,0.9,0.417,0.41,-1.7,stable,18,318,150.7075471698113,687.8270440251572,3.18
549,0.262,0.254,-3.1,0.383,0.351,-8.4,stable,18,227,168.53303964757708,673.647577092511,2.27
550,0.246,0.222,-9.9,0.385,0.291,-24.5,stable,18,400,169.5,689.5,4.0
551,0.206,0.213,3.4,0.419,0.394,-6.1,stable,18,72,170.16666666666666,701.375,0.72
552,0.229,-0.015,-106.7,0.322,-0.013,-104.0,severe decline,18,127,186.81102362204723,675.4094488188977,1.27
553,0.225,-0.024,-110.7,0.326,0.082,-74.8,severe decline,18,313,188.0223642172524,687.9616613418531,3.13
554,0.208,-0.3,-244.0,0.217,-0.156,-171.8,severe decline,18,66,205.03030303030303,686.6515151515151,0.66
