stand,area_ha,condition,stock_kt_C_low,stock_kt_C,stock_kt_C_high,stock_kt_CO2e
1,205.4,stable,16.16,22.27,28.45,81.64
2,195.4,stable,15.38,21.18,27.06,77.66
3,190.3,stable,14.98,20.63,26.36,75.64
4,178.9,stable,14.08,19.39,24.78,71.11
5,176.5,severe decline,13.89,19.13,24.45,70.15
6,165.0,stable,12.99,17.89,22.85,65.58
7,126.0,stable,9.92,13.66,17.45,50.08
8,119.6,stable,9.41,12.96,16.56,47.54
9,99.2,stable,7.81,10.75,13.74,39.43
10,79.6,stable,6.26,8.63,11.02,31.64
11,79.2,stable,6.23,8.59,10.97,31.48
12,75.9,stable,5.97,8.23,10.51,30.17
13,68.0,stable,5.35,7.37,9.42,27.03
14,59.4,stable,4.67,6.44,8.23,23.61
15,59.4,stable,4.67,6.44,8.23,23.61
16,55.6,stable,4.38,6.03,7.7,22.1
17,52.8,stable,4.16,5.72,7.31,20.99
18,50.6,stable,3.98,5.49,7.01,20.11
19,48.5,stable,3.82,5.26,6.72,19.28
20,46.9,stable,3.69,5.08,6.5,18.64
21,31.2,stable,2.46,3.38,4.32,12.4
22,30.9,stable,2.43,3.35,4.28,12.28
23,30.8,stable,2.42,3.34,4.27,12.24
24,28.6,stable,2.25,3.1,3.96,11.37
25,27.3,stable,2.15,2.96,3.78,10.85
